rusher_player_id,season,week,rz_carries
00-0032257,2019,6,1
00-0036973,2022,8,6
00-0036555,2024,7,2
00-0037263,2023,2,4
00-0033873,2025,6,2
00-0030565,2023,7,2
00-0032241,2019,15,3
00-0033897,2022,3,4
00-0034184,2019,16,1
00-0031687,2019,15,2
00-0033553,2023,17,8
00-0033906,2022,8,1
00-0033923,2023,15,4
00-0035860,2023,2,4
00-0036919,2024,11,1
00-0036355,2021,16,1
00-0036875,2025,6,2
00-0035710,2020,6,2
00-0034367,2020,4,2
00-0033925,2023,9,4
00-0036358,2023,10,1
00-0034796,2021,7,1
00-0035973,2023,16,3
00-0040238,2025,16,1
00-0038476,2024,12,1
00-0025394,2019,16,4
00-0034844,2025,7,2
00-0032764,2023,17,2
00-0034816,2020,1,3
00-0029892,2019,15,1
00-0033553,2023,18,3
00-0035719,2023,3,1
00-0039851,2025,19,1
00-0034796,2020,18,3
00-0033948,2019,14,2
00-0029892,2024,6,1
00-0033854,2023,13,1
00-0025394,2021,10,1
00-0034400,2019,7,1
00-0039851,2025,5,2
00-0029567,2021,16,2
00-0034311,2021,10,1
00-0034208,2022,5,1
00-0033280,2019,16,3
00-0040676,2025,12,2
00-0033293,2019,10,4
00-0038611,2025,7,1
00-0036309,2023,8,1
00-0033906,2025,5,1
00-0033873,2020,15,1
00-0033925,2022,14,5
00-0035289,2023,12,1
00-0035719,2022,11,1
00-0031503,2019,3,2
00-0036377,2020,7,1
00-0035140,2020,15,1
00-0036842,2021,16,2
00-0034750,2021,13,4
00-0032144,2021,18,2
00-0034681,2020,14,3
00-0034791,2019,4,4
00-0037840,2024,16,4
00-0036555,2025,3,1
00-0039040,2024,11,5
00-0033118,2019,16,3
00-0032104,2019,5,1
00-0032104,2022,12,1
00-0035250,2022,16,2
00-0036980,2023,4,1
00-0036997,2023,6,1
00-0037614,2023,17,1
00-0034975,2023,20,2
00-0035685,2019,5,2
00-0031806,2019,17,1
00-0036924,2022,6,3
00-0034184,2019,19,1
00-0029239,2021,15,2
00-0036924,2024,18,4
00-0033881,2020,7,1
00-0035700,2019,1,8
00-0032144,2020,15,2
00-0036223,2025,9,2
00-0036158,2020,14,3
00-0032434,2021,17,1
00-0039851,2025,15,2
00-0035664,2021,5,2
00-0034845,2020,13,4
00-0036973,2023,6,4
00-0037525,2025,14,5
00-0036997,2024,9,3
00-0039875,2024,15,1
00-0039032,2025,16,3
00-0036971,2025,19,4
00-0040691,2025,6,3
00-0026498,2023,15,1
00-0036555,2025,15,1
00-0033308,2021,12,1
00-0033280,2019,13,5
00-0037197,2022,3,1
00-0036875,2023,6,2
00-0039139,2025,6,4
00-0038794,2025,13,1
00-0035261,2025,14,1
00-0033948,2019,10,4
00-0034407,2021,8,1
00-0032398,2019,17,1
00-0034857,2022,9,2
00-0035831,2021,4,3
00-0035537,2019,9,1
00-0034796,2022,7,3
00-0036360,2020,6,3
00-0036251,2023,8,4
00-0036919,2022,9,1
00-0031687,2022,6,1
00-0029263,2023,10,3
00-0038120,2024,1,2
00-0035250,2020,18,1
00-0039165,2025,2,2
00-0036893,2022,18,8
00-0038134,2022,18,8
00-0036223,2024,2,1
00-0035664,2021,4,1
00-0034845,2019,4,3
00-0037272,2022,12,1
00-0035831,2022,2,3
00-0038476,2023,8,1
00-0033897,2021,1,3
00-0033873,2024,22,1
00-0023500,2019,9,4
00-0031387,2021,6,1
00-0036355,2021,18,1
00-0036919,2024,17,1
00-0038542,2025,9,2
00-0035710,2019,4,1
00-0035685,2025,4,2
00-0034367,2020,16,3
00-0031687,2020,2,1
00-0037263,2022,8,3
00-0026143,2019,5,1
00-0036829,2022,8,3
00-0034750,2022,3,3
00-0039021,2024,8,1
00-0038611,2025,11,4
00-0033567,2019,11,4
00-0034857,2019,3,3
00-0034414,2021,11,1
00-0035700,2024,19,2
00-0033856,2019,13,4
00-0034681,2021,7,1
00-0039361,2025,1,1
00-0034816,2021,16,2
00-0027966,2019,14,4
00-0029701,2019,9,1
00-0033106,2019,3,1
00-0034184,2020,10,1
00-0036945,2024,3,3
00-0035311,2021,6,2
00-0037746,2024,16,3
00-0036879,2022,18,3
00-0039361,2025,17,2
00-0023682,2021,1,1
00-0033925,2023,10,2
00-0026143,2021,9,3
00-0034184,2023,2,1
00-0035273,2019,12,5
00-0030035,2019,3,1
00-0035685,2023,10,4
00-0035261,2023,14,3
00-0037263,2025,6,3
00-0036554,2025,13,1
00-0034791,2022,4,5
00-0023682,2019,11,1
00-0033293,2020,13,3
00-0035657,2021,12,4
00-0036893,2021,17,2
00-0033118,2019,6,1
00-0033893,2020,15,7
00-0034184,2024,12,1
00-0036096,2020,3,3
00-0033955,2024,9,1
00-0035243,2019,5,1
00-0040734,2025,2,1
00-0036139,2025,6,2
00-0036265,2025,2,1
00-0037263,2025,8,2
00-0031285,2019,5,3
00-0033906,2021,17,3
00-0029701,2020,17,3
00-0037248,2024,15,5
00-0034844,2025,12,2
00-0036493,2022,15,3
00-0036355,2020,7,5
00-0032257,2021,16,1
00-0029239,2023,17,2
00-0035685,2021,16,7
00-0037746,2023,9,3
00-0032764,2025,8,7
00-0034857,2021,16,1
00-0039918,2025,11,1
00-0034855,2019,6,1
00-0036264,2023,7,1
00-0033308,2023,8,1
00-0033950,2020,12,6
00-0034414,2021,10,1
00-0034975,2023,8,1
00-0031280,2024,4,2
00-0035685,2020,4,1
00-0035250,2019,11,3
00-0035250,2021,19,6
00-0034972,2023,10,2
00-0036971,2024,4,1
00-0035577,2019,6,1
00-0038555,2024,8,3
00-0037157,2025,5,2
00-0036945,2024,6,6
00-0035500,2025,3,1
00-0040704,2025,7,1
00-0033897,2019,6,1
00-0035311,2021,5,2
00-0036971,2025,15,3
00-0033045,2020,16,4
00-0033950,2021,12,1
00-0036924,2023,1,1
00-0035527,2022,17,1
00-0034796,2020,16,2
00-0035685,2021,17,9
00-0037746,2023,4,4
00-0039299,2025,21,1
00-0036875,2025,8,2
00-0033923,2021,5,4
00-0036567,2021,1,2
00-0032187,2019,5,4
00-0030513,2020,13,1
00-0032241,2020,11,1
00-0036265,2021,3,1
00-0039040,2023,4,3
00-0037256,2023,15,1
00-0033699,2020,15,3
00-0032058,2019,19,4
00-0035228,2020,15,3
00-0031339,2020,13,1
00-0037005,2021,6,1
00-0038092,2023,1,1
00-0036389,2023,17,4
00-0037563,2025,14,1
00-0033873,2021,21,2
00-0031280,2024,2,1
00-0038622,2024,2,1
00-0031503,2024,13,1
00-0039391,2024,13,1
00-0036906,2023,4,2
00-0035700,2025,11,3
00-0039067,2025,13,1
00-0036555,2023,14,2
00-0040734,2025,12,1
00-0033594,2019,4,3
00-0031045,2019,6,5
00-0027966,2021,10,4
00-0034367,2019,13,2
00-0036275,2024,16,3
00-0023459,2022,17,1
00-0037228,2022,18,1
00-0034869,2022,18,1
00-0037545,2024,2,1
00-0033906,2019,11,4
00-0035685,2020,14,2
00-0034972,2022,18,5
00-0035700,2023,8,3
00-0036945,2025,1,4
00-0027939,2020,11,1
00-0035228,2021,1,1
00-0039139,2024,17,3
00-0037012,2024,18,2
00-0030506,2022,3,1
00-0037258,2023,1,1
00-0034972,2023,1,3
00-0035243,2022,4,7
00-0039384,2024,16,1
00-0039894,2024,3,1
00-0035250,2022,4,1
00-0032950,2025,3,1
00-0034796,2019,10,1
00-0033282,2023,2,1
00-0032200,2020,17,1
00-0036370,2022,14,1
00-0040122,2025,2,1
00-0034791,2020,15,5
00-0036355,2022,1,1
00-0034857,2022,16,1
00-0036919,2023,1,3
00-0037746,2025,12,1
00-0037197,2025,7,2
00-0035685,2020,15,9
00-0040676,2025,11,1
00-0031806,2020,5,1
00-0030578,2020,10,2
00-0034115,2022,6,1
00-0033357,2025,6,1
00-0034857,2019,5,2
00-0032975,2019,10,2
00-0034750,2021,16,1
00-0031376,2022,6,1
00-0033293,2019,16,1
00-0030431,2019,3,1
00-0033526,2023,4,2
00-0033699,2019,2,3
00-0034857,2023,20,3
00-0032404,2020,9,2
00-0036906,2021,8,4
00-0033873,2023,2,3
00-0034972,2024,11,4
00-0039918,2025,2,1
00-0036555,2021,4,1
00-0019596,2022,10,3
00-0035704,2024,13,1
00-0038454,2023,14,1
00-0035710,2021,12,2
00-0031589,2019,16,1
00-0033856,2021,2,3
00-0034799,2019,7,2
00-0030431,2019,8,1
00-0039139,2024,9,2
00-0036370,2021,14,2
00-0031376,2020,10,3
00-0025394,2020,10,2
00-0040122,2025,18,4
00-0037410,2023,10,1
00-0034799,2020,17,4
00-0028986,2021,7,3
00-0030404,2020,5,1
00-0035187,2021,12,6
00-0037256,2023,14,2
00-0036893,2021,13,1
00-0031687,2024,12,1
00-0038611,2023,16,2
00-0033119,2024,2,1
00-0034791,2021,18,2
00-0034857,2020,15,2
00-0035700,2019,2,4
00-0037746,2024,15,4
00-0034844,2024,13,4
00-0022924,2020,2,1
00-0040734,2025,10,3
00-0033921,2021,3,1
00-0034367,2020,15,1
00-0034791,2021,11,1
00-0037525,2025,7,3
00-0036913,2023,11,1
00-0040715,2025,7,1
00-0034960,2023,5,1
00-0039139,2023,1,1
00-0037228,2025,15,3
00-0034400,2020,12,1
00-0035567,2024,16,2
00-0036251,2020,1,8
00-0035243,2024,3,2
00-0032245,2019,17,1
00-0033357,2020,13,4
00-0036275,2025,7,7
00-0033308,2019,3,1
00-0029263,2021,18,1
00-0035261,2023,1,7
00-0037827,2022,7,1
00-0038120,2025,14,2
00-0036567,2022,19,4
00-0031382,2020,7,1
00-0031280,2021,15,2
00-0033553,2023,3,4
00-0040734,2025,17,5
00-0036973,2025,2,5
00-0034844,2024,11,3
00-0034253,2021,15,1
00-0035243,2019,8,2
00-0032741,2020,1,10
00-0032791,2019,11,1
00-0039910,2025,1,1
00-0035685,2025,3,2
00-0032764,2019,4,3
00-0033897,2023,14,8
00-0031280,2023,16,1
00-0036893,2024,7,8
00-0035228,2020,7,3
00-0035685,2020,9,1
00-0032426,2021,6,6
00-0032741,2019,13,4
00-0039746,2024,18,2
00-0029263,2019,4,1
00-0033725,2022,18,3
00-0032104,2024,5,1
00-0033119,2022,3,2
00-0035228,2019,5,3
00-0030578,2023,15,1
00-0031280,2021,1,1
00-0033951,2019,8,1
00-0032241,2020,8,6
00-0035710,2022,6,4
00-0034115,2022,12,4
00-0036328,2021,5,6
00-0039150,2024,14,1
00-0037276,2023,11,1
00-0034367,2020,11,3
00-0036414,2021,22,1
00-0036389,2021,12,1
00-0031806,2019,5,1
00-0034184,2023,15,6
00-0034681,2020,13,1
00-0032741,2021,2,1
00-0038542,2024,14,8
00-0033854,2020,17,1
00-0039032,2023,11,1
00-0037267,2023,2,1
00-0039139,2023,3,4
00-0039851,2025,17,1
00-0037429,2022,14,2
00-0033308,2022,16,1
00-0039732,2024,9,1
00-0034577,2019,14,2
00-0035537,2024,3,2
00-0035273,2019,17,4
00-0037263,2025,14,4
00-0033906,2020,16,11
00-0038120,2025,15,1
00-0033893,2019,2,1
00-0036973,2023,10,1
00-0021206,2019,18,1
00-0036950,2022,17,1
00-0033045,2022,6,3
00-0037840,2024,5,4
00-0036875,2022,5,3
00-0035939,2022,11,1
00-0039363,2024,5,2
00-0035664,2021,12,1
00-0039150,2025,13,1
00-0036997,2021,18,2
00-0031687,2022,9,2
00-0035719,2023,21,1
00-0035700,2025,13,1
00-0036543,2022,8,2
00-0038542,2024,11,1
00-0035535,2024,9,1
00-0035685,2024,10,3
00-0032764,2020,15,4
00-0036973,2024,14,1
00-0030513,2019,16,1
00-0032950,2020,3,3
00-0035261,2024,6,2
00-0035125,2022,3,1
00-0038542,2025,16,2
00-0030506,2019,14,1
00-0037746,2022,10,4
00-0036389,2022,22,4
00-0033280,2023,16,2
00-0039299,2025,11,2
00-0035537,2020,17,2
00-0029604,2020,17,5
00-0039032,2025,15,1
00-0035140,2020,19,1
00-0036328,2021,3,2
00-0032241,2019,4,3
00-0031763,2021,5,1
00-0035537,2019,10,1
00-0031503,2019,6,1
00-0033045,2023,15,3
00-0035264,2022,17,2
00-0026498,2019,9,1
00-0034796,2024,16,2
00-0037247,2022,10,1
00-0027939,2021,10,2
00-0033357,2022,11,1
00-0036906,2023,1,1
00-0033045,2023,7,6
00-0031687,2023,7,2
00-0036555,2023,15,5
00-0031285,2021,16,1
00-0035685,2021,13,6
00-0034827,2025,9,1
00-0035657,2021,16,5
00-0036265,2023,10,2
00-0035685,2024,8,4
00-0034855,2024,2,1
00-0033923,2025,9,6
00-0033537,2020,13,3
00-0033293,2021,10,1
00-0036389,2020,7,1
00-0039337,2024,10,1
00-0040719,2025,18,2
00-0035700,2019,10,3
00-0032764,2020,14,1
00-0039067,2025,8,1
00-0033873,2025,15,1
00-0033925,2023,7,3
00-0035250,2023,3,2
00-0038542,2025,11,3
00-0033897,2020,4,6
00-0036290,2021,6,1
00-0037569,2023,2,1
00-0036389,2022,3,3
00-0037197,2022,11,1
00-0036370,2023,2,2
00-0037746,2023,3,2
00-0036906,2024,2,1
00-0040715,2025,3,2
00-0035228,2020,5,2
00-0032780,2019,8,3
00-0033567,2019,10,4
00-0036275,2023,16,4
00-0032764,2025,3,3
00-0037263,2023,5,1
00-0037263,2023,9,4
00-0036212,2021,6,1
00-0033045,2022,4,1
00-0036898,2022,15,1
00-0033553,2024,4,5
00-0040242,2025,5,2
00-0036223,2023,5,1
00-0037197,2023,11,4
00-0036355,2021,3,1
00-0033466,2022,11,1
00-0033943,2020,16,1
00-0030513,2023,2,4
00-0036971,2025,17,2
00-0035719,2023,13,2
00-0036328,2023,16,2
00-0037120,2023,17,1
00-0032434,2019,11,1
00-0039163,2023,19,1
00-0039325,2024,9,1
00-0034844,2021,1,1
00-0029701,2019,6,1
00-0035710,2019,7,1
00-0036973,2022,2,1
00-0033119,2019,16,1
00-0037248,2025,13,7
00-0034816,2019,1,3
00-0035243,2022,15,3
00-0036997,2023,2,1
00-0034972,2023,9,2
00-0039746,2024,21,2
00-0035289,2023,5,1
00-0034799,2019,8,1
00-0033873,2025,4,3
00-0036973,2022,14,4
00-0035831,2020,15,1
00-0034972,2019,8,6
00-0030513,2022,15,2
00-0027688,2020,12,1
00-0034869,2024,11,2
00-0030578,2020,1,1
00-0033856,2019,8,7
00-0032764,2019,18,4
00-0037120,2024,7,3
00-0031376,2020,1,3
00-0034440,2022,12,1
00-0034679,2019,7,1
00-0036389,2022,5,8
00-0033923,2024,8,6
00-0033725,2020,17,1
00-0031045,2019,9,1
00-0036924,2023,12,1
00-0037258,2022,5,2
00-0036997,2023,3,2
00-0023500,2020,16,1
00-0039165,2025,16,3
00-0036223,2025,7,5
00-0035289,2019,2,1
00-0031376,2020,2,1
00-0036265,2022,8,1
00-0040242,2025,3,2
00-0033357,2019,6,2
00-0034857,2022,20,2
00-0034816,2019,9,2
00-0031687,2023,5,2
00-0033296,2019,1,1
00-0034855,2020,16,3
00-0023564,2019,1,2
00-0031288,2019,17,1
00-0036360,2020,7,3
00-0033526,2023,2,1
00-0038396,2024,1,2
00-0039738,2025,12,1
00-0032764,2022,15,3
00-0033045,2021,1,1
00-0036370,2022,3,1
00-0034331,2019,14,1
00-0032764,2021,8,3
00-0035993,2025,8,4
00-0035685,2019,13,1
00-0038120,2024,16,1
00-0036971,2025,16,2
00-0035685,2023,6,2
00-0031345,2019,6,1
00-0035228,2020,2,4
00-0034844,2023,11,2
00-0031376,2022,22,2
00-0035685,2024,7,1
00-0035993,2021,11,1
00-0038134,2022,6,5
00-0030578,2023,14,1
00-0039851,2025,6,1
00-0038120,2023,5,7
00-0033537,2019,4,2
00-0037267,2024,14,1
00-0033897,2019,4,1
00-0033699,2019,7,1
00-0033118,2020,3,3
00-0035243,2022,12,2
00-0033897,2019,7,1
00-0036261,2020,3,1
00-0037740,2022,9,1
00-0039910,2025,7,2
00-0031687,2022,3,2
00-0033950,2020,10,4
00-0030578,2021,16,2
00-0037256,2023,6,1
00-0037228,2024,12,1
00-0032104,2024,12,2
00-0036567,2022,1,1
00-0035704,2020,7,1
00-0036265,2021,10,10
00-0036265,2021,12,5
00-0031280,2019,7,1
00-0036919,2025,3,1
00-0036275,2021,1,2
00-0033537,2020,16,2
00-0036414,2022,4,1
00-0034838,2023,11,6
00-0026300,2021,12,1
00-0037197,2023,4,4
00-0033553,2022,17,1
00-0023500,2020,11,6
00-0036328,2022,1,1
00-0039139,2024,1,5
00-0036389,2025,12,2
00-0036328,2022,3,3
00-0035700,2023,1,5
00-0033106,2025,3,1
00-0023500,2019,13,1
00-0034857,2020,13,2
00-0029263,2019,14,1
00-0036355,2021,2,1
00-0037746,2023,7,1
00-0039032,2023,4,1
00-0033357,2023,13,4
00-0033280,2022,17,4
00-0035013,2019,5,1
00-0036972,2021,12,1
00-0033955,2024,16,2
00-0039910,2024,13,3
00-0037525,2025,9,4
00-0034791,2020,16,1
00-0035298,2020,1,1
00-0034440,2021,16,4
00-0028087,2020,16,1
00-0037228,2025,10,1
00-0038542,2025,17,2
00-0040666,2025,16,5
00-0035719,2019,16,1
00-0033897,2023,5,8
00-0036414,2023,1,2
00-0035216,2022,15,1
00-0037248,2023,10,3
00-0039918,2024,2,1
00-0032764,2019,14,3
00-0032257,2022,10,1
00-0040583,2025,7,2
00-0027939,2020,17,1
00-0034845,2019,17,4
00-0038122,2024,14,1
00-0039040,2023,13,3
00-0035700,2020,5,6
00-0036223,2024,13,10
00-0039139,2025,9,2
00-0034253,2020,4,2
00-0033553,2021,1,4
00-0033906,2020,8,1
00-0034857,2023,8,2
00-0036139,2023,9,1
00-0033106,2024,6,1
00-0039139,2024,15,3
00-0034791,2019,15,1
00-0035700,2024,1,6
00-0031280,2020,13,1
00-0036875,2024,9,2
00-0027688,2022,10,2
00-0033699,2022,18,5
00-0027939,2021,14,1
00-0036945,2022,6,2
00-0030513,2019,14,1
00-0034791,2019,14,4
00-0033906,2019,3,5
00-0035243,2021,7,1
00-0032764,2022,5,5
00-0039163,2023,8,1
00-0036275,2023,13,1
00-0035657,2023,1,1
00-0036924,2021,8,4
00-0029604,2022,10,3
00-0034301,2020,20,4
00-0022924,2021,6,2
00-0036020,2023,6,3
00-0039874,2024,5,2
00-0038579,2024,14,2
00-0039165,2023,11,3
00-0035631,2024,11,1
00-0039040,2023,15,2
00-0036875,2021,19,1
00-0033893,2020,12,2
00-0033873,2021,11,1
00-0033106,2021,14,1
00-0028986,2019,3,2
00-0031687,2019,14,2
00-0035831,2020,11,1
00-0032764,2020,11,5
00-0033045,2021,16,2
00-0033357,2024,11,2
00-0038555,2025,14,1
00-0039918,2025,1,2
00-0033838,2019,12,1
00-0034681,2020,9,3
00-0036139,2024,15,1
00-0031280,2021,4,1
00-0035291,2023,17,1
00-0034816,2020,10,6
00-0029239,2023,16,1
00-0039921,2024,1,1
00-0036328,2024,15,2
00-0032972,2021,6,1
00-0034837,2024,4,1
00-0038551,2023,18,3
00-0040198,2025,4,3
00-0035700,2021,1,3
00-0032975,2022,4,1
00-0032063,2020,14,4
00-0034816,2020,7,3
00-0036251,2021,16,1
00-0030565,2022,6,2
00-0035993,2022,13,3
00-0032780,2019,9,3
00-0033308,2023,11,2
00-0033077,2021,19,1
00-0036264,2021,18,1
00-0033893,2022,9,4
00-0032104,2024,16,1
00-0033950,2019,1,1
00-0039384,2024,14,2
00-0035664,2020,6,5
00-0038115,2022,5,1
00-0034855,2023,2,2
00-0033293,2023,16,8
00-0036972,2024,10,2
00-0033893,2021,12,2
00-0037256,2023,16,7
00-0035710,2024,10,2
00-0033308,2020,6,1
00-0026143,2022,13,1
00-0027973,2022,17,2
00-0037256,2024,3,1
00-0036223,2025,17,7
00-0023459,2021,17,1
00-0039040,2025,4,4
00-0033908,2021,2,1
00-0033293,2024,14,3
00-0030496,2019,7,1
00-0035261,2023,9,2
00-0030288,2019,2,2
00-0023459,2020,14,1
00-0033293,2019,19,9
00-0034791,2022,8,5
00-0038579,2023,4,2
00-0035228,2019,7,1
00-0031237,2021,9,1
00-0036389,2021,15,3
00-0037276,2024,3,1
00-0037746,2022,11,1
00-0032241,2019,12,1
00-0033955,2020,14,1
00-0036020,2020,17,1
00-0036875,2022,3,3
00-0032741,2019,5,1
00-0036389,2025,6,4
00-0034440,2022,16,1
00-0034184,2022,12,6
00-0036906,2023,3,1
00-0033280,2023,3,7
00-0039325,2024,11,1
00-0035657,2021,18,4
00-0019596,2019,2,1
00-0036020,2023,1,1
00-0033873,2023,4,3
00-0033955,2020,5,4
00-0030496,2019,6,3
00-0036414,2023,8,2
00-0031687,2020,13,2
00-0036139,2025,3,4
00-0036265,2023,12,4
00-0040784,2025,13,2
00-0033948,2022,13,2
00-0031595,2024,18,1
00-0038551,2025,2,1
00-0032918,2025,15,1
00-0036414,2022,2,3
00-0035657,2021,2,4
00-0033553,2025,1,2
00-0034857,2020,8,2
00-0035243,2020,11,2
00-0035860,2023,3,1
00-0033280,2019,5,2
00-0035664,2023,8,1
00-0036567,2021,19,1
00-0032741,2019,2,3
00-0035710,2025,14,1
00-0033119,2019,7,1
00-0035311,2019,15,1
00-0034253,2021,12,1
00-0037834,2022,18,2
00-0035243,2019,14,3
00-0036906,2023,5,2
00-0032813,2021,7,1
00-0035311,2020,6,4
00-0032940,2020,14,1
00-0037840,2025,18,4
00-0033537,2024,5,1
00-0040734,2025,4,2
00-0038454,2025,8,1
00-0033293,2021,15,1
00-0038134,2023,17,2
00-0036389,2024,1,4
00-0036275,2022,13,5
00-0033856,2023,18,1
00-0035243,2022,1,3
00-0032897,2019,14,2
00-0026498,2021,19,2
00-0037746,2022,13,1
00-0033906,2021,3,3
00-0040730,2025,8,2
00-0023459,2019,9,1
00-0036389,2023,2,3
00-0035700,2023,12,2
00-0036328,2023,1,1
00-0036020,2022,15,2
00-0036919,2024,21,1
00-0034972,2024,7,1
00-0032780,2019,3,3
00-0036370,2020,1,4
00-0035215,2021,10,1
00-0036997,2023,16,7
00-0032434,2021,18,1
00-0040734,2025,5,1
00-0026143,2020,2,2
00-0027966,2019,9,3
00-0033949,2024,18,2
00-0040236,2025,12,5
00-0038134,2024,4,2
00-0032063,2020,10,2
00-0035700,2024,14,6
00-0033594,2019,3,3
00-0039874,2025,10,1
00-0033856,2022,2,2
00-0037840,2023,12,4
00-0039910,2025,5,1
00-0032144,2020,14,4
00-0036875,2021,9,2
00-0033040,2019,9,1
00-0035685,2021,9,2
00-0030035,2020,5,1
00-0033357,2020,18,1
00-0034845,2021,14,5
00-0036223,2021,17,1
00-0036389,2023,4,1
00-0023459,2019,13,1
00-0033906,2025,4,1
00-0033119,2019,2,1
00-0035261,2023,18,4
00-0031045,2019,5,3
00-0036442,2022,8,1
00-0035710,2019,9,1
00-0037256,2023,2,2
00-0033119,2022,5,1
00-0038597,2025,11,1
00-0027688,2021,6,2
00-0039032,2024,15,2
00-0032187,2020,5,1
00-0035700,2022,14,5
00-0038440,2025,18,1
00-0027966,2019,1,5
00-0033466,2021,10,2
00-0030513,2020,12,6
00-0034414,2019,16,1
00-0032063,2021,18,2
00-0032268,2022,8,1
00-0034844,2022,12,1
00-0040206,2025,18,1
00-0039910,2024,11,1
00-0033537,2019,18,3
00-0036389,2022,15,3
00-0032602,2021,4,4
00-0035250,2022,10,5
00-0030404,2019,3,3
00-0031345,2021,8,2
00-0036945,2024,4,3
00-0039923,2025,9,1
00-0035700,2024,12,7
00-0035973,2023,17,2
00-0033906,2025,2,3
00-0034844,2022,7,5
00-0037077,2023,18,1
00-0035537,2024,4,1
00-0032063,2021,9,2
00-0036020,2021,7,1
00-0034844,2023,2,5
00-0039021,2024,12,2
00-0036331,2023,12,1
00-0037258,2023,3,4
00-0037840,2025,9,6
00-0038134,2025,3,4
00-0028118,2024,1,1
00-0036265,2023,16,3
00-0034414,2021,8,3
00-0036360,2020,14,1
00-0036569,2022,5,2
00-0038134,2024,6,4
00-0037840,2024,12,4
00-0034857,2024,17,1
00-0035710,2024,2,2
00-0036275,2024,14,4
00-0033526,2025,17,3
00-0036414,2024,15,1
00-0039163,2024,13,2
00-0037429,2023,6,1
00-0033873,2024,7,1
00-0033856,2020,15,5
00-0036906,2023,17,2
00-0033308,2022,10,1
00-0032063,2021,5,3
00-0036212,2022,1,2
00-0034857,2019,11,1
00-0038134,2024,16,2
00-0035685,2020,13,5
00-0026143,2021,2,1
00-0033280,2023,21,3
00-0039361,2024,16,2
00-0035311,2020,2,2
00-0030513,2023,7,2
00-0038951,2025,6,1
00-0023459,2019,17,1
00-0033553,2020,8,2
00-0027966,2020,6,2
00-0033553,2021,4,6
00-0036945,2023,5,1
00-0033357,2023,8,7
00-0038128,2024,3,2
00-0036223,2025,5,10
00-0036414,2020,2,1
00-0034869,2021,3,2
00-0030496,2020,11,1
00-0036945,2022,11,2
00-0040236,2025,17,1
00-0036251,2020,13,2
00-0039373,2024,9,2
00-0036936,2023,6,1
00-0033280,2022,19,6
00-0037834,2023,12,1
00-0032436,2019,12,2
00-0029701,2021,4,1
00-0030578,2021,4,1
00-0033856,2022,6,5
00-0033948,2022,10,6
00-0038597,2024,1,1
00-0036997,2024,11,2
00-0039851,2024,15,1
00-0039150,2024,1,1
00-0033897,2024,13,2
00-0036275,2025,6,1
00-0033955,2025,10,2
00-0038611,2024,13,2
00-0037228,2023,19,2
00-0034857,2023,5,1
00-0030874,2019,1,4
00-0033106,2022,16,2
00-0030431,2020,3,1
00-0039361,2024,18,3
00-0037557,2024,4,1
00-0036251,2021,5,1
00-0036567,2021,5,1
00-0036139,2020,15,1
00-0031687,2023,12,4
00-0026300,2021,16,1
00-0036360,2023,15,2
00-0037157,2025,14,1
00-0035250,2020,3,5
00-0034115,2020,4,1
00-0033077,2022,20,1
00-0035715,2021,8,6
00-0029701,2021,17,1
00-0037228,2023,12,3
00-0030288,2021,8,1
00-0032764,2019,9,2
00-0036973,2022,7,6
00-0039851,2025,7,1
00-0033897,2023,15,4
00-0036275,2020,2,1
00-0037525,2025,5,2
00-0040206,2025,14,1
00-0031503,2019,17,1
00-0032780,2020,16,1
00-0035710,2021,2,1
00-0038597,2024,17,7
00-0027966,2020,5,2
00-0033906,2020,11,3
00-0034855,2019,17,1
00-0033906,2022,11,2
00-0037258,2023,8,2
00-0030513,2022,18,2
00-0039384,2024,10,3
00-0033553,2024,6,1
00-0037013,2021,13,2
00-0027966,2021,4,2
00-0036875,2021,12,2
00-0039363,2024,6,2
00-0032209,2019,3,2
00-0039164,2024,16,3
00-0026498,2025,19,1
00-0027973,2019,16,1
00-0033357,2023,6,1
00-0039150,2025,10,1
00-0033077,2021,6,2
00-0036893,2021,11,2
00-0034844,2025,19,5
00-0035311,2020,13,7
00-0036328,2024,16,1
00-0033106,2020,16,1
00-0029263,2021,17,4
00-0033897,2019,5,2
00-0037840,2025,19,2
00-0038542,2023,6,2
00-0037256,2023,13,2
00-0035261,2023,4,3
00-0039040,2024,1,1
00-0035261,2022,4,1
00-0030710,2020,6,1
00-0033948,2021,16,3
00-0036297,2023,6,1
00-0033897,2021,15,1
00-0036567,2021,10,2
00-0030578,2022,12,3
00-0037746,2023,8,1
00-0037840,2024,3,10
00-0036973,2023,2,2
00-0033725,2020,7,1
00-0025394,2020,6,3
00-0029263,2019,5,1
00-0036893,2022,6,2
00-0036389,2022,20,3
00-0039165,2025,12,2
00-0033897,2024,7,8
00-0031045,2019,14,1
00-0036389,2024,3,1
00-0035228,2020,6,3
00-0033873,2021,20,2
00-0033858,2025,12,1
00-0032764,2021,4,5
00-0038454,2023,11,2
00-0030404,2019,16,2
00-0023682,2019,14,3
00-0036875,2022,9,3
00-0033925,2021,12,6
00-0033280,2022,13,4
00-0029854,2019,1,2
00-0025394,2020,12,4
00-0037228,2025,13,1
00-0039163,2025,1,1
00-0033106,2024,2,1
00-0039040,2024,18,3
00-0036275,2022,12,3
00-0039040,2025,3,2
00-0036906,2025,18,3
00-0032426,2021,4,3
00-0035704,2021,18,1
00-0036893,2024,8,3
00-0037258,2025,1,1
00-0033925,2021,15,3
00-0034816,2019,10,1
00-0034115,2022,9,3
00-0036355,2025,9,3
00-0036442,2020,8,1
00-0035973,2021,10,2
00-0035685,2022,17,1
00-0036223,2023,18,3
00-0034869,2024,9,1
00-0036924,2025,15,1
00-0036360,2023,19,1
00-0033553,2024,7,3
00-0033699,2022,5,2
00-0030456,2019,7,1
00-0035232,2020,3,1
00-0034857,2023,9,1
00-0033119,2025,6,1
00-0040198,2025,3,3
00-0039851,2025,12,1
00-0034972,2022,5,2
00-0039150,2025,2,1
00-0034177,2023,13,1
00-0031806,2022,6,1
00-0034816,2020,9,1
00-0034972,2024,3,1
00-0036945,2021,8,1
00-0036849,2022,18,1
00-0030513,2021,17,6
00-0031806,2019,14,1
00-0039139,2025,5,5
00-0034367,2022,1,1
00-0032268,2020,15,3
00-0039164,2023,5,1
00-0039139,2023,21,4
00-0033699,2024,10,5
00-0032257,2019,13,1
00-0038542,2024,1,1
00-0033526,2025,7,1
00-0032104,2021,16,1
00-0035250,2023,4,3
00-0032144,2020,16,2
00-0039150,2025,19,1
00-0032897,2019,1,1
00-0039361,2024,4,5
00-0031237,2020,4,2
00-0036370,2023,18,1
00-0033893,2021,1,2
00-0034845,2021,6,1
00-0034972,2021,9,1
00-0036893,2024,14,6
00-0036414,2024,11,1
00-0036997,2025,7,4
00-0033873,2024,20,1
00-0033856,2022,8,3
00-0033045,2019,3,5
00-0034109,2021,18,2
00-0033948,2019,12,1
00-0040743,2025,18,1
00-0034972,2021,13,10
00-0036139,2025,11,8
00-0031376,2021,21,2
00-0033951,2019,5,4
00-0033873,2022,6,3
00-0029263,2019,3,2
00-0034838,2019,3,4
00-0027973,2021,12,3
00-0032268,2022,1,3
00-0038496,2023,4,1
00-0019596,2022,16,1
00-0035685,2025,18,2
00-0030578,2023,18,2
00-0033040,2022,4,1
00-0033077,2022,7,1
00-0038583,2024,16,2
00-0039917,2024,18,1
00-0033856,2021,12,7
00-0040730,2025,20,2
00-0029263,2020,9,1
00-0035700,2020,9,4
00-0039139,2023,11,3
00-0039075,2025,9,1
00-0022924,2021,15,2
00-0033553,2019,1,1
00-0033699,2020,3,1
00-0032241,2020,14,1
00-0035700,2021,18,6
00-0034414,2022,18,3
00-0035719,2022,12,1
00-0040162,2025,1,2
00-0037228,2025,1,4
00-0036893,2022,12,2
00-0037248,2023,19,2
00-0037248,2025,2,6
00-0038128,2025,16,2
00-0033118,2020,14,8
00-0033906,2021,4,3
00-0032187,2021,12,2
00-0037013,2022,8,1
00-0037525,2025,10,1
00-0038120,2024,11,1
00-0040237,2025,11,1
00-0033111,2022,17,1
00-0036626,2025,9,1
00-0031376,2022,3,2
00-0037525,2022,17,2
00-0039325,2024,2,2
00-0033553,2022,1,3
00-0037258,2023,4,2
00-0036275,2022,17,4
00-0033873,2025,1,1
00-0033282,2019,5,1
00-0033106,2025,5,2
00-0034838,2020,1,1
00-0033897,2019,17,6
00-0038542,2025,12,2
00-0038597,2025,16,3
00-0030578,2019,5,1
00-0026158,2024,5,1
00-0037594,2025,1,2
00-0036973,2023,17,3
00-0038582,2023,10,1
00-0038794,2024,8,2
00-0039361,2024,8,1
00-0033040,2021,1,1
00-0040586,2025,8,1
00-0039384,2025,15,2
00-0032241,2020,2,5
00-0034796,2019,13,2
00-0027973,2021,18,1
00-0037450,2024,4,1
00-0034796,2024,6,1
00-0033873,2020,6,2
00-0034349,2020,13,1
00-0039040,2023,3,6
00-0036223,2024,16,6
00-0036963,2022,16,1
00-0036555,2024,5,1
00-0023459,2019,7,1
00-0035657,2022,2,3
00-0036370,2023,12,1
00-0033025,2019,16,1
00-0033118,2021,2,2
00-0035250,2021,20,2
00-0038134,2024,9,4
00-0036973,2023,5,4
00-0032764,2024,11,2
00-0034857,2024,20,6
00-0033357,2023,3,1
00-0036972,2021,16,1
00-0019596,2020,7,1
00-0035710,2022,5,1
00-0033280,2021,3,1
00-0027691,2021,15,1
00-0034791,2022,12,4
00-0032200,2020,1,1
00-0034681,2020,6,1
00-0039738,2025,11,3
00-0037563,2022,10,1
00-0033893,2019,8,4
00-0039910,2024,15,3
00-0037256,2024,12,1
00-0033077,2022,15,1
00-0037827,2022,16,3
00-0038134,2023,2,7
00-0037840,2023,13,9
00-0037157,2025,10,2
00-0033893,2019,6,5
00-0033906,2022,15,1
00-0037263,2022,18,6
00-0030565,2022,4,1
00-0030288,2019,16,2
00-0037228,2022,2,1
00-0030496,2020,13,2
00-0033873,2022,9,2
00-0036945,2021,9,1
00-0035100,2023,14,2
00-0037834,2024,11,1
00-0027966,2021,11,3
00-0036971,2023,13,3
00-0032918,2022,15,1
00-0036971,2022,9,1
00-0034857,2021,19,1
00-0033553,2024,16,3
00-0039361,2024,15,2
00-0035710,2025,1,5
00-0037197,2022,16,3
00-0034184,2020,17,1
00-0034857,2025,1,8
00-0035685,2025,16,1
00-0035228,2021,4,1
00-0038542,2023,2,3
00-0032268,2025,7,1
00-0036328,2022,12,1
00-0033308,2019,20,1
00-0034855,2025,13,3
00-0032063,2021,1,3
00-0033873,2019,16,1
00-0030874,2019,19,4
00-0036414,2021,20,6
00-0035148,2019,13,2
00-0036389,2025,11,1
00-0036442,2022,6,2
00-0036984,2024,2,1
00-0035535,2024,16,1
00-0037286,2022,14,1
00-0023500,2019,15,4
00-0033045,2024,8,2
00-0039910,2024,7,1
00-0038045,2023,2,1
00-0038396,2024,5,3
00-0036139,2025,5,4
00-0035719,2024,8,3
00-0039165,2025,17,6
00-0034796,2024,10,3
00-0036264,2025,1,2
00-0033293,2019,15,1
00-0034857,2025,15,4
00-0033526,2020,15,2
00-0038122,2023,5,3
00-0033856,2019,14,1
00-0030513,2022,8,2
00-0034208,2019,3,1
00-0033293,2021,20,1
00-0033293,2024,2,2
00-0034857,2020,9,3
00-0032741,2021,11,1
00-0031285,2021,17,1
00-0031045,2019,2,2
00-0035148,2019,16,4
00-0033293,2024,12,9
00-0036158,2024,10,2
00-0034857,2025,5,2
00-0026197,2022,18,2
00-0033893,2020,5,2
00-0034838,2019,11,2
00-0039361,2024,12,2
00-0036389,2025,13,1
00-0034869,2019,6,2
00-0034681,2020,4,2
00-0032764,2019,13,4
00-0036893,2024,15,1
00-0035148,2019,15,2
00-0035664,2020,5,5
00-0033856,2021,13,2
00-0034857,2025,17,4
00-0036442,2022,19,1
00-0034844,2023,9,1
00-0037197,2024,14,1
00-0038618,2023,6,1
00-0033950,2019,4,3
00-0036919,2024,16,1
00-0027939,2020,9,6
00-0036251,2021,9,1
00-0032780,2021,10,4
00-0034972,2021,16,3
00-0036924,2025,5,2
00-0033893,2020,14,4
00-0032268,2024,7,1
00-0031051,2019,16,1
00-0031237,2019,4,3
00-0027688,2020,15,1
00-0036158,2025,3,1
00-0039376,2025,4,3
00-0032063,2022,5,1
00-0034418,2021,12,1
00-0034857,2023,10,2
00-0038597,2024,4,3
00-0036328,2021,18,5
00-0033045,2020,9,2
00-0034791,2019,3,3
00-0032144,2021,10,2
00-0035250,2022,6,1
00-0037746,2023,11,1
00-0036973,2023,8,3
00-0023500,2019,14,1
00-0031806,2020,16,3
00-0035537,2021,4,1
00-0029604,2021,10,1
00-0035243,2019,18,2
00-0036567,2021,13,4
00-0033045,2024,17,1
00-0039152,2024,10,1
00-0036360,2022,6,2
00-0036997,2023,12,3
00-0037005,2021,18,1
00-0026197,2020,17,1
00-0035228,2024,12,2
00-0033280,2022,10,4
00-0034796,2020,15,1
00-0037276,2024,17,1
00-0040583,2025,8,2
00-0039040,2024,13,3
00-0036360,2020,4,2
00-0037525,2024,2,6
00-0036389,2020,17,2
00-0037248,2023,7,3
00-0038134,2022,2,1
00-0033955,2020,13,1
00-0032144,2020,1,4
00-0034208,2020,17,4
00-0038416,2023,6,1
00-0033594,2020,17,1
00-0033119,2020,10,1
00-0035577,2019,12,2
00-0037261,2023,17,1
00-0039040,2025,16,1
00-0036950,2022,5,1
00-0030456,2020,7,5
00-0035700,2024,11,5
00-0036275,2021,4,2
00-0037263,2023,7,7
00-0039139,2024,7,2
00-0033118,2022,18,5
00-0033077,2022,18,1
00-0035537,2021,5,3
00-0035700,2022,15,1
00-0036971,2023,3,1
00-0039150,2023,13,1
00-0035250,2021,4,1
00-0030578,2023,16,2
00-0035250,2019,9,5
00-0032780,2019,1,1
00-0025394,2021,9,3
00-0032950,2022,17,2
00-0033906,2023,9,2
00-0033906,2019,17,2
00-0034791,2022,5,3
00-0035261,2021,4,3
00-0037840,2024,14,6
00-0033923,2025,17,1
00-0038134,2023,10,4
00-0040236,2025,6,1
00-0033908,2024,1,1
00-0031687,2019,16,1
00-0034972,2023,8,1
00-0035217,2020,11,1
00-0033045,2020,12,1
00-0035710,2021,11,2
00-0033119,2019,12,1
00-0035268,2019,7,1
00-0033906,2022,7,4
00-0035261,2024,3,1
00-0034869,2024,10,1
00-0040122,2025,11,1
00-0040719,2025,13,3
00-0022924,2019,1,1
00-0031280,2020,9,1
00-0038128,2022,8,1
00-0036275,2023,6,1
00-0036936,2022,4,1
00-0034358,2019,11,4
00-0036971,2022,16,2
00-0036223,2020,18,6
00-0035273,2019,16,1
00-0036223,2021,15,8
00-0031062,2020,1,1
00-0036450,2021,16,1
00-0026498,2023,1,1
00-0038597,2024,14,2
00-0036139,2023,1,1
00-0036370,2022,2,1
00-0039165,2024,12,2
00-0031237,2020,5,1
00-0033923,2025,11,2
00-0036997,2025,6,3
00-0023459,2025,16,1
00-0032144,2020,11,6
00-0033893,2021,10,11
00-0033106,2024,11,1
00-0039067,2023,22,1
00-0036997,2024,5,2
00-0039851,2025,4,1
00-0035831,2020,7,3
00-0037197,2023,9,1
00-0039361,2025,4,1
00-0034184,2024,4,1
00-0033897,2019,13,1
00-0036275,2025,16,3
00-0035700,2024,7,1
00-0038134,2025,12,3
00-0036893,2022,10,4
00-0030968,2019,11,1
00-0033553,2022,3,2
00-0032764,2023,16,3
00-0036389,2024,8,5
00-0037197,2022,4,3
00-0029892,2020,13,1
00-0035228,2024,16,1
00-0036973,2025,9,8
00-0034857,2023,7,3
00-0035261,2023,10,4
00-0033955,2024,4,2
00-0034796,2025,10,3
00-0035289,2019,7,1
00-0036328,2020,5,1
00-0036355,2023,4,4
00-0036389,2023,7,6
00-0034844,2022,2,1
00-0033553,2024,9,7
00-0030578,2022,1,3
00-0033923,2025,2,2
00-0036971,2021,15,1
00-0036328,2022,7,3
00-0032241,2019,8,5
00-0034109,2020,15,2
00-0033119,2019,3,2
00-0033280,2025,10,2
00-0037197,2022,13,2
00-0040784,2025,16,2
00-0038134,2023,3,5
00-0031237,2020,1,2
00-0033897,2021,16,6
00-0036442,2023,10,1
00-0038622,2023,4,3
00-0033923,2020,16,2
00-0039732,2024,10,1
00-0032972,2020,14,1
00-0036355,2020,2,2
00-0035664,2021,6,5
00-0032241,2019,3,2
00-0035993,2023,9,3
00-0036187,2024,18,1
00-0036906,2022,3,5
00-0033923,2025,12,7
00-0034796,2025,12,3
00-0039040,2025,13,3
00-0039921,2024,2,1
00-0036919,2023,5,5
00-0033897,2022,1,4
00-0032764,2019,19,6
00-0027939,2021,15,3
00-0033908,2022,3,1
00-0035228,2025,1,1
00-0023459,2021,10,1
00-0033854,2019,11,2
00-0034857,2025,19,4
00-0039918,2025,18,1
00-0035596,2019,12,1
00-0039796,2024,15,2
00-0034857,2025,9,2
00-0023459,2019,8,1
00-0036997,2025,5,4
00-0037834,2022,15,2
00-0033948,2021,18,1
00-0036906,2024,18,2
00-0040730,2025,15,5
00-0036389,2022,14,1
00-0033282,2022,10,2
00-0036442,2024,9,1
00-0034115,2020,17,3
00-0036265,2023,5,5
00-0034844,2019,15,4
00-0037525,2025,1,3
00-0033280,2021,1,5
00-0036096,2021,7,3
00-0033725,2021,18,3
00-0033854,2021,18,3
00-0037228,2023,4,1
00-0033357,2020,17,2
00-0034301,2019,4,4
00-0033077,2019,14,2
00-0030456,2019,6,1
00-0035685,2025,2,5
00-0039794,2024,18,2
00-0037197,2025,2,1
00-0033897,2021,11,5
00-0026158,2025,8,1
00-0034796,2022,2,3
00-0027966,2019,2,2
00-0033873,2022,4,2
00-0027966,2022,5,1
00-0039732,2024,8,2
00-0033106,2019,2,1
00-0031376,2022,4,1
00-0031687,2023,6,6
00-0032058,2019,12,2
00-0035685,2022,11,3
00-0033869,2019,9,1
00-0033897,2019,16,5
00-0037258,2022,4,1
00-0034857,2025,10,1
00-0036567,2022,20,1
00-0036328,2021,12,7
00-0036389,2022,21,2
00-0033948,2022,11,3
00-0036913,2023,8,1
00-0036223,2023,9,1
00-0035973,2023,3,2
00-0022803,2019,14,1
00-0036919,2025,2,1
00-0031237,2021,3,1
00-0036265,2021,17,4
00-0034796,2022,12,4
00-0027691,2019,5,1
00-0030513,2020,18,2
00-0032436,2022,15,1
00-0033045,2024,5,1
00-0040583,2025,3,1
00-0037563,2025,13,1
00-0035685,2022,5,2
00-0030564,2023,13,1
00-0038951,2024,17,1
00-0035657,2020,9,2
00-0038454,2025,5,1
00-0034750,2021,14,2
00-0036223,2022,12,5
00-0033118,2020,4,4
00-0036389,2020,8,1
00-0035250,2024,4,1
00-0040734,2025,19,1
00-0036275,2021,10,2
00-0033955,2024,20,1
00-0039139,2024,2,2
00-0039875,2024,3,1
00-0034652,2020,11,1
00-0039139,2024,13,1
00-0033699,2021,18,2
00-0033873,2025,14,1
00-0036973,2025,19,2
00-0033594,2019,5,3
00-0034109,2019,6,1
00-0023500,2020,12,3
00-0033906,2019,14,2
00-0035291,2020,14,1
00-0034796,2019,6,2
00-0034844,2022,5,2
00-0039923,2025,10,1
00-0033293,2022,1,1
00-0036158,2022,19,1
00-0035261,2023,3,8
00-0039150,2024,18,3
00-0029701,2019,12,1
00-0023682,2020,4,1
00-0033293,2020,16,4
00-0033594,2019,15,3
00-0029263,2022,4,1
00-0036370,2020,2,4
00-0033280,2019,9,4
00-0033873,2019,15,1
00-0035311,2020,5,4
00-0035311,2019,16,2
00-0035243,2022,10,1
00-0039910,2024,1,3
00-0034367,2019,10,1
00-0040730,2025,13,5
00-0029665,2020,12,1
00-0037525,2025,11,1
00-0035594,2021,13,1
00-0035250,2021,18,6
00-0034796,2020,8,7
00-0034750,2021,18,3
00-0035657,2020,10,1
00-0036919,2023,9,2
00-0034845,2021,13,5
00-0037248,2023,16,2
00-0036414,2021,18,2
00-0039384,2024,17,4
00-0037525,2023,15,1
00-0035232,2019,4,1
00-0033357,2021,1,1
00-0039139,2023,10,5
00-0034972,2024,6,3
00-0039040,2025,8,6
00-0038597,2025,7,3
00-0033948,2024,4,1
00-0036924,2022,8,1
00-0032782,2019,8,1
00-0037429,2022,16,1
00-0040734,2025,11,7
00-0040242,2025,11,3
00-0033589,2020,1,1
00-0038416,2023,8,2
00-0032144,2022,1,2
00-0033308,2020,2,1
00-0033873,2022,3,1
00-0031376,2022,9,2
00-0037263,2025,13,3
00-0033893,2022,14,3
00-0033699,2023,12,2
00-0032764,2025,9,2
00-0033856,2021,6,8
00-0039875,2025,8,2
00-0032144,2022,11,2
00-0039391,2024,6,1
00-0033725,2020,4,1
00-0027939,2021,11,1
00-0032764,2022,1,1
00-0039603,2025,9,2
00-0032764,2020,7,4
00-0035700,2020,15,12
00-0037746,2023,17,4
00-0034869,2024,12,1
00-0035831,2020,13,2
00-0027973,2019,17,1
00-0036919,2022,21,3
00-0036924,2023,5,1
00-0036555,2023,5,1
00-0035596,2019,14,1
00-0039152,2024,13,2
00-0037256,2025,11,1
00-0039875,2024,18,2
00-0036158,2020,1,2
00-0039874,2025,14,3
00-0033526,2023,15,2
00-0030578,2021,1,1
00-0031687,2019,20,4
00-0037563,2025,15,4
00-0023459,2022,16,1
00-0036389,2024,7,4
00-0036158,2020,13,5
00-0034972,2023,4,2
00-0034771,2025,12,1
00-0032602,2020,12,1
00-0033526,2020,10,1
00-0035250,2019,16,1
00-0035710,2024,5,3
00-0035710,2021,7,1
00-0032602,2020,14,1
00-0033699,2020,12,3
00-0038794,2024,15,1
00-0035228,2020,17,1
00-0034440,2021,4,2
00-0033897,2023,17,7
00-0031503,2020,10,1
00-0033856,2019,6,4
00-0026158,2023,19,1
00-0037263,2024,8,1
00-0036223,2025,10,8
00-0033950,2019,10,1
00-0034184,2023,8,6
00-0026498,2021,22,1
00-0033308,2019,10,1
00-0033077,2020,4,2
00-0037197,2023,17,4
00-0034869,2019,12,2
00-0033357,2020,12,3
00-0036450,2021,17,2
00-0033293,2022,10,3
00-0035243,2021,2,1
00-0034184,2019,9,2
00-0019596,2021,12,1
00-0033893,2019,9,4
00-0034857,2023,14,3
00-0033280,2024,13,1
00-0040667,2025,2,1
00-0035261,2024,15,4
00-0023459,2021,12,1
00-0034844,2023,16,4
00-0030456,2021,19,4
00-0034301,2019,11,1
00-0039032,2024,14,1
00-0035700,2025,15,1
00-0038454,2025,13,1
00-0036275,2024,15,3
00-0034184,2019,12,4
00-0035289,2019,14,1
00-0031806,2020,4,2
00-0035993,2022,17,2
00-0033077,2023,11,1
00-0032058,2021,16,5
00-0032741,2019,1,1
00-0033118,2020,12,9
00-0035243,2020,5,3
00-0035657,2022,5,1
00-0039165,2024,2,2
00-0030565,2024,4,1
00-0019596,2019,6,6
00-0033955,2025,7,1
00-0038705,2025,6,1
00-0039139,2024,3,2
00-0040586,2025,18,6
00-0023500,2019,4,5
00-0036945,2024,1,5
00-0035342,2019,14,4
00-0035217,2019,15,1
00-0035243,2021,15,4
00-0039363,2024,10,1
00-0039150,2024,13,1
00-0033948,2020,12,5
00-0034928,2022,10,1
00-0035289,2022,21,2
00-0036919,2023,3,4
00-0035500,2024,1,1
00-0038542,2025,1,4
00-0031800,2021,18,1
00-0037012,2021,3,1
00-0037545,2025,4,1
00-0026158,2020,5,1
00-0033526,2022,18,1
00-0031687,2023,14,6
00-0036913,2022,18,2
00-0038542,2025,13,4
00-0023459,2021,4,1
00-0039851,2025,2,3
00-0027939,2020,13,7
00-0033357,2025,12,5
00-0033293,2019,20,1
00-0029263,2023,13,2
00-0037228,2024,10,3
00-0037197,2023,2,3
00-0036331,2022,12,1
00-0036389,2022,10,2
00-0035700,2021,5,3
00-0034972,2021,11,1
00-0039152,2023,15,1
00-0035537,2022,11,1
00-0033319,2023,15,1
00-0039150,2024,9,1
00-0037263,2024,16,1
00-0036906,2024,17,1
00-0028118,2020,9,1
00-0031800,2022,15,1
00-0036360,2021,4,1
00-0035243,2022,3,1
00-0038542,2023,8,2
00-0031687,2022,8,3
00-0031687,2022,1,1
00-0033308,2019,8,2
00-0034414,2022,10,1
00-0035140,2021,10,1
00-0033893,2020,11,8
00-0026498,2024,17,1
00-0036223,2025,12,3
00-0036973,2023,4,2
00-0034845,2019,8,5
00-0031687,2019,2,1
00-0033293,2019,14,2
00-0033856,2019,15,1
00-0039793,2025,11,1
00-0037197,2023,1,1
00-0036251,2022,17,1
00-0036158,2024,12,1
00-0040242,2025,14,1
00-0025708,2019,1,1
00-0033045,2019,17,2
00-0030565,2020,14,1
00-0033923,2020,15,1
00-0038134,2022,7,6
00-0033897,2022,5,1
00-0034837,2023,5,1
00-0036223,2025,18,1
00-0033948,2023,18,4
00-0036223,2020,1,2
00-0037276,2023,16,3
00-0033106,2020,3,1
00-0031045,2019,15,6
00-0035228,2020,4,1
00-0034975,2023,16,2
00-0034577,2020,5,1
00-0035685,2025,10,3
00-0033077,2025,11,4
00-0035710,2023,2,3
00-0034972,2020,9,4
00-0033118,2021,9,1
00-0036555,2021,8,5
00-0026158,2023,17,1
00-0035228,2021,7,2
00-0038611,2023,7,2
00-0036650,2021,4,2
00-0036893,2024,5,1
00-0036997,2021,1,2
00-0036139,2023,2,3
00-0034855,2020,10,2
00-0033556,2019,9,2
00-0033923,2025,18,1
00-0033045,2019,13,1
00-0034857,2021,4,1
00-0036370,2020,5,2
00-0033357,2023,9,6
00-0034349,2020,3,2
00-0034844,2019,13,1
00-0038738,2025,16,1
00-0035700,2024,15,5
00-0039732,2024,11,1
00-0034844,2025,17,2
00-0034440,2022,11,1
00-0029604,2023,7,1
00-0034796,2021,6,1
00-0031806,2021,2,1
00-0035125,2019,11,1
00-0033893,2023,1,5
00-0033106,2019,11,2
00-0035594,2022,14,3
00-0039910,2024,10,1
00-0033556,2020,1,2
00-0036265,2023,9,2
00-0035261,2024,16,1
00-0036971,2025,9,5
00-0029892,2021,3,2
00-0035250,2022,5,1
00-0030513,2020,11,1
00-0034301,2021,6,6
00-0036875,2021,5,4
00-0034869,2025,6,4
00-0035217,2019,6,2
00-0037746,2025,17,1
00-0019596,2020,15,1
00-0035243,2024,18,3
00-0039064,2023,2,1
00-0033045,2021,3,6
00-0027966,2019,16,1
00-0030513,2023,8,2
00-0036360,2021,15,1
00-0036919,2024,2,2
00-0033293,2022,15,3
00-0036212,2021,7,2
00-0039163,2025,18,1
00-0033897,2020,5,1
00-0033293,2020,12,4
00-0033537,2019,2,1
00-0033293,2021,7,2
00-0035806,2022,12,4
00-0033856,2020,19,2
00-0033537,2023,10,1
00-0033077,2023,19,4
00-0037746,2023,1,3
00-0035719,2022,1,3
00-0037258,2022,10,5
00-0033045,2024,15,3
00-0032602,2020,7,2
00-0025394,2019,4,2
00-0033293,2023,7,1
00-0035228,2022,2,2
00-0036212,2024,2,1
00-0036251,2024,5,3
00-0033893,2020,9,4
00-0036264,2024,6,3
00-0037248,2022,20,1
00-0039920,2025,14,1
00-0030565,2025,17,1
00-0038120,2024,7,2
00-0037840,2024,2,5
00-0036268,2021,2,1
00-0032385,2019,5,1
00-0037256,2023,9,7
00-0036924,2021,11,2
00-0037263,2023,10,4
00-0038951,2025,11,4
00-0036875,2025,13,2
00-0031280,2019,16,1
00-0035685,2023,18,2
00-0035250,2024,3,2
00-0033873,2025,5,2
00-0036158,2022,14,2
00-0034419,2021,17,1
00-0034419,2022,6,1
00-0037617,2025,6,1
00-0037258,2022,3,8
00-0034184,2020,16,6
00-0039738,2025,21,1
00-0035282,2023,18,4
00-0030496,2020,15,4
00-0039391,2024,14,1
00-0036265,2025,5,1
00-0036223,2023,7,6
00-0037304,2025,15,2
00-0039798,2025,16,1
00-0034109,2019,14,4
00-0032144,2021,6,1
00-0033119,2019,11,1
00-0040583,2025,4,1
00-0037256,2022,18,1
00-0036555,2023,13,5
00-0033045,2019,4,3
00-0030513,2019,17,2
00-0029567,2020,4,1
00-0031280,2022,12,1
00-0033556,2019,8,3
00-0036265,2023,4,1
00-0036425,2023,1,1
00-0034857,2020,7,3
00-0037256,2025,5,4
00-0033948,2021,4,5
00-0039398,2024,18,3
00-0035261,2020,4,1
00-0030496,2021,17,2
00-0036442,2024,5,1
00-0036223,2025,3,5
00-0031376,2021,20,4
00-0034440,2022,9,1
00-0033948,2020,3,2
00-0036913,2022,20,1
00-0032764,2024,10,4
00-0029604,2019,5,1
00-0040691,2025,8,2
00-0038040,2023,18,6
00-0037291,2024,4,1
00-0034972,2024,18,1
00-0032436,2022,18,1
00-0039732,2025,10,3
00-0035719,2021,16,1
00-0034358,2019,12,1
00-0036898,2025,9,1
00-0032187,2022,16,1
00-0040242,2025,9,1
00-0038685,2024,13,1
00-0034115,2022,1,3
00-0033567,2019,16,1
00-0033077,2024,5,1
00-0036389,2023,9,2
00-0036139,2023,4,1
00-0032764,2022,3,1
00-0028087,2019,15,1
00-0034855,2025,5,2
00-0036360,2021,2,1
00-0035831,2022,1,2
00-0035685,2024,3,2
00-0040784,2025,10,1
00-0033280,2020,9,2
00-0036567,2021,2,1
00-0035700,2024,16,3
00-0033466,2021,20,1
00-0036919,2025,18,2
00-0039040,2023,5,4
00-0033119,2021,3,2
00-0038134,2025,6,2
00-0040583,2025,12,6
00-0040466,2025,18,1
00-0023459,2022,10,1
00-0032058,2022,6,2
00-0036364,2020,4,1
00-0033280,2023,13,2
00-0030456,2019,11,1
00-0033951,2019,16,5
00-0036355,2024,12,1
00-0036275,2025,11,3
00-0035100,2025,5,1
00-0033537,2020,4,1
00-0033296,2021,9,1
00-0036973,2024,3,1
00-0033906,2024,5,1
00-0034432,2019,11,2
00-0037267,2024,16,4
00-0038040,2022,5,1
00-0033293,2022,17,1
00-0036919,2021,9,2
00-0036139,2025,18,1
00-0033280,2022,5,3
00-0038134,2025,18,1
00-0031062,2019,13,1
00-0033526,2024,14,1
00-0034857,2024,10,5
00-0035250,2025,9,1
00-0032241,2019,11,3
00-0037228,2023,5,1
00-0038454,2023,15,1
00-0036328,2020,12,3
00-0036919,2024,18,3
00-0039032,2025,8,3
00-0033119,2025,9,1
00-0026498,2021,4,3
00-0033045,2019,6,10
00-0034791,2025,13,3
00-0033553,2024,13,1
00-0036945,2025,10,1
00-0039165,2025,7,2
00-0034972,2022,4,1
00-0034869,2021,1,2
00-0032764,2022,2,2
00-0033897,2021,9,3
00-0039164,2024,3,3
00-0034109,2019,2,1
00-0032257,2020,14,1
00-0034854,2023,5,1
00-0037525,2024,3,5
00-0033897,2019,3,2
00-0030513,2019,18,1
00-0036493,2022,8,1
00-0023500,2020,9,1
00-0036997,2023,1,1
00-0036223,2022,11,6
00-0034771,2023,17,2
00-0039164,2024,2,1
00-0033307,2022,5,1
00-0033906,2024,3,4
00-0033307,2021,17,1
00-0032062,2021,10,1
00-0040236,2025,7,3
00-0040784,2025,12,3
00-0034796,2019,15,1
00-0033699,2021,14,2
00-0038551,2025,4,4
00-0034855,2022,2,3
00-0033280,2024,12,2
00-0034646,2022,17,1
00-0032741,2021,16,3
00-0032063,2020,16,3
00-0036251,2024,3,4
00-0033308,2022,5,2
00-0037248,2025,19,2
00-0036875,2025,18,1
00-0038120,2023,18,3
00-0030496,2019,2,1
00-0034440,2019,2,2
00-0034253,2021,17,1
00-0033553,2022,16,1
00-0034959,2023,2,1
00-0037746,2024,5,3
00-0037256,2025,16,2
00-0034799,2020,9,4
00-0037746,2024,20,4
00-0034791,2021,14,3
00-0035243,2022,5,5
00-0036264,2025,16,1
00-0032257,2020,10,1
00-0034791,2020,17,5
00-0033526,2022,16,2
00-0035243,2019,1,2
00-0033526,2020,16,5
00-0038977,2024,11,1
00-0034753,2025,9,1
00-0039359,2025,20,2
00-0031806,2022,9,1
00-0033293,2019,17,2
00-0031806,2019,2,2
00-0034208,2024,18,1
00-0033923,2022,18,1
00-0040142,2025,11,2
00-0035261,2023,2,10
00-0030496,2019,12,2
00-0036252,2021,13,1
00-0032764,2022,12,3
00-0034331,2019,10,1
00-0036360,2022,9,1
00-0033118,2020,7,3
00-0035250,2019,14,2
00-0037263,2025,11,1
00-0033357,2020,5,1
00-0029263,2024,7,2
00-0036275,2025,15,2
00-0034855,2025,3,1
00-0034796,2019,11,2
00-0036360,2023,12,2
00-0033077,2024,3,1
00-0037746,2025,9,1
00-0036223,2022,1,7
00-0037746,2025,16,3
00-0033308,2022,11,1
00-0033856,2019,5,4
00-0039139,2024,4,5
00-0031376,2020,8,1
00-0030431,2019,14,1
00-0029239,2019,4,1
00-0033950,2020,9,2
00-0036355,2022,16,1
00-0033923,2020,4,4
00-0025394,2019,6,2
00-0037248,2022,16,3
00-0039040,2024,12,1
00-0033873,2019,13,1
00-0039874,2025,16,2
00-0035664,2021,22,1
00-0033893,2021,9,7
00-0034115,2022,8,1
00-0036945,2022,10,4
00-0036971,2022,19,1
00-0037248,2023,8,3
00-0037157,2022,12,1
00-0036893,2024,1,5
00-0033725,2021,14,2
00-0034857,2022,15,5
00-0037263,2025,10,5
00-0032058,2020,2,1
00-0036829,2022,4,4
00-0037248,2025,5,3
00-0036919,2022,12,3
00-0037197,2022,21,1
00-0033873,2022,22,3
00-0038134,2025,20,9
00-0034115,2022,3,1
00-0034857,2021,17,6
00-0027966,2020,1,2
00-0034899,2020,17,1
00-0029604,2019,1,1
00-0033856,2019,4,8
00-0036442,2020,6,1
00-0025394,2020,7,1
00-0038134,2022,17,6
00-0034975,2025,10,1
00-0032257,2019,1,1
00-0034844,2023,18,4
00-0032144,2019,9,5
00-0031280,2023,1,2
00-0034796,2019,4,1
00-0036875,2024,11,5
00-0038454,2025,9,1
00-0039163,2025,15,2
00-0039920,2024,13,1
00-0033921,2022,9,1
00-0023459,2019,10,1
00-0036265,2021,6,1
00-0036945,2022,1,3
00-0033308,2023,5,1
00-0034184,2022,16,1
00-0032943,2023,10,1
00-0035806,2022,14,1
00-0038794,2023,7,2
00-0037240,2024,17,1
00-0034855,2024,19,1
00-0036370,2022,5,3
00-0033923,2023,16,5
00-0033572,2023,1,2
00-0034679,2019,9,1
00-0032241,2020,13,4
00-0029892,2020,14,1
00-0032764,2019,2,2
00-0034414,2023,18,1
00-0033906,2024,14,1
00-0038797,2025,4,2
00-0033077,2021,3,3
00-0034975,2019,9,1
00-0034400,2019,15,2
00-0036849,2022,13,1
00-0036972,2022,18,2
00-0034349,2019,3,4
00-0034184,2020,2,1
00-0033077,2019,15,2
00-0036567,2021,12,2
00-0037197,2022,1,3
00-0038122,2023,7,4
00-0033925,2023,14,1
00-0035261,2021,16,2
00-0030578,2022,9,4
00-0029263,2022,17,2
00-0033854,2024,4,2
00-0039917,2025,1,2
00-0036893,2021,6,4
00-0032268,2022,2,3
00-0034349,2019,6,4
00-0039918,2024,5,2
00-0036945,2025,5,2
00-0026544,2019,4,1
00-0035993,2025,17,2
00-0033118,2021,5,2
00-0034771,2021,10,1
00-0034791,2022,10,1
00-0033119,2019,14,3
00-0034816,2021,11,1
00-0036963,2023,10,1
00-0036223,2025,15,2
00-0030068,2023,7,1
00-0037248,2025,16,4
00-0030578,2021,2,2
00-0036223,2022,3,3
00-0037263,2022,5,3
00-0035700,2020,17,2
00-0033045,2024,1,1
00-0033106,2020,10,1
00-0033045,2020,8,2
00-0039384,2025,17,3
00-0038102,2022,17,2
00-0035140,2023,20,1
00-0034844,2023,12,1
00-0035228,2024,5,1
00-0036924,2022,18,1
00-0036893,2021,2,1
00-0035342,2019,12,1
00-0037563,2022,17,1
00-0031595,2021,14,1
00-0033881,2020,5,2
00-0031045,2019,7,2
00-0037197,2024,21,1
00-0034301,2022,2,1
00-0034816,2020,6,5
00-0032268,2022,11,5
00-0033293,2024,1,2
00-0034857,2024,15,5
00-0033280,2025,19,5
00-0032897,2022,18,1
00-0029701,2020,11,2
00-0032764,2024,5,2
00-0036945,2022,2,4
00-0034796,2021,5,4
00-0039139,2023,13,3
00-0036924,2025,11,1
00-0034414,2023,6,1
00-0040676,2025,14,1
00-0031045,2020,7,1
00-0030513,2020,9,1
00-0039373,2024,16,2
00-0036567,2021,21,1
00-0036389,2022,6,1
00-0039398,2025,18,1
00-0040122,2025,9,3
00-0030565,2024,8,2
00-0030288,2022,3,1
00-0035719,2022,18,1
00-0035664,2020,11,1
00-0033893,2020,1,5
00-0034975,2024,6,1
00-0036924,2025,10,1
00-0036264,2023,20,1
00-0034844,2019,9,7
00-0034301,2020,6,3
00-0033119,2022,7,1
00-0033873,2021,14,3
00-0031285,2019,15,1
00-0033280,2025,2,1
00-0033077,2021,5,1
00-0033858,2025,15,1
00-0035719,2023,5,3
00-0031687,2020,12,1
00-0032764,2020,18,2
00-0027029,2019,11,2
00-0019596,2022,8,1
00-0031280,2024,10,1
00-0035710,2021,6,1
00-0033357,2021,18,1
00-0038122,2023,2,2
00-0040644,2025,4,2
00-0036223,2020,13,1
00-0040730,2025,17,2
00-0029239,2019,6,2
00-0033897,2019,12,1
00-0036020,2022,19,1
00-0035719,2022,10,1
00-0030578,2024,12,1
00-0038555,2024,14,2
00-0039361,2025,13,3
00-0037248,2023,20,3
00-0037197,2023,19,9
00-0036963,2022,10,1
00-0037228,2025,19,1
00-0031590,2019,13,1
00-0033699,2019,1,2
00-0033948,2020,2,1
00-0036265,2020,19,1
00-0039021,2023,18,1
00-0032975,2022,18,4
00-0035957,2020,12,2
00-0035228,2021,3,3
00-0036442,2021,13,1
00-0033594,2019,9,3
00-0033045,2023,6,2
00-0037197,2023,21,4
00-0037228,2024,17,3
00-0040667,2025,16,1
00-0032450,2019,8,1
00-0035973,2024,18,2
00-0033293,2025,14,1
00-0027939,2020,2,7
00-0032741,2019,4,3
00-0034816,2020,2,1
00-0032741,2020,15,2
00-0039139,2025,14,5
00-0039325,2024,3,6
00-0033553,2022,4,3
00-0036971,2022,1,2
00-0033572,2022,6,1
00-0034972,2020,3,2
00-0031345,2019,14,1
00-0030288,2022,14,2
00-0035261,2024,2,2
00-0034972,2023,3,4
00-0035685,2022,10,3
00-0033357,2020,1,1
00-0034869,2019,17,1
00-0036898,2021,18,1
00-0035261,2024,1,1
00-0039875,2024,1,1
00-0035710,2022,4,1
00-0038563,2025,5,1
00-0035217,2019,12,6
00-0033280,2019,4,4
00-0039139,2023,16,5
00-0027966,2022,2,1
00-0036555,2025,16,3
00-0039851,2025,13,1
00-0034796,2020,17,1
00-0034972,2021,4,1
00-0035500,2022,9,1
00-0035250,2019,15,4
00-0035664,2020,3,6
00-0039165,2025,14,1
00-0036555,2022,12,2
00-0033725,2020,12,1
00-0023459,2024,3,1
00-0039139,2025,4,4
00-0036555,2025,8,2
00-0033077,2025,15,1
00-0036328,2021,1,1
00-0035140,2022,7,1
00-0036264,2023,3,1
00-0033699,2023,6,3
00-0032741,2019,10,2
00-0033293,2022,7,1
00-0035311,2020,17,2
00-0038738,2023,4,2
00-0034791,2020,12,4
00-0037248,2024,17,2
00-0037746,2024,21,1
00-0037746,2023,13,1
00-0040691,2025,15,3
00-0033594,2019,6,7
00-0032764,2023,2,5
00-0033869,2020,17,1
00-0036973,2022,19,3
00-0036328,2020,10,3
00-0033357,2021,9,1
00-0033045,2019,2,5
00-0033293,2023,9,6
00-0033045,2020,11,2
00-0039021,2024,4,2
00-0031280,2020,16,2
00-0039880,2025,18,1
00-0037248,2023,4,3
00-0039910,2024,12,2
00-0036414,2022,5,1
00-0036650,2021,3,2
00-0038098,2023,2,2
00-0033045,2021,6,3
00-0035261,2024,10,1
00-0038542,2025,2,3
00-0036945,2021,15,2
00-0035806,2022,10,1
00-0033045,2022,20,1
00-0030496,2019,1,1
00-0035628,2025,10,1
00-0036442,2022,7,2
00-0033873,2023,8,1
00-0036997,2025,2,2
00-0033856,2020,16,1
00-0037840,2025,2,3
00-0032975,2021,14,3
00-0032940,2019,17,5
00-0027966,2021,9,1
00-0033526,2022,2,1
00-0035973,2021,18,6
00-0037013,2022,5,1
00-0034972,2024,16,1
00-0035250,2024,1,3
00-0036389,2024,6,3
00-0039918,2025,14,1
00-0033293,2021,3,6
00-0033077,2021,14,3
00-0034109,2022,6,1
00-0033118,2020,11,3
00-0036275,2020,14,2
00-0039165,2023,13,5
00-0037834,2025,17,2
00-0034378,2019,4,2
00-0033949,2023,8,3
00-0036223,2022,4,3
00-0033567,2019,14,1
00-0034844,2025,16,5
00-0034857,2020,18,1
00-0032975,2019,11,4
00-0035664,2020,1,2
00-0039164,2024,4,2
00-0034631,2019,5,1
00-0038120,2022,2,1
00-0029263,2019,7,1
00-0025399,2019,18,2
00-0033308,2022,19,1
00-0034816,2020,21,3
00-0037256,2023,10,1
00-0036919,2024,12,1
00-0034855,2024,13,1
00-0040122,2025,10,2
00-0031045,2021,9,3
00-0035685,2023,2,3
00-0036275,2025,2,1
00-0038134,2024,7,1
00-0034972,2019,9,1
00-0037248,2022,8,1
00-0039150,2023,16,1
00-0036945,2022,16,2
00-0027966,2019,15,4
00-0035685,2021,2,3
00-0037834,2023,2,2
00-0033856,2020,10,3
00-0036355,2020,16,1
00-0028087,2019,17,1
00-0037263,2023,18,1
00-0031237,2021,1,2
00-0030578,2022,11,2
00-0036264,2023,11,1
00-0036875,2025,7,4
00-0032918,2025,18,1
00-0036893,2023,17,12
00-0038797,2024,5,2
00-0033526,2020,13,1
00-0034838,2023,15,2
00-0032764,2022,8,5
00-0030496,2021,9,3
00-0033293,2025,16,4
00-0036945,2022,9,1
00-0036355,2021,14,1
00-0030578,2020,13,2
00-0033948,2020,4,2
00-0031382,2021,11,1
00-0035685,2022,7,4
00-0034796,2025,4,1
00-0039164,2023,1,4
00-0033106,2023,5,1
00-0036158,2025,7,2
00-0035243,2024,6,1
00-0033025,2019,5,1
00-0033280,2022,2,1
00-0033923,2022,5,3
00-0033553,2023,11,1
00-0036875,2024,15,2
00-0033553,2020,2,5
00-0031687,2019,12,1
00-0033553,2020,7,7
00-0032426,2020,9,1
00-0035700,2025,14,2
00-0040122,2025,14,1
00-0033925,2021,16,1
00-0037525,2024,7,4
00-0035228,2022,6,1
00-0034975,2023,10,1
00-0034367,2020,14,3
00-0033106,2021,4,2
00-0033118,2022,6,1
00-0033106,2020,5,1
00-0034857,2022,3,3
00-0036251,2021,10,2
00-0039851,2024,11,2
00-0034115,2023,16,2
00-0039139,2024,8,3
00-0034869,2021,8,1
00-0033873,2022,12,2
00-0032918,2019,14,1
00-0038454,2025,17,3
00-0032241,2020,7,8
00-0034681,2021,17,4
00-0036158,2020,8,2
00-0036919,2024,7,5
00-0037013,2022,15,1
00-0037013,2023,4,1
00-0033537,2020,12,1
00-0037258,2023,13,4
00-0035261,2023,17,2
00-0034972,2024,5,1
00-0034972,2021,3,5
00-0037013,2022,16,1
00-0039918,2025,3,1
00-0038128,2025,17,3
00-0026498,2021,1,3
00-0039359,2025,13,3
00-0037286,2023,18,1
00-0039910,2024,17,6
00-0036326,2020,5,1
00-0036139,2025,15,2
00-0038124,2022,1,1
00-0034857,2025,14,2
00-0036370,2023,3,2
00-0029701,2020,7,1
00-0039738,2025,16,3
00-0037840,2023,2,5
00-0033293,2021,4,2
00-0034115,2020,3,5
00-0035228,2021,5,1
00-0033293,2023,8,2
00-0032144,2020,7,2
00-0037746,2023,2,4
00-0033077,2021,17,2
00-0035664,2021,1,4
00-0035261,2024,14,3
00-0036268,2023,5,3
00-0033897,2019,10,4
00-0032950,2020,5,1
00-0035217,2021,18,1
00-0036906,2024,3,3
00-0033553,2021,11,4
00-0039067,2025,9,1
00-0033897,2021,19,7
00-0036919,2023,16,1
00-0034857,2023,11,1
00-0037263,2025,17,1
00-0035261,2019,3,1
00-0035250,2021,15,5
00-0034796,2022,11,1
00-0036265,2023,13,5
00-0034816,2019,5,1
00-0040242,2025,18,5
00-0036355,2025,19,3
00-0029263,2023,5,1
00-0030456,2020,16,1
00-0037240,2025,14,1
00-0034855,2020,5,1
00-0037263,2023,14,1
00-0032940,2019,4,2
00-0034855,2022,11,1
00-0034681,2022,3,2
00-0033280,2025,1,8
00-0034975,2025,1,1
00-0033280,2023,15,3
00-0038685,2024,16,1
00-0036328,2025,2,1
00-0036945,2025,11,1
00-0033553,2024,10,3
00-0037157,2025,6,3
00-0034349,2019,16,2
00-0033906,2019,2,1
00-0036360,2020,15,2
00-0039851,2025,18,1
00-0035291,2021,18,1
00-0037267,2023,16,5
00-0037525,2024,4,6
00-0038134,2024,11,2
00-0035831,2021,11,1
00-0031280,2021,3,1
00-0034844,2024,14,5
00-0034975,2024,19,1
00-0029701,2021,2,1
00-0036875,2023,2,3
00-0033077,2023,16,1
00-0038134,2025,2,3
00-0031806,2019,3,1
00-0032104,2021,10,2
00-0033854,2022,15,1
00-0034184,2024,10,4
00-0035657,2022,3,2
00-0036275,2022,15,1
00-0033045,2023,14,2
00-0039893,2025,1,1
00-0036875,2025,5,3
00-0037258,2022,11,1
00-0027966,2020,2,3
00-0036893,2022,3,3
00-0038120,2024,15,1
00-0040128,2025,14,1
00-0026498,2020,12,1
00-0037263,2024,2,4
00-0039794,2024,2,1
00-0039150,2023,15,3
00-0034857,2019,9,1
00-0033906,2022,17,4
00-0036984,2024,4,2
00-0033948,2024,18,3
00-0026625,2019,9,1
00-0039373,2024,8,1
00-0035217,2022,12,1
00-0036945,2021,1,1
00-0036328,2020,16,1
00-0038542,2023,12,2
00-0036919,2021,2,1
00-0037801,2022,2,1
00-0040556,2025,16,2
00-0033893,2021,14,4
00-0031687,2023,15,7
00-0036328,2020,7,3
00-0036360,2020,11,3
00-0034816,2019,3,4
00-0031045,2020,12,3
00-0036635,2023,15,1
00-0033856,2022,9,2
00-0027973,2022,4,1
00-0036275,2024,3,2
00-0033567,2020,6,1
00-0036265,2022,15,5
00-0033077,2025,4,1
00-0037248,2022,2,2
00-0036355,2025,8,3
00-0039920,2024,9,1
00-0036326,2022,1,1
00-0034857,2024,19,2
00-0033282,2020,3,2
00-0030565,2023,16,1
00-0033923,2019,17,1
00-0035261,2021,10,2
00-0039032,2024,4,2
00-0040734,2025,1,1
00-0034838,2019,8,4
00-0036414,2024,2,1
00-0035243,2019,13,3
00-0034301,2022,8,3
00-0033923,2024,17,2
00-0030874,2019,20,2
00-0033077,2025,14,1
00-0033893,2019,11,3
00-0035268,2021,18,2
00-0036264,2023,9,2
00-0039894,2024,16,2
00-0039918,2024,12,1
00-0038120,2024,8,4
00-0037240,2023,13,1
00-0019596,2020,21,1
00-0039165,2025,13,4
00-0036997,2023,11,5
00-0036442,2021,16,1
00-0033897,2020,2,4
00-0035243,2020,2,5
00-0023500,2019,12,1
00-0034681,2021,15,2
00-0037077,2023,8,1
00-0035243,2021,13,3
00-0034115,2022,17,1
00-0033897,2020,6,4
00-0036370,2020,11,2
00-0033897,2021,8,5
00-0033118,2020,16,5
00-0034816,2020,4,2
00-0033045,2021,4,3
00-0033526,2022,12,3
00-0033699,2024,9,3
00-0034844,2022,11,1
00-0033293,2022,18,2
00-0035700,2020,2,5
00-0030506,2025,12,1
00-0034855,2021,2,2
00-0035250,2025,18,3
00-0035719,2024,2,1
00-0027966,2021,8,1
00-0037563,2022,8,1
00-0036997,2025,8,5
00-0037746,2024,7,5
00-0035664,2023,11,2
00-0037827,2022,18,4
00-0033045,2021,11,1
00-0032450,2022,9,1
00-0031687,2023,13,2
00-0026143,2022,12,1
00-0035187,2021,17,3
00-0037197,2023,13,7
00-0032950,2019,12,1
00-0032241,2020,1,5
00-0034857,2023,17,6
00-0034367,2021,4,2
00-0037617,2024,11,2
00-0040236,2025,11,2
00-0039139,2024,18,5
00-0036555,2022,15,2
00-0038098,2023,17,1
00-0032950,2024,15,2
00-0038542,2023,10,4
00-0034975,2019,11,2
00-0031806,2020,13,1
00-0019596,2019,16,2
00-0036893,2021,10,2
00-0034816,2022,18,2
00-0033948,2023,17,2
00-0030564,2019,14,1
00-0036893,2024,6,2
00-0036567,2021,7,1
00-0036223,2022,10,2
00-0035250,2021,2,3
00-0036355,2023,1,1
00-0039391,2025,8,5
00-0035289,2019,16,1
00-0036251,2020,9,2
00-0036265,2022,12,1
00-0035719,2021,18,2
00-0033897,2023,3,1
00-0035806,2021,1,1
00-0035831,2020,1,2
00-0034796,2020,3,1
00-0038597,2024,11,5
00-0033925,2020,8,1
00-0034844,2024,4,3
00-0035261,2019,2,1
00-0035577,2019,13,2
00-0029567,2020,6,1
00-0036265,2021,5,3
00-0036555,2023,4,5
00-0034796,2022,8,1
00-0033699,2022,12,1
00-0039921,2025,3,1
00-0038597,2025,4,1
00-0026143,2021,13,1
00-0035537,2024,19,3
00-0034816,2020,14,3
00-0037594,2024,17,1
00-0035311,2021,10,4
00-0035710,2022,13,3
00-0036355,2023,12,1
00-0033553,2020,9,1
00-0032144,2022,5,6
00-0034367,2022,8,1
00-0034972,2022,10,1
00-0032268,2021,12,2
00-0023459,2025,14,1
00-0035537,2019,13,1
00-0033699,2020,17,3
00-0034791,2021,9,3
00-0036919,2021,7,1
00-0038120,2023,13,1
00-0034844,2022,8,2
00-0038134,2023,4,5
00-0035719,2021,14,1
00-0036971,2022,6,2
00-0033045,2022,15,4
00-0031062,2020,6,1
00-0033537,2019,5,1
00-0032764,2019,5,5
00-0037005,2021,3,1
00-0037228,2022,3,2
00-0034109,2019,3,7
00-0034115,2021,16,3
00-0035700,2020,4,1
00-0030578,2019,14,1
00-0036637,2023,6,1
00-0032058,2019,8,3
00-0035639,2022,9,1
00-0033893,2019,13,1
00-0036898,2021,8,1
00-0033045,2023,10,4
00-0034972,2024,8,7
00-0033897,2024,18,3
00-0035664,2019,6,1
00-0039798,2025,1,1
00-0040236,2025,16,1
00-0036875,2022,11,2
00-0033895,2019,2,1
00-0034791,2022,15,3
00-0032764,2020,8,4
00-0032187,2020,4,3
00-0034857,2020,3,4
00-0035831,2021,16,1
00-0035710,2022,8,2
00-0039165,2023,1,1
00-0036275,2023,2,7
00-0036971,2021,3,1
00-0035710,2022,11,3
00-0039152,2023,9,1
00-0036567,2023,17,6
00-0036139,2024,16,1
00-0031285,2020,5,2
00-0034844,2024,17,4
00-0037840,2024,7,4
00-0039165,2025,18,6
00-0040666,2025,17,3
00-0033594,2020,12,2
00-0034857,2021,1,4
00-0035125,2019,14,1
00-0033077,2025,8,1
00-0034349,2020,12,1
00-0036223,2021,18,2
00-0032764,2024,19,2
00-0037263,2025,2,4
00-0026158,2025,4,2
00-0033948,2023,12,1
00-0037228,2024,7,3
00-0036567,2021,17,1
00-0034844,2022,1,5
00-0040719,2025,3,1
00-0035657,2020,4,1
00-0040676,2025,3,1
00-0035806,2022,7,1
00-0034838,2019,5,2
00-0036972,2021,8,1
00-0040784,2025,11,4
00-0033293,2022,13,5
00-0034857,2019,2,2
00-0039875,2024,13,2
00-0036555,2024,4,6
00-0038797,2025,18,3
00-0035628,2022,8,1
00-0039139,2023,15,3
00-0035261,2025,3,3
00-0039851,2025,10,2
00-0036893,2021,8,4
00-0027966,2019,12,4
00-0035710,2021,5,1
00-0031503,2019,11,1
00-0035125,2024,7,1
00-0033119,2022,8,4
00-0033923,2025,5,4
00-0036945,2022,17,1
00-0035289,2024,11,1
00-0033282,2020,10,1
00-0033296,2019,12,1
00-0035628,2024,9,1
00-0030578,2021,14,6
00-0033923,2021,3,2
00-0034855,2019,4,2
00-0035216,2020,3,1
00-0040128,2025,13,1
00-0034796,2025,13,1
00-0036924,2021,9,2
00-0030513,2021,14,1
00-0036269,2023,18,2
00-0036997,2024,1,3
00-0039923,2025,1,1
00-0035261,2022,7,4
00-0036389,2023,16,2
00-0035685,2019,11,1
00-0034838,2023,12,3
00-0037834,2024,8,3
00-0034857,2024,7,1
00-0037263,2024,9,2
00-0032780,2019,7,1
00-0027966,2022,6,1
00-0033925,2022,16,4
00-0037248,2024,20,7
00-0034975,2019,16,2
00-0032764,2019,20,5
00-0032257,2021,11,1
00-0033077,2022,17,1
00-0030506,2021,11,1
00-0035250,2020,8,1
00-0037746,2025,13,1
00-0028118,2021,1,1
00-0035217,2021,10,1
00-0034959,2025,15,1
00-0032543,2020,14,1
00-0035250,2019,2,1
00-0037228,2023,18,1
00-0035243,2022,8,1
00-0033119,2019,9,2
00-0040242,2025,7,1
00-0036893,2024,18,5
00-0033906,2024,10,3
00-0027966,2019,4,3
00-0035342,2019,17,2
00-0034331,2020,1,1
00-0034440,2021,15,2
00-0034857,2023,2,3
00-0039373,2024,12,1
00-0032764,2025,2,2
00-0037263,2023,8,1
00-0035268,2019,6,1
00-0031589,2019,17,1
00-0037263,2024,6,9
00-0036264,2023,14,1
00-0035243,2021,6,4
00-0040718,2025,7,1
00-0038862,2023,2,1
00-0032144,2021,12,4
00-0027939,2021,12,2
00-0036360,2021,16,1
00-0034844,2022,16,1
00-0039164,2024,1,2
00-0035250,2024,12,1
00-0032063,2021,15,1
00-0036971,2021,11,2
00-0034432,2019,12,1
00-0036924,2024,17,3
00-0036997,2021,9,2
00-0026498,2020,14,1
00-0035567,2021,18,2
00-0039163,2024,1,1
00-0037299,2022,14,1
00-0033869,2020,1,1
00-0033288,2020,1,1
00-0036857,2021,16,1
00-0034109,2019,16,4
00-0034845,2020,1,3
00-0036357,2021,2,1
00-0036360,2021,13,1
00-0035217,2022,13,1
00-0035567,2021,16,2
00-0023682,2020,3,1
00-0033897,2022,2,1
00-0038134,2022,8,3
00-0030431,2021,8,1
00-0034331,2019,5,1
00-0034378,2019,5,2
00-0039798,2024,14,2
00-0035250,2023,15,5
00-0037525,2022,18,2
00-0039757,2025,9,3
00-0039040,2025,11,7
00-0033925,2024,6,1
00-0032741,2019,9,1
00-0034975,2024,9,2
00-0034837,2020,17,1
00-0040236,2025,19,1
00-0033897,2024,6,6
00-0033308,2022,4,1
00-0035228,2020,13,1
00-0036297,2020,15,5
00-0039376,2025,6,1
00-0035268,2019,8,1
00-0035243,2019,11,2
00-0039798,2025,11,1
00-0033699,2023,8,1
00-0034378,2019,6,3
00-0038542,2025,6,1
00-0035628,2024,7,2
00-0033897,2023,4,2
00-0035259,2020,5,1
00-0034838,2019,1,2
00-0038555,2023,3,1
00-0034816,2021,5,2
00-0034301,2021,8,2
00-0035831,2020,10,1
00-0036212,2023,14,1
00-0036223,2020,17,8
00-0033526,2022,14,1
00-0035261,2022,3,2
00-0036158,2022,3,2
00-0034857,2020,19,1
00-0040676,2025,5,3
00-0037267,2023,12,1
00-0031687,2024,16,1
00-0034791,2019,11,3
00-0035289,2019,13,1
00-0036383,2022,7,6
00-0033662,2024,9,1
00-0037256,2024,15,2
00-0034844,2025,3,5
00-0034184,2023,3,1
00-0030496,2020,5,2
00-0034791,2025,5,2
00-0032436,2022,14,1
00-0036984,2023,15,1
00-0035993,2024,17,1
00-0035537,2019,12,1
00-0032144,2021,9,4
00-0034791,2024,9,4
00-0023682,2019,9,1
00-0033293,2019,5,7
00-0036906,2022,8,3
00-0033948,2023,14,1
00-0039373,2024,18,1
00-0034796,2025,11,1
00-0036212,2024,14,1
00-0034844,2022,13,3
00-0034349,2019,4,7
00-0030404,2019,2,1
00-0032144,2019,7,5
00-0036971,2021,16,2
00-0034791,2022,11,1
00-0031687,2022,15,2
00-0034972,2019,6,4
00-0035831,2022,6,2
00-0040705,2025,3,1
00-0034791,2025,8,1
00-0032426,2020,17,5
00-0031345,2023,1,2
00-0039738,2024,5,3
00-0031503,2023,5,3
00-0036913,2021,5,1
00-0033045,2021,2,3
00-0033893,2023,20,1
00-0033280,2025,6,4
00-0033893,2020,16,4
00-0033699,2022,17,2
00-0036223,2020,4,3
00-0036251,2023,6,2
00-0032436,2019,11,2
00-0033282,2019,15,2
00-0032426,2021,8,2
00-0036555,2022,16,1
00-0032144,2019,13,1
00-0036567,2021,20,2
00-0035250,2021,17,9
00-0033923,2025,15,1
00-0035261,2024,11,1
00-0038124,2023,5,1
00-0037256,2025,6,4
00-0036973,2023,12,4
00-0035537,2025,18,7
00-0029701,2021,10,2
00-0033897,2021,4,2
00-0035250,2023,9,2
00-0036972,2025,10,1
00-0032918,2020,2,1
00-0036450,2021,19,4
00-0032268,2022,12,1
00-0033553,2024,17,1
00-0039032,2024,17,2
00-0035664,2022,2,3
00-0034857,2025,8,2
00-0036414,2022,12,1
00-0033293,2023,18,5
00-0035710,2025,10,3
00-0039361,2024,5,3
00-0038685,2025,12,2
00-0037525,2024,13,2
00-0035148,2020,17,3
00-0036755,2021,15,2
00-0039163,2023,13,1
00-0036442,2021,9,1
00-0038040,2024,9,3
00-0036924,2025,6,1
00-0036389,2021,7,2
00-0034791,2023,1,2
00-0039139,2023,14,1
00-0033553,2023,15,2
00-0035628,2024,2,1
00-0036251,2021,4,5
00-0034301,2019,7,2
00-0033923,2024,5,4
00-0033553,2020,5,4
00-0037248,2025,1,4
00-0030496,2019,16,1
00-0037013,2023,1,2
00-0030061,2021,7,1
00-0039164,2024,11,2
00-0035261,2022,11,2
00-0035700,2021,6,4
00-0033282,2023,1,1
00-0036997,2021,10,3
00-0036893,2022,4,1
00-0034975,2019,4,1
00-0033045,2020,6,1
00-0033537,2022,17,1
00-0036414,2020,1,1
00-0034791,2019,5,2
00-0034791,2021,15,3
00-0040666,2025,15,1
00-0034845,2019,18,3
00-0034844,2023,8,7
00-0036973,2024,1,4
00-0031376,2022,2,2
00-0027948,2021,5,3
00-0034845,2021,8,4
00-0032602,2019,4,1
00-0037746,2022,17,4
00-0037563,2025,11,1
00-0035685,2025,13,3
00-0031285,2020,6,3
00-0037256,2022,15,2
00-0036328,2022,16,2
00-0033293,2020,6,1
00-0033025,2021,7,1
00-0039363,2024,13,1
00-0036442,2020,7,3
00-0033923,2023,8,3
00-0025394,2020,17,1
00-0023682,2020,2,3
00-0032426,2021,12,1
00-0033119,2023,15,1
00-0037746,2022,16,4
00-0035657,2020,12,4
00-0036290,2020,16,1
00-0034440,2021,17,3
00-0033906,2022,12,1
00-0033293,2023,1,3
00-0034838,2023,8,2
00-0033077,2019,3,1
00-0036139,2025,8,1
00-0039738,2025,13,2
00-0038040,2023,16,1
00-0035664,2020,10,1
00-0031345,2019,12,1
00-0038120,2025,1,2
00-0034414,2020,2,1
00-0038597,2023,14,4
00-0034681,2021,6,1
00-0032187,2020,16,2
00-0035537,2023,20,1
00-0027973,2022,12,1
00-0040719,2025,19,1
00-0032187,2021,9,1
00-0033550,2022,18,1
00-0034253,2019,9,1
00-0034955,2020,4,1
00-0034414,2022,20,1
00-0037525,2023,5,1
00-0034972,2023,11,5
00-0033308,2021,10,1
00-0035685,2023,16,4
00-0036875,2021,10,6
00-0037197,2024,15,1
00-0032464,2020,3,1
00-0034857,2025,16,1
00-0033280,2021,12,1
00-0036275,2025,12,1
00-0033923,2020,3,7
00-0036096,2021,10,1
00-0037228,2025,12,3
00-0036389,2022,4,8
00-0033948,2020,19,6
00-0034796,2021,4,1
00-0035250,2022,12,3
00-0034791,2022,7,4
00-0039163,2023,3,3
00-0034845,2021,5,4
00-0035217,2020,3,1
00-0033537,2020,6,1
00-0033854,2019,13,1
00-0034845,2021,2,1
00-0039875,2024,7,2
00-0033699,2022,19,5
00-0033856,2021,4,1
00-0034400,2022,10,1
00-0032058,2019,20,1
00-0033567,2020,17,2
00-0033955,2024,5,3
00-0036875,2024,13,6
00-0037248,2025,20,5
00-0035100,2023,18,1
00-0036212,2021,12,1
00-0037840,2023,1,6
00-0037837,2023,16,1
00-0039384,2024,6,1
00-0036829,2022,9,3
00-0036389,2020,6,1
00-0023500,2020,15,5
00-0036389,2024,15,9
00-0036328,2023,13,1
00-0033280,2023,7,4
00-0035261,2025,15,2
00-0034115,2021,15,2
00-0036971,2023,2,2
00-0033925,2023,15,2
00-0033357,2024,13,1
00-0039851,2025,8,2
00-0030578,2023,7,3
00-0038124,2024,16,1
00-0038555,2024,17,1
00-0031503,2025,12,1
00-0034796,2019,9,6
00-0036020,2021,1,1
00-0035228,2023,12,1
00-0036898,2021,14,1
00-0035710,2022,17,2
00-0033948,2021,3,4
00-0037834,2025,15,1
00-0030565,2025,13,1
00-0031595,2023,5,1
00-0030496,2020,8,1
00-0034791,2019,12,6
00-0035100,2023,13,1
00-0031687,2023,8,2
00-0036893,2023,9,4
00-0038797,2024,17,3
00-0039139,2024,16,9
00-0034844,2025,1,4
00-0036275,2025,18,1
00-0033106,2022,1,1
00-0033045,2021,18,1
00-0036251,2023,13,8
00-0035537,2021,12,1
00-0035261,2022,13,1
00-0037263,2024,13,2
00-0038555,2024,6,2
00-0036555,2024,3,3
00-0036326,2021,11,2
00-0032464,2022,16,1
00-0026498,2025,1,1
00-0035664,2021,8,6
00-0033948,2022,1,6
00-0039875,2024,8,1
00-0033906,2021,8,5
00-0033893,2022,1,1
00-0034791,2020,14,4
00-0033856,2022,15,2
00-0034184,2022,7,4
00-0033553,2021,6,3
00-0033537,2019,14,2
00-0037617,2024,8,1
00-0035228,2019,1,1
00-0034855,2019,14,1
00-0038977,2023,4,1
00-0034857,2021,18,2
00-0039040,2024,15,2
00-0033925,2024,16,2
00-0033280,2024,10,1
00-0035567,2021,14,1
00-0035184,2019,17,3
00-0036972,2023,7,1
00-0031280,2023,9,2
00-0037276,2023,3,1
00-0032764,2019,12,3
00-0034844,2024,3,3
00-0037263,2024,14,1
00-0026498,2025,16,1
00-0037256,2024,13,4
00-0033293,2019,4,3
00-0033856,2022,1,2
00-0033906,2020,15,1
00-0028064,2019,14,2
00-0031345,2022,2,4
00-0036223,2020,9,3
00-0034844,2019,3,1
00-0036997,2023,14,3
00-0034844,2025,14,1
00-0036755,2022,18,7
00-0030968,2020,14,1
00-0036265,2021,2,1
00-0033893,2021,11,7
00-0032602,2021,12,2
00-0035685,2022,9,2
00-0032602,2020,10,3
00-0037525,2025,3,4
00-0037197,2025,6,4
00-0033280,2019,6,6
00-0037263,2022,3,1
00-0032950,2022,3,1
00-0036158,2024,17,6
00-0037276,2024,5,1
00-0038583,2023,12,2
00-0032104,2025,14,1
00-0032404,2020,1,1
00-0033923,2022,4,2
00-0036900,2021,22,1
00-0036919,2023,15,3
00-0031800,2023,10,1
00-0040162,2025,7,1
00-0033308,2020,5,1
00-0036875,2024,16,2
00-0033466,2021,16,1
00-0033856,2022,13,2
00-0038636,2024,18,1
00-0031806,2021,1,1
00-0035700,2025,9,3
00-0030565,2023,8,2
00-0034750,2019,13,4
00-0033045,2019,9,2
00-0031237,2020,14,1
00-0033282,2022,3,1
00-0034791,2019,9,5
00-0034855,2020,11,1
00-0030288,2020,9,3
00-0034331,2019,9,4
00-0030578,2022,2,3
00-0034855,2024,6,1
00-0035700,2019,5,3
00-0036389,2022,1,4
00-0033293,2019,6,1
00-0034184,2020,8,2
00-0027973,2021,1,1
00-0035710,2022,12,1
00-0040784,2025,7,5
00-0033077,2025,7,1
00-0035594,2019,16,2
00-0033106,2023,3,5
00-0038128,2022,9,1
00-0034844,2025,13,1
00-0030035,2023,4,1
00-0039851,2025,16,3
00-0030513,2022,4,1
00-0036309,2021,16,1
00-0033293,2021,6,4
00-0034855,2021,17,1
00-0036875,2022,4,1
00-0026498,2020,3,1
00-0039139,2023,20,2
00-0036139,2024,5,2
00-0037429,2024,17,1
00-0023500,2019,7,1
00-0036265,2022,2,2
00-0036650,2021,10,1
00-0034869,2025,17,2
00-0034378,2020,14,1
00-0034857,2022,12,2
00-0037248,2024,7,3
00-0031503,2025,11,1
00-0035537,2024,9,1
00-0029239,2021,18,1
00-0034869,2023,18,1
00-0033118,2022,8,2
00-0036265,2021,16,3
00-0035243,2022,14,3
00-0033567,2020,4,2
00-0033537,2022,15,3
00-0037228,2025,3,5
00-0032764,2025,5,3
00-0027966,2020,4,1
00-0040583,2025,5,2
00-0039165,2025,5,3
00-0033119,2020,12,2
00-0035537,2019,7,3
00-0038597,2024,8,2
00-0035250,2020,9,1
00-0034855,2020,14,1
00-0033923,2023,9,3
00-0037013,2021,12,1
00-0033893,2019,4,2
00-0036251,2020,8,6
00-0038396,2024,12,1
00-0039139,2024,20,6
00-0032764,2020,13,1
00-0033119,2019,4,1
00-0030565,2022,8,1
00-0035831,2020,2,1
00-0036269,2020,11,1
00-0036893,2021,14,1
00-0033045,2023,9,1
00-0030288,2019,3,1
00-0035700,2021,13,2
00-0035243,2021,1,1
00-0036555,2025,2,1
00-0029892,2024,13,1
00-0039384,2025,18,3
00-0035685,2024,9,7
00-0035261,2022,15,2
00-0033526,2025,8,2
00-0035217,2019,13,5
00-0036275,2025,19,4
00-0026143,2020,4,1
00-0035704,2021,15,1
00-0033357,2022,1,1
00-0036945,2023,17,4
00-0036275,2024,11,1
00-0023459,2021,8,1
00-0038102,2024,17,2
00-0040078,2025,7,6
00-0039384,2025,16,4
00-0033357,2022,12,1
00-0033925,2023,11,3
00-0036096,2024,4,2
00-0038134,2022,13,1
00-0036389,2025,4,2
00-0040236,2025,14,3
00-0035657,2022,8,1
00-0038794,2024,13,3
00-0037256,2023,12,2
00-0033553,2021,10,1
00-0036389,2022,13,4
00-0037840,2023,6,6
00-0033699,2019,9,3
00-0037487,2023,11,1
00-0037525,2025,12,1
00-0038794,2025,11,2
00-0036493,2022,6,3
00-0036223,2020,2,6
00-0033873,2020,20,3
00-0038582,2024,2,1
00-0029604,2024,6,3
00-0040715,2025,6,6
00-0033923,2022,8,1
00-0034844,2023,10,3
00-0033854,2025,14,1
00-0033906,2022,18,1
00-0033869,2024,19,3
00-0034844,2025,6,1
00-0033040,2020,19,2
00-0032940,2020,7,2
00-0033869,2020,16,1
00-0040162,2025,17,3
00-0037228,2025,16,3
00-0030578,2019,17,1
00-0036973,2024,5,1
00-0035228,2020,10,4
00-0032764,2025,10,3
00-0035685,2025,17,3
00-0035311,2020,3,9
00-0038794,2024,9,1
00-0036389,2021,8,3
00-0030513,2022,7,2
00-0031763,2023,5,1
00-0035685,2021,18,1
00-0037256,2022,14,1
00-0028087,2020,12,1
00-0034857,2020,12,2
00-0037263,2023,16,3
00-0036555,2023,6,2
00-0034972,2019,10,4
00-0034208,2019,16,1
00-0036898,2022,16,1
00-0030565,2023,6,1
00-0037248,2023,17,4
00-0039040,2024,8,1
00-0030506,2021,17,1
00-0029892,2022,4,1
00-0036919,2022,16,4
00-0036139,2023,19,1
00-0034407,2024,17,1
00-0032268,2025,3,2
00-0039391,2025,7,3
00-0039361,2025,15,1
00-0033045,2019,1,3
00-0033537,2020,1,1
00-0038597,2025,13,3
00-0023682,2019,10,2
00-0036278,2021,18,1
00-0040466,2025,16,4
00-0036414,2023,9,2
00-0034844,2024,10,3
00-0039150,2024,15,2
00-0029701,2020,5,2
00-0036442,2022,12,4
00-0033949,2023,5,1
00-0032764,2025,11,5
00-0031280,2019,1,1
00-0033553,2019,6,4
00-0036326,2020,6,1
00-0036139,2024,12,1
00-0033856,2019,9,1
00-0036158,2025,6,1
00-0038705,2025,9,2
00-0036936,2021,3,1
00-0035657,2021,5,3
00-0032063,2021,4,3
00-0038134,2022,4,2
00-0034844,2019,17,1
00-0027966,2019,6,2
00-0036893,2024,12,1
00-0036275,2025,13,1
00-0035100,2025,2,1
00-0039152,2023,14,1
00-0033251,2022,3,1
00-0031045,2020,14,5
00-0036555,2023,10,1
00-0035831,2022,3,5
00-0033106,2023,1,2
00-0039794,2025,2,1
00-0037594,2025,3,1
00-0031806,2021,3,2
00-0036360,2022,3,2
00-0033308,2022,6,1
00-0036898,2024,18,3
00-0034975,2019,1,2
00-0034184,2019,4,1
00-0030496,2019,17,1
00-0031280,2019,11,1
00-0033553,2020,16,1
00-0035710,2022,19,3
00-0033699,2022,4,5
00-0033293,2023,19,5
00-0039361,2025,18,2
00-0039391,2025,13,4
00-0033893,2020,2,3
00-0036425,2022,13,2
00-0039918,2024,8,3
00-0033923,2021,4,2
00-0040134,2025,21,1
00-0035250,2021,3,3
00-0035273,2021,11,1
00-0038797,2024,9,1
00-0039363,2024,17,3
00-0038794,2024,18,3
00-0036328,2022,10,5
00-0036251,2022,18,7
00-0037256,2022,10,3
00-0036265,2023,17,2
00-0032764,2019,17,7
00-0036355,2024,2,1
00-0029263,2025,3,2
00-0035685,2023,21,3
00-0029604,2021,9,1
00-0033923,2023,14,3
00-0038134,2025,17,1
00-0037299,2022,7,4
00-0033319,2022,18,3
00-0035261,2023,12,1
00-0031800,2021,10,2
00-0037248,2023,11,1
00-0038134,2024,1,2
00-0034844,2019,16,3
00-0031345,2019,19,1
00-0033045,2021,12,1
00-0027966,2021,6,1
00-0030496,2019,9,1
00-0031687,2019,17,3
00-0037197,2022,10,2
00-0036875,2025,2,3
00-0026498,2022,8,1
00-0036158,2024,4,1
00-0036275,2020,9,1
00-0033293,2025,11,1
00-0036360,2021,11,1
00-0037248,2024,9,2
00-0037256,2024,1,3
00-0040198,2025,1,1
00-0032268,2025,10,1
00-0036389,2020,15,2
00-0026300,2022,14,1
00-0037594,2024,9,1
00-0036251,2022,15,8
00-0040122,2025,1,2
00-0036963,2025,2,1
00-0038102,2022,8,1
00-0037197,2022,12,12
00-0036389,2024,4,2
00-0036355,2020,17,5
00-0035993,2022,16,6
00-0033293,2024,18,1
00-0032144,2021,2,4
00-0035700,2019,9,8
00-0034845,2021,3,2
00-0030506,2024,2,1
00-0039918,2025,9,1
00-0034857,2019,7,1
00-0033553,2020,18,2
00-0037077,2023,5,1
00-0036355,2022,17,1
00-0039798,2025,15,2
00-0039032,2025,9,1
00-0033948,2021,13,2
00-0035342,2019,16,1
00-0027973,2023,5,1
00-0039391,2025,5,3
00-0032602,2019,9,2
00-0036358,2021,6,1
00-0038542,2025,7,2
00-0035657,2022,4,2
00-0036387,2022,18,1
00-0036358,2022,20,1
00-0036919,2022,22,2
00-0028087,2020,7,1
00-0032764,2023,18,3
00-0027973,2022,7,1
00-0026300,2021,9,1
00-0034115,2022,16,2
00-0033906,2021,18,7
00-0032764,2020,3,7
00-0035685,2021,12,4
00-0036251,2021,8,3
00-0038597,2025,8,4
00-0035700,2020,16,5
00-0033856,2022,5,2
00-0039139,2023,7,1
00-0034349,2020,2,3
00-0034681,2023,16,2
00-0037197,2023,20,3
00-0038994,2024,4,1
00-0036275,2024,6,2
00-0037840,2024,17,3
00-0037746,2024,19,3
00-0033893,2021,8,3
00-0036355,2020,12,2
00-0038611,2025,14,2
00-0038622,2024,18,2
00-0034837,2020,1,1
00-0035217,2020,6,3
00-0030288,2021,11,3
00-0032950,2019,4,2
00-0035146,2022,16,1
00-0036389,2025,16,1
00-0037840,2023,4,4
00-0035657,2021,6,4
00-0032764,2022,9,4
00-0034414,2020,6,2
00-0033553,2023,4,2
00-0034857,2022,18,1
00-0032972,2020,11,2
00-0032764,2024,4,4
00-0033280,2023,22,4
00-0039732,2024,17,1
00-0034857,2024,1,5
00-0033948,2021,17,3
00-0039738,2025,9,1
00-0037263,2023,1,4
00-0034184,2024,2,1
00-0033526,2025,16,2
00-0035700,2021,7,1
00-0029701,2021,1,1
00-0036919,2025,13,1
00-0033699,2020,16,2
00-0030710,2020,8,1
00-0034796,2024,9,2
00-0038120,2024,10,1
00-0036555,2024,16,5
00-0031285,2019,3,3
00-0034115,2020,15,5
00-0033119,2022,6,1
00-0029604,2023,4,1
00-0031280,2021,10,1
00-0038951,2025,12,1
00-0039075,2023,2,1
00-0035342,2020,14,1
00-0033906,2021,14,6
00-0032063,2021,17,4
00-0030456,2020,8,3
00-0035537,2021,2,2
00-0036555,2021,6,1
00-0038597,2025,15,1
00-0039139,2024,11,2
00-0033045,2021,15,4
00-0033897,2024,15,3
00-0031806,2019,6,3
00-0034816,2021,3,1
00-0035228,2022,12,1
00-0030288,2021,18,3
00-0030456,2019,2,1
00-0027966,2021,5,2
00-0035700,2022,2,3
00-0039165,2023,2,1
00-0033553,2021,19,1
00-0036290,2023,10,1
00-0030513,2023,14,1
00-0032764,2024,15,3
00-0035250,2020,20,1
00-0037013,2021,1,1
00-0031376,2021,18,2
00-0033906,2023,12,3
00-0033293,2024,8,4
00-0038120,2024,18,2
00-0029604,2025,16,1
00-0034681,2023,2,1
00-0035217,2020,12,3
00-0036223,2022,2,1
00-0036919,2024,10,4
00-0033594,2020,16,3
00-0040236,2025,15,3
00-0033376,2022,4,1
00-0032144,2023,3,1
00-0031280,2023,18,1
00-0035700,2019,11,6
00-0032972,2020,3,2
00-0035537,2025,17,2
00-0034184,2019,7,1
00-0036971,2025,13,3
00-0032241,2020,17,5
00-0020531,2020,7,1
00-0040727,2025,17,1
00-0031382,2021,8,1
00-0036971,2021,5,2
00-0036555,2021,10,3
00-0033906,2019,15,1
00-0038102,2022,18,1
00-0033466,2020,9,1
00-0036309,2020,14,1
00-0032741,2020,4,1
00-0036158,2020,16,3
00-0036389,2021,16,1
00-0035264,2025,21,1
00-0033893,2022,3,2
00-0036875,2025,1,1
00-0032940,2019,14,3
00-0032956,2020,5,1
00-0036893,2023,14,1
00-0033118,2022,2,1
00-0036383,2022,8,1
00-0033923,2020,1,1
00-0033556,2019,15,2
00-0039040,2024,14,8
00-0036328,2022,4,2
00-0033873,2019,1,1
00-0031595,2024,9,2
00-0034400,2019,16,3
00-0034796,2022,3,1
00-0031806,2020,1,4
00-0036450,2020,16,1
00-0035250,2022,18,1
00-0037258,2022,13,2
00-0036414,2020,15,3
00-0035685,2022,13,2
00-0029604,2021,11,2
00-0034679,2019,8,1
00-0034184,2020,14,2
00-0036212,2020,14,2
00-0036442,2022,13,4
00-0032144,2023,17,5
00-0034975,2023,5,2
00-0038040,2023,7,1
00-0037197,2023,6,2
00-0032144,2022,8,2
00-0031382,2020,17,1
00-0033955,2024,7,2
00-0033553,2024,3,1
00-0040078,2025,15,1
00-0034869,2019,10,1
00-0034844,2025,11,3
00-0034414,2021,16,3
00-0034348,2019,11,1
00-0033045,2020,4,2
00-0034844,2022,10,3
00-0035719,2025,17,1
00-0023459,2025,9,1
00-0030456,2020,11,2
00-0037545,2024,4,1
00-0036973,2025,18,3
00-0037248,2025,4,5
00-0034855,2025,11,3
00-0036389,2021,5,5
00-0036997,2025,13,4
00-0035719,2021,20,1
00-0029263,2023,12,2
00-0039373,2024,17,1
00-0033923,2022,15,1
00-0034791,2019,2,2
00-0032540,2019,8,1
00-0036893,2024,11,4
00-0039150,2025,17,1
00-0037840,2025,16,6
00-0036251,2023,9,2
00-0036364,2020,14,1
00-0033893,2022,5,4
00-0034791,2021,5,6
00-0040236,2025,8,1
00-0033897,2022,9,7
00-0034857,2021,13,1
00-0034845,2019,13,1
00-0037228,2022,6,1
00-0033040,2020,5,1
00-0032063,2020,11,8
00-0029239,2021,3,2
00-0031345,2019,3,4
00-0036223,2021,3,1
00-0034816,2022,12,1
00-0033955,2025,4,1
00-0033699,2022,16,9
00-0027973,2019,5,1
00-0034109,2019,15,1
00-0034301,2021,7,1
00-0035537,2025,16,3
00-0033526,2023,3,1
00-0034681,2020,2,1
00-0033293,2020,19,4
00-0032104,2021,18,3
00-0037746,2025,11,1
00-0029239,2022,17,3
00-0032813,2020,10,1
00-0026158,2024,6,1
00-0032393,2019,4,2
00-0036414,2020,12,2
00-0030578,2022,3,2
00-0037840,2024,8,6
00-0034857,2021,14,4
00-0033856,2020,18,4
00-0036414,2022,3,4
00-0036924,2025,7,1
00-0033955,2020,10,1
00-0034791,2020,3,4
00-0032950,2021,7,1
00-0033906,2025,10,2
00-0033106,2023,4,2
00-0033280,2025,4,3
00-0039152,2024,2,1
00-0033948,2020,8,4
00-0036893,2022,1,3
00-0030456,2020,10,1
00-0031687,2023,9,1
00-0036223,2020,11,2
00-0036924,2022,7,2
00-0033906,2024,11,4
00-0039032,2023,18,1
00-0033906,2020,13,1
00-0037746,2024,3,3
00-0036414,2022,13,3
00-0035228,2019,8,1
00-0027939,2020,6,4
00-0035243,2021,11,2
00-0036919,2025,4,6
00-0033280,2023,17,6
00-0035628,2021,3,1
00-0031280,2020,2,2
00-0034972,2021,12,4
00-0034972,2019,13,2
00-0034844,2019,7,1
00-0033921,2023,13,1
00-0033873,2025,13,1
00-0036275,2022,9,1
00-0036425,2022,19,1
00-0032187,2021,4,1
00-0035939,2022,10,1
00-0034184,2023,16,3
00-0036275,2021,6,2
00-0034367,2019,12,2
00-0037263,2023,4,1
00-0027029,2019,3,3
00-0032062,2020,15,1
00-0037228,2025,14,2
00-0026143,2021,17,1
00-0033077,2021,10,1
00-0033906,2019,12,1
00-0032918,2020,12,1
00-0033923,2023,17,5
00-0034857,2022,4,5
00-0036973,2022,6,2
00-0026143,2019,17,1
00-0036389,2025,1,3
00-0036567,2021,18,2
00-0035710,2020,10,2
00-0020531,2020,5,1
00-0033893,2022,15,4
00-0033553,2021,7,1
00-0036727,2025,17,1
00-0034184,2024,14,4
00-0039793,2025,9,1
00-0033951,2019,3,3
00-0034440,2019,15,1
00-0033662,2024,13,2
00-0033699,2019,17,1
00-0037248,2025,8,2
00-0035228,2020,9,2
00-0035628,2024,6,2
00-0040236,2025,20,3
00-0035657,2021,1,3
00-0033906,2023,6,2
00-0034796,2020,13,1
00-0036971,2022,7,3
00-0033923,2020,10,1
00-0036997,2021,13,3
00-0036945,2025,4,1
00-0038976,2023,12,1
00-0033906,2020,7,3
00-0034791,2021,16,2
00-0027939,2020,10,2
00-0035261,2022,10,1
00-0033873,2020,4,1
00-0036893,2024,3,4
00-0039746,2024,8,1
00-0033292,2022,13,1
00-0040129,2025,10,1
00-0028118,2025,13,3
00-0035251,2019,16,1
00-0033293,2019,8,1
00-0036972,2022,2,3
00-0033906,2020,4,6
00-0034844,2019,8,4
00-0035261,2022,12,1
00-0039907,2024,2,1
00-0039732,2025,7,2
00-0036893,2022,2,1
00-0034577,2020,7,1
00-0037834,2022,17,1
00-0036358,2022,2,1
00-0034771,2019,12,1
00-0039165,2023,9,2
00-0034844,2021,14,1
00-0033282,2023,16,1
00-0037545,2024,6,1
00-0028087,2020,2,1
00-0033893,2020,4,10
00-0036997,2025,11,4
00-0039164,2023,4,1
00-0038685,2024,9,2
00-0035704,2020,10,1
00-0032268,2022,4,1
00-0030414,2019,16,1
00-0035719,2023,2,1
00-0036555,2023,9,2
00-0033526,2022,15,2
00-0036997,2024,3,2
00-0039163,2023,9,2
00-0033526,2021,5,1
00-0035973,2024,16,3
00-0033873,2019,21,3
00-0035228,2021,15,1
00-0023682,2019,16,3
00-0032897,2022,15,1
00-0037617,2025,16,1
00-0034844,2023,6,8
00-0033948,2021,7,3
00-0038555,2024,15,2
00-0030513,2019,6,2
00-0036212,2023,12,1
00-0019596,2022,7,1
00-0039910,2024,5,3
00-0033897,2022,14,1
00-0039384,2024,15,1
00-0033923,2020,11,8
00-0034972,2023,2,1
00-0034411,2020,4,1
00-0035806,2021,8,1
00-0036875,2023,10,3
00-0034791,2025,2,2
00-0034855,2024,4,3
00-0035228,2023,13,1
00-0035700,2022,18,5
00-0033280,2025,13,8
00-0030578,2021,15,5
00-0034301,2021,17,3
00-0039918,2025,4,4
00-0037265,2022,17,1
00-0034857,2021,2,3
00-0036875,2022,17,2
00-0036997,2021,3,3
00-0036223,2020,16,4
00-0036555,2021,7,1
00-0038976,2023,2,1
00-0036275,2023,5,1
00-0037267,2024,1,2
00-0036336,2020,17,1
00-0037228,2024,3,1
00-0036527,2024,4,1
00-0035250,2025,11,9
00-0031800,2021,5,2
00-0033045,2023,16,2
00-0039139,2025,16,2
00-0038611,2025,13,3
00-0033906,2020,19,1
00-0034972,2020,17,5
00-0029263,2021,4,1
00-0033280,2019,1,4
00-0039165,2025,15,2
00-0036389,2024,10,2
00-0033948,2022,15,5
00-0033897,2024,10,6
00-0034838,2019,13,2
00-0035860,2021,1,1
00-0036355,2023,13,1
00-0035710,2025,3,1
00-0032602,2019,13,2
00-0026498,2025,2,2
00-0033869,2019,16,1
00-0033357,2022,16,4
00-0040734,2025,8,3
00-0036389,2020,16,1
00-0038542,2024,2,1
00-0036158,2024,19,1
00-0036265,2023,1,3
00-0035250,2020,14,1
00-0033897,2019,11,2
00-0039751,2025,1,1
00-0039021,2023,1,2
00-0033293,2024,11,1
00-0039796,2025,1,1
00-0038104,2022,6,2
00-0035700,2023,4,4
00-0040198,2025,18,2
00-0030663,2019,7,1
00-0035217,2019,14,3
00-0035311,2021,7,5
00-0038542,2025,15,1
00-0036997,2021,2,2
00-0030513,2020,7,4
00-0033854,2022,18,1
00-0034681,2021,1,1
00-0039032,2023,14,1
00-0029604,2020,11,1
00-0038597,2024,5,2
00-0029263,2020,11,1
00-0035700,2022,17,3
00-0034827,2025,6,1
00-0036328,2024,18,1
00-0040734,2025,18,4
00-0036912,2024,15,1
00-0030456,2020,15,5
00-0036383,2022,5,1
00-0034845,2020,3,1
00-0035685,2019,15,2
00-0033662,2024,11,1
00-0037834,2022,14,1
00-0036355,2023,10,2
00-0039139,2023,17,4
00-0036875,2024,2,6
00-0032972,2020,16,3
00-0033873,2022,15,1
00-0039391,2024,8,1
00-0040734,2025,9,2
00-0033293,2025,17,4
00-0034750,2019,5,1
00-0034975,2019,14,1
00-0035243,2020,12,2
00-0038098,2023,7,2
00-0039894,2024,9,1
00-0035250,2025,17,2
00-0032187,2020,1,1
00-0036893,2023,7,2
00-0036650,2021,9,1
00-0033951,2019,14,2
00-0033077,2021,16,1
00-0035125,2021,3,1
00-0030513,2019,15,1
00-0036893,2024,13,3
00-0036269,2020,7,3
00-0035685,2019,8,5
00-0035243,2019,3,3
00-0028986,2021,3,3
00-0038134,2022,16,2
00-0034791,2023,2,1
00-0036309,2022,9,1
00-0030578,2020,17,1
00-0035228,2019,13,1
00-0037258,2023,5,2
00-0034109,2020,6,3
00-0040691,2025,4,3
00-0036972,2021,11,3
00-0033376,2020,1,1
00-0037429,2023,16,1
00-0035190,2023,16,1
00-0031544,2020,4,1
00-0038102,2022,4,2
00-0034414,2020,7,3
00-0035228,2023,10,3
00-0038738,2024,18,1
00-0036893,2023,12,3
00-0037258,2024,7,1
00-0034681,2021,8,2
00-0037012,2021,4,1
00-0026143,2020,9,1
00-0037746,2025,4,1
00-0036328,2021,15,4
00-0036370,2023,11,1
00-0030874,2019,9,3
00-0033873,2019,7,1
00-0033950,2019,3,1
00-0036370,2022,17,2
00-0030513,2021,2,3
00-0036389,2021,10,3
00-0032764,2023,6,2
00-0034855,2023,13,2
00-0040242,2025,6,1
00-0029701,2022,11,3
00-0034972,2024,2,2
00-0031687,2025,5,1
00-0033118,2020,1,1
00-0030874,2021,5,3
00-0034857,2023,18,1
00-0038622,2023,2,1
00-0033897,2024,9,6
00-0033873,2025,2,2
00-0036442,2020,11,2
00-0035100,2023,17,2
00-0039875,2024,11,2
00-0038797,2023,19,5
00-0038134,2022,19,3
00-0033537,2023,2,1
00-0031806,2019,1,5
00-0034796,2019,5,3
00-0040743,2025,17,1
00-0030874,2021,4,3
00-0035685,2023,12,5
00-0034844,2025,8,2
00-0033357,2023,5,2
00-0035243,2020,10,2
00-0035700,2023,5,6
00-0039139,2025,1,2
00-0038396,2023,18,1
00-0032972,2021,7,5
00-0036973,2025,10,6
00-0035243,2020,14,4
00-0037594,2022,13,1
00-0031806,2019,11,1
00-0033948,2022,9,6
00-0033897,2024,17,2
00-0033925,2024,5,2
00-0031687,2023,3,3
00-0033906,2025,3,1
00-0039732,2024,13,1
00-0031595,2021,15,1
00-0034796,2021,3,1
00-0035537,2020,13,7
00-0036997,2024,7,4
00-0032602,2022,4,1
00-0033925,2022,12,6
00-0039757,2024,18,1
00-0036275,2021,2,1
00-0039875,2025,2,1
00-0026143,2020,17,2
00-0035831,2021,15,4
00-0037256,2022,4,2
00-0034857,2023,4,3
00-0029604,2023,8,1
00-0036223,2024,12,2
00-0034796,2025,2,1
00-0033906,2021,7,3
00-0037263,2025,16,2
00-0035685,2022,16,3
00-0036670,2021,8,1
00-0033955,2025,11,1
00-0040202,2025,14,3
00-0038951,2025,14,2
00-0035250,2020,13,3
00-0035700,2020,3,3
00-0032268,2019,3,1
00-0033077,2023,9,3
00-0033906,2022,16,4
00-0034115,2020,13,3
00-0035100,2023,15,2
00-0040122,2025,3,4
00-0036997,2023,18,1
00-0037834,2025,1,2
00-0037742,2023,16,1
00-0038555,2025,8,1
00-0032764,2020,5,8
00-0034400,2020,10,1
00-0037746,2024,17,4
00-0033699,2023,16,1
00-0036860,2021,16,1
00-0036919,2025,14,4
00-0036919,2022,3,1
00-0032268,2024,18,1
00-0033282,2020,15,1
00-0035685,2019,2,5
00-0038611,2023,1,1
00-0033908,2023,16,1
00-0034972,2020,1,2
00-0033699,2021,1,7
00-0040730,2025,18,4
00-0037256,2022,8,1
00-0031237,2021,13,1
00-0032780,2020,2,2
00-0038396,2023,6,1
00-0030279,2023,1,1
00-0036924,2021,7,2
00-0031806,2020,3,1
00-0032918,2021,3,1
00-0036389,2024,14,1
00-0036442,2021,12,1
00-0031235,2019,5,1
00-0033891,2022,8,1
00-0034869,2024,4,1
00-0039738,2025,15,2
00-0037228,2025,18,6
00-0032187,2019,10,2
00-0033118,2019,10,1
00-0036997,2025,4,5
00-0036457,2021,1,1
00-0039796,2024,16,1
00-0038611,2025,5,4
00-0034869,2022,15,1
00-0039373,2025,17,1
00-0035831,2020,5,2
00-0038120,2023,12,1
00-0038542,2024,16,7
00-0039405,2025,18,1
00-0034681,2021,2,1
00-0034115,2023,13,4
00-0034869,2021,4,2
00-0040583,2025,15,2
00-0034750,2020,17,2
00-0036527,2024,5,1
00-0035537,2021,10,1
00-0039040,2023,16,1
00-0033725,2020,10,1
00-0029892,2021,15,1
00-0033948,2019,13,1
00-0035700,2024,18,1
00-0033906,2020,12,1
00-0034301,2021,10,3
00-0033280,2022,12,2
00-0034845,2020,17,2
00-0036973,2025,5,3
00-0033293,2020,11,1
00-0030496,2019,10,4
00-0035535,2020,6,1
00-0034419,2022,5,1
00-0033594,2019,13,4
00-0035289,2019,17,3
00-0036973,2023,11,5
00-0036139,2025,2,3
00-0033893,2021,2,1
00-0034975,2023,9,3
00-0032241,2019,5,3
00-0034367,2020,8,1
00-0035148,2019,3,2
00-0032393,2019,6,1
00-0035700,2020,10,3
00-0038606,2025,10,1
00-0035700,2023,6,7
00-0034844,2022,4,2
00-0032144,2021,14,10
00-0037228,2023,7,2
00-0035700,2020,7,1
00-0035311,2020,8,2
00-0033045,2019,5,2
00-0031376,2020,3,3
00-0038977,2023,9,1
00-0037267,2023,11,3
00-0029892,2022,20,1
00-0040743,2025,12,4
00-0030578,2020,14,2
00-0036370,2023,4,2
00-0033308,2023,9,1
00-0034796,2020,10,1
00-0036650,2021,1,1
00-0035500,2025,10,1
00-0034301,2021,15,4
00-0033537,2020,10,2
00-0029701,2022,15,1
00-0033858,2019,12,1
00-0037258,2023,2,4
00-0035311,2024,5,1
00-0033948,2023,1,3
00-0034791,2020,13,5
00-0038597,2024,7,1
00-0033906,2024,4,4
00-0039384,2024,12,3
00-0036567,2023,18,7
00-0035710,2021,4,1
00-0032764,2021,6,4
00-0036389,2024,21,6
00-0033893,2021,6,4
00-0039798,2025,4,1
00-0031285,2019,10,2
00-0036945,2021,14,2
00-0035860,2021,14,1
00-0034681,2022,18,1
00-0039064,2024,13,1
00-0038685,2023,6,2
00-0036383,2021,11,1
00-0025394,2019,9,2
00-0034115,2022,10,3
00-0034798,2021,12,1
00-0029701,2021,7,1
00-0033858,2020,10,1
00-0034414,2021,12,3
00-0033906,2020,18,8
00-0034796,2023,9,2
00-0035710,2025,9,1
00-0031503,2019,14,1
00-0036875,2021,6,1
00-0039163,2024,9,1
00-0037840,2023,14,4
00-0036555,2023,1,2
00-0032764,2024,3,2
00-0034208,2020,16,1
00-0037258,2023,6,4
00-0038120,2025,5,1
00-0026300,2024,15,1
00-0028118,2023,18,1
00-0039165,2025,4,4
00-0036208,2020,16,1
00-0037256,2023,3,3
00-0034184,2020,12,2
00-0033881,2022,3,1
00-0038134,2022,5,1
00-0034440,2022,15,1
00-0036442,2022,5,1
00-0036875,2022,16,6
00-0031237,2021,7,1
00-0033282,2020,9,1
00-0036875,2024,10,7
00-0035261,2025,5,2
00-0039918,2025,8,2
00-0036425,2020,14,1
00-0033293,2024,4,4
00-0039757,2025,12,1
00-0033106,2024,12,1
00-0036973,2024,13,2
00-0034791,2025,9,4
00-0036370,2022,18,1
00-0036973,2025,12,2
00-0036389,2022,2,1
00-0038120,2024,13,3
00-0033856,2020,12,1
00-0033897,2023,2,6
00-0036251,2023,3,3
00-0035250,2025,15,1
00-0031687,2020,5,1
00-0031687,2024,9,1
00-0039918,2025,10,1
00-0035215,2020,4,1
00-0039890,2024,11,1
00-0026498,2025,10,2
00-0035664,2020,16,1
00-0035261,2021,2,1
00-0032741,2019,3,2
00-0034845,2019,7,6
00-0038454,2025,12,1
00-0039793,2025,1,1
00-0036389,2023,13,3
00-0033357,2021,10,2
00-0034208,2023,11,1
00-0033040,2019,1,1
00-0032975,2022,12,1
00-0036158,2020,18,1
00-0031045,2021,3,1
00-0037840,2025,17,2
00-0026498,2019,6,1
00-0035250,2021,8,1
00-0033280,2023,2,5
00-0034109,2021,11,1
00-0038611,2025,10,1
00-0033567,2020,8,1
00-0035243,2024,7,1
00-0035700,2024,9,2
00-0033699,2021,6,1
00-0031062,2020,12,2
00-0037746,2022,7,5
00-0033950,2020,13,1
00-0032764,2025,17,13
00-0035700,2025,17,1
00-0027688,2021,15,1
00-0033293,2021,12,1
00-0033293,2024,15,3
00-0039021,2024,11,4
00-0035685,2021,11,1
00-0033293,2021,2,6
00-0035217,2020,5,1
00-0038994,2023,8,1
00-0031503,2021,2,1
00-0034972,2020,4,2
00-0032268,2022,3,2
00-0032385,2023,18,1
00-0039163,2024,12,1
00-0033293,2021,8,4
00-0036893,2021,9,2
00-0039163,2024,8,1
00-0035261,2021,6,3
00-0038416,2023,9,1
00-0033856,2021,20,3
00-0033288,2025,9,1
00-0039738,2025,14,3
00-0036360,2021,1,2
00-0028118,2023,5,1
00-0035700,2025,1,5
00-0036275,2022,1,2
00-0032764,2023,1,3
00-0036223,2020,15,3
00-0036875,2022,6,6
00-0033077,2022,8,2
00-0035250,2022,19,3
00-0036223,2023,10,5
00-0034796,2024,18,2
00-0030578,2019,3,1
00-0034184,2019,5,1
00-0038102,2023,5,3
00-0036893,2024,10,5
00-0039165,2025,6,6
00-0033118,2020,10,4
00-0035250,2023,8,2
00-0031045,2021,5,4
00-0033948,2022,7,1
00-0034796,2023,10,2
00-0029263,2023,15,2
00-0036919,2024,4,1
00-0034975,2025,4,1
00-0032764,2025,15,1
00-0036755,2025,9,1
00-0034816,2019,15,1
00-0033948,2023,7,1
00-0037840,2025,1,4
00-0033400,2019,7,1
00-0034331,2019,2,2
00-0036913,2023,6,1
00-0035710,2022,2,1
00-0036924,2023,17,1
00-0037840,2025,13,5
00-0034855,2020,8,1
00-0035685,2023,1,4
00-0033854,2024,18,1
00-0033854,2022,16,2
00-0033906,2023,14,4
00-0034869,2024,14,1
00-0033357,2020,9,4
00-0031237,2019,8,2
00-0036223,2020,3,5
00-0035228,2024,18,2
00-0033893,2022,11,1
00-0033906,2021,9,2
00-0033594,2020,4,5
00-0039164,2024,7,3
00-0032940,2019,16,1
00-0038951,2025,15,3
00-0031237,2019,3,2
00-0036158,2024,3,2
00-0033923,2022,1,4
00-0032764,2021,20,3
00-0039794,2025,1,4
00-0035342,2019,13,2
00-0036893,2023,4,2
00-0035261,2021,12,1
00-0038597,2025,17,8
00-0036223,2021,9,7
00-0033873,2024,14,2
00-0036984,2024,6,3
00-0032764,2022,4,3
00-0033553,2021,14,4
00-0033906,2019,18,1
00-0034798,2022,5,1
00-0039732,2025,14,2
00-0033119,2022,2,1
00-0034869,2021,9,1
00-0037077,2022,18,1
00-0033873,2021,3,1
00-0040242,2025,17,5
00-0036569,2022,18,1
00-0040583,2025,18,1
00-0036973,2024,15,2
00-0033553,2019,5,4
00-0030565,2022,1,1
00-0034972,2023,7,2
00-0039064,2024,6,1
00-0036997,2021,5,1
00-0038120,2023,16,4
00-0038636,2024,14,2
00-0033118,2020,13,4
00-0036945,2021,4,1
00-0039732,2024,1,1
00-0032918,2019,17,1
00-0032241,2019,7,9
00-0033854,2023,2,1
00-0034414,2020,17,5
00-0035500,2022,18,1
00-0035228,2025,5,2
00-0036442,2022,20,2
00-0032144,2019,5,2
00-0039165,2024,16,1
00-0034844,2024,8,4
00-0038542,2024,7,6
00-0035261,2023,6,2
00-0033537,2020,15,1
00-0035243,2021,16,2
00-0037256,2025,14,2
00-0031045,2019,1,1
00-0035261,2020,16,1
00-0030874,2021,1,2
00-0033553,2022,14,2
00-0037228,2023,13,1
00-0032813,2019,5,1
00-0033893,2022,4,3
00-0038685,2025,18,1
00-0032187,2020,3,1
00-0023682,2020,12,2
00-0034109,2021,12,1
00-0036275,2023,8,4
00-0039732,2025,20,5
00-0036223,2020,8,1
00-0033925,2022,10,5
00-0036389,2021,3,1
00-0033897,2024,19,4
00-0037013,2021,15,1
00-0031237,2021,12,1
00-0035243,2022,13,3
00-0034796,2024,1,3
00-0034796,2019,3,5
00-0033923,2024,4,1
00-0035261,2025,17,1
00-0036924,2022,15,1
00-0034449,2020,15,1
00-0032241,2019,2,4
00-0036450,2021,18,2
00-0034855,2022,18,1
00-0036973,2022,20,2
00-0033106,2024,9,3
00-0040676,2025,15,1
00-0031687,2019,8,1
00-0036906,2022,1,3
00-0035957,2020,15,2
00-0034109,2021,1,1
00-0033045,2022,5,1
00-0035831,2021,5,5
00-0035710,2025,2,4
00-0037228,2022,15,4
00-0037304,2025,18,2
00-0033925,2021,17,3
00-0034975,2022,8,2
00-0032972,2020,10,3
00-0037617,2024,18,6
00-0034433,2023,3,1
00-0035264,2020,13,2
00-0039146,2023,14,3
00-0035250,2023,14,1
00-0035537,2021,7,1
00-0032104,2024,13,1
00-0039738,2024,14,4
00-0036875,2025,21,3
00-0032780,2019,2,1
00-0036360,2022,5,2
00-0034301,2019,3,1
00-0036251,2020,16,1
00-0036275,2024,5,9
00-0037077,2023,1,1
00-0035264,2023,18,1
00-0036971,2024,9,2
00-0036997,2025,14,2
00-0033951,2019,11,1
00-0036265,2022,3,2
00-0040719,2025,9,6
00-0038618,2023,15,1
00-0035289,2023,7,2
00-0034349,2019,17,3
00-0033951,2019,1,5
00-0035719,2021,5,1
00-0033280,2022,1,4
00-0035657,2020,8,2
00-0034972,2022,1,2
00-0039851,2024,8,1
00-0035700,2019,7,6
00-0038542,2024,5,3
00-0032764,2019,7,3
00-0037157,2025,7,2
00-0031503,2019,13,3
00-0032058,2021,13,3
00-0038542,2023,16,4
00-0029141,2020,9,1
00-0033293,2021,14,1
00-0034440,2020,14,1
00-0034857,2022,5,1
00-0036265,2023,7,2
00-0033045,2022,16,3
00-0036158,2022,4,5
00-0033282,2022,7,1
00-0040734,2025,16,2
00-0033553,2022,10,7
00-0033699,2021,8,4
00-0033923,2019,14,1
00-0031319,2019,8,1
00-0035039,2020,4,1
00-0037258,2022,7,3
00-0033045,2020,5,5
00-0032063,2021,13,1
00-0035567,2022,8,1
00-0023459,2022,13,1
00-0031237,2020,12,1
00-0035664,2020,7,3
00-0040021,2025,18,1
00-0035261,2020,15,3
00-0039032,2024,1,1
00-0037557,2022,8,1
00-0035700,2022,10,3
00-0034855,2024,15,1
00-0038134,2025,7,2
00-0036527,2024,7,1
00-0036020,2021,6,1
00-0029701,2019,15,1
00-0034184,2023,7,3
00-0037299,2022,6,1
00-0036331,2022,3,1
00-0039146,2024,11,1
00-0035289,2024,3,1
00-0035645,2020,12,1
00-0033025,2021,18,1
00-0036387,2024,10,1
00-0035664,2022,9,1
00-0033856,2021,7,6
00-0036555,2021,14,3
00-0033280,2023,8,2
00-0036223,2024,18,4
00-0038951,2025,8,4
00-0038040,2024,4,2
00-0034796,2021,9,3
00-0033282,2022,15,1
00-0031687,2023,1,3
00-0034844,2020,1,3
00-0036919,2021,18,2
00-0031209,2019,17,1
00-0036139,2023,14,1
00-0036973,2024,2,5
00-0039910,2025,2,1
00-0039163,2023,4,1
00-0023682,2019,12,1
00-0035685,2019,17,7
00-0026498,2020,17,1
00-0032156,2021,8,1
00-0034855,2021,6,1
00-0036875,2022,12,1
00-0035806,2022,17,1
00-0038045,2023,15,3
00-0039363,2024,8,3
00-0040122,2025,13,2
00-0027966,2019,7,3
00-0033589,2020,12,1
00-0034838,2022,15,3
00-0032144,2019,10,7
00-0033553,2024,1,6
00-0037248,2025,17,2
00-0035261,2025,8,1
00-0037248,2025,10,2
00-0033280,2019,11,1
00-0026143,2022,10,1
00-0036275,2020,10,1
00-0033537,2019,16,1
00-0036223,2020,10,4
00-0034796,2024,12,1
00-0033858,2021,5,1
00-0038797,2025,14,1
00-0029263,2019,6,5
00-0034844,2021,3,2
00-0036973,2025,14,3
00-0030288,2020,11,1
00-0033893,2022,18,3
00-0036328,2020,2,2
00-0033699,2023,9,2
00-0036924,2023,18,1
00-0032764,2023,10,2
00-0033280,2019,17,1
00-0037228,2023,15,2
00-0032764,2025,6,5
00-0033280,2019,8,1
00-0039165,2025,1,4
00-0035261,2020,13,1
00-0037304,2025,9,1
00-0033699,2019,10,1
00-0035250,2020,16,1
00-0034414,2021,7,3
00-0035261,2023,15,3
00-0039032,2024,16,4
00-0028063,2019,17,1
00-0039757,2024,6,1
00-0034378,2019,1,1
00-0034440,2022,14,1
00-0038738,2024,5,1
00-0040719,2025,2,1
00-0035700,2025,16,5
00-0034184,2024,16,4
00-0031376,2022,14,1
00-0036331,2022,8,1
00-0033594,2021,4,1
00-0035664,2022,6,2
00-0030565,2022,14,1
00-0037263,2022,13,1
00-0025394,2020,15,4
00-0033923,2020,7,5
00-0036919,2021,13,1
00-0035700,2025,8,4
00-0020531,2020,18,1
00-0031285,2019,13,1
00-0033856,2019,2,1
00-0039075,2023,19,1
00-0032187,2020,15,1
00-0033591,2023,1,1
00-0035685,2024,2,3
00-0035685,2023,5,6
00-0039918,2025,6,2
00-0033925,2021,18,2
00-0028074,2019,7,1
00-0036275,2022,11,3
00-0038128,2022,16,1
00-0040743,2025,13,1
00-0035831,2020,9,6
00-0032058,2019,16,1
00-0036945,2022,5,1
00-0036212,2023,16,2
00-0037248,2025,15,6
00-0034115,2019,7,1
00-0036275,2025,20,3
00-0019596,2020,3,1
00-0035537,2022,8,1
00-0032972,2021,8,2
00-0034845,2019,6,2
00-0034253,2019,4,3
00-0034681,2019,7,4
00-0037256,2025,8,3
00-0032764,2021,2,8
00-0035261,2024,18,3
00-0034845,2019,1,2
00-0019596,2022,17,1
00-0033951,2019,10,3
00-0036973,2022,17,1
00-0033699,2023,10,6
00-0035527,2019,5,1
00-0039040,2024,4,2
00-0032058,2019,7,6
00-0038122,2022,16,2
00-0034796,2023,4,4
00-0033357,2025,9,2
00-0036358,2020,16,1
00-0035719,2025,13,1
00-0033869,2022,3,1
00-0035628,2024,18,1
00-0036139,2023,10,2
00-0033251,2021,13,1
00-0036997,2024,8,3
00-0033106,2022,4,1
00-0038685,2024,8,1
00-0033873,2021,5,2
00-0035719,2021,11,1
00-0031062,2019,16,1
00-0039794,2024,8,2
00-0037746,2022,9,1
00-0039032,2025,13,1
00-0033567,2020,16,1
00-0036355,2021,9,2
00-0037087,2022,7,3
00-0029604,2022,9,1
00-0023682,2019,13,1
00-0033280,2025,3,4
00-0033948,2020,7,5
00-0037525,2024,5,4
00-0035273,2019,11,2
00-0033282,2020,4,1
00-0033077,2020,5,1
00-0032764,2021,1,2
00-0037563,2025,17,1
00-0034844,2019,2,2
00-0036309,2021,9,1
00-0038555,2024,4,2
00-0035831,2021,6,3
00-0037525,2025,15,1
00-0036355,2025,4,1
00-0028087,2019,3,1
00-0034301,2021,1,1
00-0038120,2023,10,2
00-0034115,2023,17,2
00-0036264,2025,13,1
00-0035657,2020,13,5
00-0035243,2023,15,1
00-0035700,2024,5,2
00-0032918,2019,10,1
00-0033948,2020,14,2
00-0030431,2019,6,1
00-0036862,2022,6,1
00-0036297,2023,10,1
00-0037594,2025,12,1
00-0032764,2022,16,1
00-0033594,2019,1,4
00-0035685,2025,1,1
00-0036358,2023,3,1
00-0034367,2020,1,4
00-0030578,2022,16,3
00-0039165,2023,12,1
00-0027939,2020,8,2
00-0037840,2023,5,1
00-0038120,2025,4,1
00-0038120,2022,4,5
00-0040719,2025,1,2
00-0034845,2021,18,5
00-0034838,2021,15,1
00-0036906,2023,16,5
00-0033537,2023,3,2
00-0032972,2021,5,4
00-0038120,2025,12,2
00-0031045,2019,3,2
00-0031062,2019,9,5
00-0036945,2023,16,2
00-0033949,2023,10,1
00-0038611,2025,16,5
00-0032950,2021,1,1
00-0039391,2025,9,1
00-0033357,2020,11,4
00-0033357,2020,7,1
00-0033856,2022,16,1
00-0036893,2023,13,5
00-0036264,2024,12,1
00-0035228,2019,11,2
00-0038951,2025,5,1
00-0036389,2025,8,2
00-0036555,2024,10,5
00-0033906,2020,1,4
00-0038102,2022,10,1
00-0034844,2022,14,3
00-0039032,2025,17,1
00-0033897,2021,13,5
00-0035831,2020,12,6
00-0037228,2023,17,5
00-0030578,2021,10,1
00-0040666,2025,3,2
00-0033106,2019,15,2
00-0034367,2020,18,1
00-0031595,2022,3,1
00-0029701,2021,15,2
00-0036360,2020,2,1
00-0037077,2023,13,2
00-0035537,2021,17,2
00-0034400,2019,5,4
00-0033699,2021,3,3
00-0035700,2025,4,7
00-0036223,2022,8,1
00-0036997,2021,17,5
00-0032764,2023,9,2
00-0037569,2022,12,1
00-0035243,2020,3,3
00-0033293,2020,10,1
00-0033897,2023,9,2
00-0039165,2024,13,2
00-0034845,2021,17,6
00-0033873,2023,19,1
00-0038397,2025,15,2
00-0036370,2021,15,3
00-0032187,2021,11,3
00-0036414,2021,19,3
00-0037157,2022,13,4
00-0039361,2025,16,3
00-0033025,2020,2,1
00-0034857,2021,12,1
00-0036223,2021,13,7
00-0034331,2019,4,2
00-0034857,2025,13,1
00-0039384,2024,8,1
00-0033308,2022,17,2
00-0033106,2024,13,1
00-0032257,2019,17,1
00-0033357,2024,4,3
00-0038797,2025,11,2
00-0030513,2020,8,1
00-0031687,2022,7,1
00-0039738,2025,18,2
00-0036223,2020,6,1
00-0033921,2021,8,1
00-0035700,2021,17,5
00-0035685,2020,3,2
00-0034750,2021,8,2
00-0030520,2021,14,1
00-0033906,2020,14,2
00-0035228,2019,3,2
00-0026498,2020,15,1
00-0031285,2019,16,2
00-0034972,2021,2,2
00-0036980,2021,12,1
00-0035628,2023,12,1
00-0038542,2025,4,3
00-0033307,2022,12,1
00-0037840,2025,11,4
00-0030565,2021,8,1
00-0035261,2023,19,2
00-0027029,2019,4,6
00-0031236,2023,8,1
00-0036898,2025,10,2
00-0029701,2022,14,1
00-0036555,2025,9,3
00-0034109,2020,13,1
00-0033893,2019,14,2
00-0033948,2022,2,3
00-0035700,2024,2,2
00-0034844,2021,2,5
00-0034414,2022,1,1
00-0031687,2024,5,1
00-0039040,2025,10,2
00-0038134,2025,22,5
00-0033950,2020,7,1
00-0033357,2022,5,2
00-0034975,2023,12,3
00-0030513,2022,11,1
00-0034184,2023,1,1
00-0033293,2020,20,3
00-0037276,2025,18,1
00-0035685,2020,8,4
00-0040784,2025,14,1
00-0032950,2023,18,3
00-0036613,2022,19,1
00-0030513,2021,12,2
00-0038622,2023,17,1
00-0023500,2020,3,3
00-0036020,2020,11,3
00-0036389,2021,4,2
00-0033897,2020,3,3
00-0033119,2021,4,1
00-0035700,2023,10,2
00-0035685,2025,12,1
00-0035719,2020,7,2
00-0023500,2019,3,1
00-0027966,2019,13,2
00-0022924,2020,6,1
00-0036555,2022,18,5
00-0033118,2022,7,1
00-0034791,2021,17,2
00-0034115,2022,4,1
00-0032950,2021,12,1
00-0032764,2023,14,4
00-0038797,2024,8,1
00-0032058,2020,16,1
00-0038597,2025,2,3
00-0035685,2019,12,2
00-0035261,2022,2,1
00-0037834,2023,3,1
00-0038040,2024,8,1
00-0036879,2021,9,1
00-0032268,2019,5,2
00-0034351,2024,21,1
00-0031236,2023,18,1
00-0033293,2025,13,1
00-0036389,2022,11,6
00-0033893,2022,6,1
00-0034799,2019,6,2
00-0038040,2022,2,1
00-0033923,2025,6,1
00-0037197,2025,8,2
00-0034771,2024,17,1
00-0031376,2023,8,1
00-0034681,2020,10,1
00-0026498,2024,19,2
00-0033923,2024,21,3
00-0034184,2019,6,3
00-0033594,2021,1,1
00-0036945,2025,8,4
00-0030578,2023,12,1
00-0036355,2025,7,2
00-0040198,2025,11,6
00-0037744,2024,9,1
00-0034750,2019,8,2
00-0033526,2020,11,1
00-0033308,2022,1,1
00-0038454,2025,15,1
00-0032764,2020,16,1
00-0036670,2024,17,3
00-0036425,2021,16,1
00-0036555,2022,11,1
00-0040676,2025,18,1
00-0032241,2019,14,6
00-0034857,2021,5,3
00-0035448,2021,3,3
00-0038542,2024,6,4
00-0035228,2022,7,4
00-0032764,2023,13,2
00-0031800,2020,18,2
00-0034857,2025,20,3
00-0035710,2024,9,1
00-0037299,2022,16,1
00-0033567,2020,12,1
00-0035715,2021,16,2
00-0036913,2023,1,1
00-0033077,2021,9,1
00-0033955,2024,10,1
00-0034301,2021,2,1
00-0033897,2021,21,2
00-0034791,2020,2,7
00-0025394,2019,8,1
00-0032058,2019,9,3
00-0031285,2021,13,1
00-0035489,2019,15,3
00-0033897,2023,6,2
00-0023500,2019,10,2
00-0033282,2022,8,1
00-0037609,2024,6,1
00-0037228,2022,5,1
00-0026143,2020,8,1
00-0033280,2022,18,3
00-0037746,2024,11,2
00-0034449,2019,17,2
00-0040179,2025,1,2
00-0039139,2025,7,1
00-0036755,2025,13,5
00-0031045,2021,12,1
00-0030288,2021,14,1
00-0033789,2019,12,1
00-0035289,2020,6,1
00-0034184,2020,9,5
00-0031588,2024,4,1
00-0031376,2023,4,1
00-0036265,2020,16,4
00-0037256,2024,9,1
00-0038040,2024,3,1
00-0039152,2024,14,1
00-0040238,2025,11,2
00-0036567,2023,21,1
00-0039384,2025,12,5
00-0029239,2021,13,2
00-0034771,2024,8,1
00-0034457,2020,2,1
00-0026143,2022,11,1
00-0031285,2021,11,1
00-0033699,2022,14,5
00-0033282,2024,3,1
00-0040202,2025,15,1
00-0033854,2021,4,1
00-0036906,2022,6,2
00-0031285,2020,4,1
00-0031806,2022,8,2
00-0035261,2023,13,5
00-0038120,2025,8,5
00-0034855,2024,12,1
00-0036251,2020,12,1
00-0036389,2024,13,2
00-0039732,2025,11,1
00-0033282,2023,4,1
00-0033906,2022,3,1
00-0033951,2019,17,5
00-0039064,2023,1,1
00-0033897,2019,8,2
00-0038597,2025,3,1
00-0036997,2022,2,1
00-0032780,2019,4,6
00-0035228,2021,17,1
00-0031280,2020,14,1
00-0033948,2023,2,1
00-0035700,2022,1,1
00-0030431,2020,8,1
00-0033923,2022,3,5
00-0035243,2020,15,5
00-0034972,2024,17,1
00-0031595,2021,16,1
00-0036973,2025,11,9
00-0034857,2025,11,4
00-0034796,2020,1,3
00-0033040,2023,13,1
00-0034855,2023,18,3
00-0035537,2024,1,1
00-0033106,2019,5,2
00-0035311,2020,16,3
00-0036963,2022,11,1
00-0036389,2024,12,3
00-0030496,2020,16,1
00-0034844,2019,12,3
00-0033856,2020,7,3
00-0033308,2021,11,1
00-0039163,2024,20,2
00-0036555,2025,7,2
00-0039880,2024,10,1
00-0029604,2019,3,1
00-0033045,2022,14,8
00-0036972,2025,3,1
00-0033282,2020,16,2
00-0037834,2024,3,3
00-0033856,2021,10,1
00-0036251,2023,2,2
00-0037256,2024,10,2
00-0034278,2021,16,1
00-0036906,2022,10,1
00-0039040,2025,9,2
00-0033357,2020,15,2
00-0036158,2020,17,2
00-0036893,2025,2,1
00-0032104,2019,17,2
00-0034857,2019,4,1
00-0037286,2022,6,2
00-0025394,2019,17,1
00-0035243,2022,21,3
00-0037840,2023,19,2
00-0031687,2019,1,1
00-0036275,2024,18,1
00-0035806,2020,8,4
00-0036924,2021,5,2
00-0030513,2020,4,2
00-0038597,2025,9,2
00-0022942,2020,2,3
00-0034975,2020,12,2
00-0033699,2022,6,3
00-0033466,2021,17,1
00-0036997,2022,4,2
00-0037267,2023,13,1
00-0032144,2019,14,3
00-0033906,2023,7,6
00-0036158,2024,1,2
00-0036875,2024,4,2
00-0032764,2024,20,3
00-0026498,2020,4,1
00-0033906,2022,5,4
00-0038128,2024,2,1
00-0034414,2022,11,3
00-0027029,2019,13,1
00-0033925,2024,18,3
00-0038440,2025,7,2
00-0034791,2022,1,2
00-0036158,2020,11,3
00-0036893,2023,2,1
00-0034208,2024,16,1
00-0036555,2023,12,3
00-0033893,2022,19,2
00-0034796,2023,3,2
00-0027966,2022,3,1
00-0030513,2019,7,8
00-0033280,2025,5,5
00-0033856,2021,5,4
00-0034975,2022,12,1
00-0040236,2025,2,1
00-0034351,2025,19,1
00-0034975,2023,7,1
00-0033308,2019,5,1
00-0035685,2023,15,2
00-0037197,2022,15,1
00-0033906,2025,6,4
00-0035228,2023,11,3
00-0032764,2022,14,5
00-0034366,2019,7,1
00-0036264,2024,14,1
00-0036212,2023,4,1
00-0037248,2024,21,3
00-0033045,2024,10,2
00-0034358,2019,13,2
00-0026158,2023,16,1
00-0039075,2024,14,3
00-0037746,2025,3,1
00-0034845,2019,5,4
00-0032780,2021,8,7
00-0030669,2019,16,1
00-0030565,2025,5,2
00-0033357,2019,7,1
00-0033854,2019,6,1
00-0035537,2023,17,1
00-0033906,2023,17,3
00-0033699,2022,13,1
00-0032764,2021,3,4
00-0033357,2020,16,1
00-0037197,2023,3,6
00-0034414,2019,18,2
00-0029263,2025,2,2
00-0035594,2020,9,1
00-0032764,2023,5,2
00-0036223,2024,10,6
00-0035700,2025,3,4
00-0029239,2019,14,1
00-0034796,2020,5,1
00-0037197,2022,20,2
00-0036264,2024,15,1
00-0032144,2020,17,4
00-0033045,2019,14,6
00-0038579,2023,17,1
00-0034796,2022,4,1
00-0039150,2025,5,1
00-0038797,2025,12,5
00-0032764,2024,13,1
00-0033537,2024,2,1
00-0037248,2022,13,4
00-0036223,2024,1,5
00-0039040,2024,3,2
00-0038951,2025,17,1
00-0036139,2023,18,1
00-0036275,2023,12,2
00-0039032,2023,10,1
00-0033873,2024,21,4
00-0039874,2024,9,1
00-0027939,2021,16,1
00-0034845,2019,16,4
00-0035704,2020,1,1
00-0033526,2022,9,1
00-0040583,2025,11,3
00-0036414,2022,16,8
00-0035710,2019,3,2
00-0035719,2025,11,1
00-0034577,2019,17,1
00-0035685,2023,4,12
00-0035710,2023,1,3
00-0033951,2019,7,3
00-0036251,2024,1,2
00-0037267,2024,4,1
00-0036223,2020,14,4
00-0023500,2019,2,4
00-0035973,2022,17,1
00-0033906,2025,7,1
00-0039163,2025,9,1
00-0035685,2019,9,3
00-0033288,2019,13,1
00-0039164,2023,2,2
00-0036223,2024,3,4
00-0033897,2024,20,2
00-0036139,2024,18,6
00-0032268,2019,4,1
00-0034845,2021,19,2
00-0034681,2020,3,1
00-0037331,2022,11,1
00-0029701,2022,3,2
00-0034972,2023,5,1
00-0035311,2019,14,2
00-0037276,2023,17,2
00-0037248,2024,5,5
00-0037801,2024,16,1
00-0033553,2024,5,2
00-0033699,2021,5,7
00-0038797,2024,16,3
00-0040242,2025,10,3
00-0034855,2024,17,1
00-0035250,2020,15,3
00-0034844,2024,9,2
00-0037248,2025,9,3
00-0035719,2022,14,1
00-0035013,2019,4,2
00-0029239,2021,7,1
00-0035704,2020,17,1
00-0037509,2024,14,5
00-0040138,2025,17,1
00-0033856,2020,2,3
00-0030513,2023,10,2
00-0033537,2019,9,2
00-0036328,2020,1,1
00-0037013,2022,6,1
00-0030456,2019,10,1
00-0032764,2024,8,3
00-0031062,2019,14,3
00-0034845,2020,2,1
00-0034928,2019,2,1
00-0034109,2019,11,3
00-0032257,2021,18,2
00-0035993,2024,4,1
00-0040691,2025,10,1
00-0032063,2020,5,4
00-0035704,2020,9,2
00-0037248,2022,10,2
00-0035125,2024,5,1
00-0037228,2022,10,1
00-0038542,2023,14,2
00-0037429,2023,8,1
00-0036973,2023,18,1
00-0039165,2023,8,1
00-0036268,2023,1,1
00-0034184,2019,1,7
00-0033164,2020,11,1
00-0035537,2020,14,1
00-0031687,2019,19,3
00-0036223,2023,6,3
00-0037197,2023,5,3
00-0036328,2023,17,1
00-0037304,2025,14,1
00-0033280,2019,14,2
00-0033118,2019,15,7
00-0036389,2023,3,3
00-0033854,2024,5,1
00-0036924,2025,12,1
00-0036275,2023,17,1
00-0023459,2020,15,1
00-0033893,2020,10,3
00-0038117,2023,8,1
00-0034844,2023,7,3
00-0033308,2023,4,1
00-0039021,2023,5,1
00-0030431,2020,11,1
00-0038555,2024,18,3
00-0035700,2025,2,6
00-0038040,2023,17,3
00-0036875,2021,13,3
00-0035700,2021,19,1
00-0027966,2022,13,2
00-0037087,2022,11,3
00-0023682,2020,5,1
00-0029604,2020,14,1
00-0033897,2022,7,6
00-0034816,2019,4,3
00-0029701,2020,12,1
00-0037299,2022,11,1
00-0034799,2019,9,3
00-0036971,2021,9,1
00-0040238,2025,2,1
00-0034838,2021,16,2
00-0031237,2020,9,1
00-0032257,2020,13,1
00-0035273,2021,18,1
00-0036223,2022,13,4
00-0036223,2025,6,5
00-0033296,2020,5,1
00-0038611,2025,3,2
00-0035657,2021,11,1
00-0036555,2025,17,1
00-0038120,2024,17,1
00-0036328,2024,6,1
00-0035700,2024,17,4
00-0036555,2024,9,5
00-0034419,2021,15,1
00-0035719,2024,14,2
00-0038794,2025,20,1
00-0038794,2024,4,1
00-0034771,2023,16,1
00-0034827,2025,19,1
00-0036875,2025,3,1
00-0031285,2021,7,3
00-0032257,2019,7,1
00-0033925,2024,2,2
00-0035537,2025,5,1
00-0035831,2022,5,2
00-0033293,2020,9,2
00-0034331,2020,7,1
00-0037256,2023,1,2
00-0036139,2025,9,4
00-0033357,2021,3,3
00-0036997,2023,17,2
00-0030564,2019,9,1
00-0033906,2023,10,2
00-0035685,2024,12,3
00-0038542,2025,18,1
00-0033948,2019,6,4
00-0033897,2022,21,1
00-0038134,2025,5,2
00-0035537,2025,11,1
00-0036328,2020,4,4
00-0033893,2019,5,2
00-0036893,2022,11,2
00-0038124,2022,11,1
00-0034857,2023,15,3
00-0030578,2022,13,1
00-0034816,2021,7,4
00-0036355,2022,13,2
00-0034857,2022,14,1
00-0037263,2022,6,2
00-0036360,2023,3,1
00-0035704,2020,6,1
00-0036414,2024,10,3
00-0035710,2021,1,1
00-0034791,2024,7,3
00-0037197,2023,7,1
00-0033873,2024,4,1
00-0038122,2022,15,1
00-0033282,2020,8,1
00-0032813,2019,1,1
00-0036358,2024,10,1
00-0033594,2020,2,3
00-0033040,2020,9,1
00-0035700,2023,9,6
00-0037228,2023,11,1
00-0026498,2021,21,3
00-0030513,2023,6,4
00-0033526,2025,14,2
00-0033537,2020,9,1
00-0035261,2021,5,3
00-0036275,2024,13,1
00-0034367,2019,5,1
00-0033699,2021,12,1
00-0039855,2024,18,1
00-0033948,2023,15,1
00-0034857,2024,21,1
00-0034796,2025,3,1
00-0031687,2022,5,1
00-0035704,2020,13,1
00-0035250,2022,11,9
00-0035685,2023,20,2
00-0034577,2019,6,1
00-0033955,2025,16,1
00-0031503,2019,1,1
00-0032940,2019,15,1
00-0037525,2024,6,1
00-0034791,2022,6,1
00-0033537,2022,14,1
00-0033923,2024,16,3
00-0036331,2024,5,1
00-0030456,2021,5,1
00-0039794,2024,3,1
00-0033045,2024,2,1
00-0034796,2022,1,1
00-0034115,2021,10,1
00-0036139,2024,4,1
00-0038476,2023,14,1
00-0031376,2020,7,1
00-0026158,2023,14,1
00-0034796,2024,5,3
00-0036919,2021,8,2
00-0037197,2023,12,5
00-0034378,2020,12,4
00-0030565,2024,6,1
00-0032257,2020,9,2
00-0033045,2022,17,4
00-0033045,2022,13,3
00-0033950,2020,15,2
00-0035537,2021,13,1
00-0029604,2023,1,1
00-0033293,2024,16,1
00-0033106,2023,10,1
00-0040242,2025,1,2
00-0040242,2025,16,5
00-0036328,2024,1,2
00-0036442,2022,9,3
00-0034857,2023,3,1
00-0026498,2020,6,1
00-0039391,2024,7,1
00-0033280,2019,2,2
00-0033923,2020,18,4
00-0038685,2024,18,1
00-0036945,2023,11,3
00-0032144,2021,17,1
00-0039361,2025,2,1
00-0033293,2022,2,2
00-0033893,2022,8,3
00-0035273,2019,15,1
00-0035243,2023,4,2
00-0034367,2020,12,3
00-0033873,2019,20,2
00-0034845,2020,14,1
00-0033893,2021,4,2
00-0039384,2024,13,1
00-0035657,2020,14,3
00-0037157,2025,11,2
00-0040663,2025,16,1
00-0037157,2022,14,2
00-0025396,2019,10,1
00-0036187,2025,18,1
00-0039032,2023,5,1
00-0036139,2025,12,2
00-0035228,2019,4,2
00-0036223,2021,2,7
00-0033293,2019,3,3
00-0036158,2020,10,1
00-0036936,2021,6,3
00-0036355,2021,17,1
00-0037827,2022,2,2
00-0036567,2022,12,2
00-0037840,2024,1,4
00-0036971,2022,3,2
00-0037263,2022,9,1
00-0039165,2024,17,1
00-0036223,2025,8,1
00-0034791,2019,8,1
00-0035217,2020,1,1
00-0032241,2020,9,3
00-0035715,2021,19,1
00-0036336,2022,12,1
00-0036997,2023,15,2
00-0036635,2023,16,1
00-0039890,2024,5,1
00-0038120,2024,3,2
00-0033923,2023,12,3
00-0038542,2024,10,2
00-0035685,2024,14,5
00-0031595,2024,13,1
00-0035567,2023,6,1
00-0033553,2021,15,1
00-0035685,2023,13,4
00-0030565,2024,16,1
00-0033699,2021,2,1
00-0034115,2020,7,5
00-0036275,2024,8,2
00-0033594,2020,15,1
00-0033164,2019,4,2
00-0036555,2021,5,2
00-0032813,2021,6,1
00-0033040,2022,17,1
00-0037256,2024,16,1
00-0035261,2025,6,1
00-0033280,2024,11,3
00-0040078,2025,5,1
00-0039361,2024,3,1
00-0033280,2023,12,6
00-0038134,2023,6,7
00-0032187,2019,1,3
00-0033526,2023,18,1
00-0035659,2020,3,1
00-0036389,2024,9,6
00-0035993,2025,6,1
00-0035261,2025,9,3
00-0036355,2021,11,3
00-0034869,2021,18,1
00-0033280,2022,7,1
00-0033869,2022,15,2
00-0036971,2023,1,1
00-0037228,2023,10,2
00-0036555,2024,14,6
00-0035250,2023,11,3
00-0038128,2024,8,2
00-0033923,2020,14,1
00-0038122,2023,14,2
00-0036223,2021,11,11
00-0040691,2025,18,2
00-0035243,2022,11,1
00-0032144,2020,2,1
00-0032813,2021,14,2
00-0033906,2020,2,5
00-0037594,2022,17,2
00-0035700,2023,7,1
00-0039146,2024,18,1
00-0035228,2019,9,1
00-0033293,2020,17,3
00-0035282,2023,16,2
00-0040705,2025,15,1
00-0025394,2020,1,4
00-0034652,2020,12,1
00-0034750,2021,17,6
00-0033594,2020,14,2
00-0033045,2021,9,1
00-0038705,2023,5,3
00-0036355,2022,12,1
00-0036900,2021,9,1
00-0039391,2025,19,2
00-0040730,2025,14,4
00-0036322,2023,18,1
00-0036637,2022,4,1
00-0027973,2020,6,1
00-0033873,2020,19,1
00-0032764,2024,16,5
00-0034109,2019,1,3
00-0028118,2023,6,1
00-0035700,2019,8,1
00-0034972,2019,7,2
00-0034272,2020,8,1
00-0035957,2020,16,1
00-0035640,2025,12,1
00-0034791,2024,12,8
00-0033553,2023,12,2
00-0033699,2024,2,4
00-0036567,2022,10,7
00-0033357,2024,9,2
00-0037258,2024,18,2
00-0039150,2023,12,1
00-0039384,2025,11,1
00-0029665,2019,11,1
00-0038597,2025,1,4
00-0035685,2020,6,7
00-0036096,2021,2,1
00-0033526,2023,1,1
00-0038794,2025,18,1
00-0036212,2021,8,3
00-0035685,2022,8,3
00-0034771,2024,9,2
00-0034753,2023,6,1
00-0035216,2022,6,1
00-0035250,2023,6,5
00-0036670,2021,13,1
00-0036265,2021,8,4
00-0038454,2025,16,1
00-0037248,2024,13,2
00-0035243,2023,2,1
00-0032940,2020,12,6
00-0035243,2021,5,1
00-0035700,2021,16,3
00-0037228,2025,6,1
00-0040242,2025,15,1
00-0032764,2020,1,7
00-0034457,2020,17,3
00-0034411,2020,17,1
00-0032764,2019,6,1
00-0038120,2024,9,1
00-0029604,2020,5,2
00-0038555,2025,15,7
00-0039163,2023,12,1
00-0036223,2025,13,3
00-0027939,2020,1,5
00-0033045,2022,3,3
00-0039875,2024,20,1
00-0037263,2025,9,1
00-0036414,2020,18,3
00-0035700,2024,3,3
00-0034791,2021,2,2
00-0034857,2023,12,2
00-0034857,2024,14,6
00-0035250,2020,7,2
00-0034796,2020,14,3
00-0038555,2023,5,1
00-0036158,2025,5,4
00-0036158,2020,19,2
00-0036389,2025,15,3
00-0036328,2020,3,2
00-0033118,2020,2,4
00-0033553,2022,11,2
00-0033869,2020,12,1
00-0036984,2024,5,5
00-0039916,2024,17,1
00-0033009,2020,4,1
00-0033280,2025,7,5
00-0032764,2025,14,6
00-0036425,2021,14,1
00-0026158,2019,3,1
00-0034838,2019,14,1
00-0036251,2023,5,8
00-0032741,2021,3,6
00-0032764,2019,15,5
00-0036919,2023,17,1
00-0036389,2023,19,1
00-0033906,2019,5,3
00-0036139,2024,17,3
00-0032602,2020,1,1
00-0040236,2025,18,1
00-0037157,2025,9,3
00-0035261,2024,12,2
00-0036212,2022,10,1
00-0034351,2023,15,1
00-0031687,2025,6,2
00-0033045,2020,1,4
00-0033948,2020,1,2
00-0037248,2024,10,6
00-0033045,2021,14,2
00-0035700,2025,19,6
00-0032058,2019,6,6
00-0036275,2022,10,2
00-0036567,2022,18,2
00-0033897,2019,14,6
00-0032950,2020,4,1
00-0034816,2019,16,1
00-0039032,2023,9,1
00-0033553,2019,2,2
00-0033897,2023,18,4
00-0036893,2023,18,6
00-0036275,2025,4,4
00-0040743,2025,14,2
00-0026143,2021,16,1
00-0028064,2019,11,1
00-0036265,2023,2,2
00-0036997,2024,10,1
00-0035311,2021,12,5
00-0037746,2024,8,6
00-0037256,2024,8,1
00-0035289,2023,6,1
00-0039796,2025,14,1
00-0036020,2020,15,8
00-0039139,2025,18,1
00-0035806,2021,9,1
00-0035261,2023,11,2
00-0034301,2021,4,2
00-0033948,2022,12,6
00-0033293,2022,5,3
00-0037256,2023,11,1
00-0033869,2020,15,3
00-0035664,2022,1,2
00-0036265,2022,17,4
00-0036212,2023,1,1
00-0033897,2023,13,5
00-0027973,2021,13,2
00-0033897,2022,15,6
00-0035250,2021,12,3
00-0032782,2019,9,1
00-0037197,2025,3,1
00-0038976,2025,4,1
00-0036275,2022,16,1
00-0028986,2019,6,1
00-0031806,2020,10,2
00-0035311,2021,11,8
00-0034972,2021,5,1
00-0035685,2024,6,3
00-0036829,2022,5,1
00-0030578,2022,17,1
00-0035250,2021,16,5
00-0039139,2025,15,3
00-0036389,2024,19,1
00-0037834,2024,17,3
00-0039040,2023,17,4
00-0035311,2020,4,3
00-0035700,2019,15,2
00-0025394,2020,13,5
00-0027688,2021,11,1
00-0036900,2022,3,1
00-0036924,2022,9,2
00-0036383,2022,2,3
00-0032058,2019,1,1
00-0035719,2021,10,1
00-0035243,2023,3,1
00-0040236,2025,13,4
00-0034972,2019,18,1
00-0029141,2020,13,3
00-0035289,2019,1,1
00-0032741,2019,14,1
00-0038611,2023,15,2
00-0029263,2019,17,1
00-0034791,2019,17,1
00-0039139,2023,8,3
00-0033537,2019,8,1
00-0025394,2020,3,5
00-0033357,2019,1,1
00-0034208,2020,6,1
00-0033699,2020,1,3
00-0036567,2021,8,5
00-0039165,2024,8,3
00-0038120,2025,11,1
00-0030288,2020,4,3
00-0037834,2022,19,1
00-0035676,2021,10,1
00-0033293,2024,9,4
00-0038555,2025,18,7
00-0035261,2024,9,7
00-0036414,2022,18,2
00-0032764,2019,10,2
00-0034796,2023,8,2
00-0029701,2023,4,1
00-0033906,2025,1,2
00-0038563,2024,7,1
00-0036158,2024,9,4
00-0032897,2019,8,1
00-0035243,2022,18,5
00-0040719,2025,10,2
00-0033357,2025,15,1
00-0035567,2023,20,1
00-0036997,2025,16,1
00-0034816,2020,3,4
00-0036355,2020,10,2
00-0036275,2023,3,3
00-0023459,2020,6,1
00-0036555,2023,8,5
00-0035148,2019,21,1
00-0020531,2019,14,1
00-0033873,2023,21,1
00-0029263,2024,14,3
00-0034796,2024,7,1
00-0034796,2023,20,3
00-0034791,2019,16,3
00-0034972,2022,8,1
00-0031285,2021,12,3
00-0037525,2025,18,2
00-0037840,2024,20,4
00-0023500,2019,11,2
00-0034857,2019,1,1
00-0019596,2020,17,3
00-0033873,2021,8,2
00-0033293,2020,15,3
00-0034750,2022,4,1
00-0036139,2024,14,3
00-0036971,2025,1,1
00-0039732,2025,3,2
00-0036768,2021,18,1
00-0033572,2022,14,1
00-0033897,2019,15,2
00-0031806,2020,7,2
00-0033553,2019,3,1
00-0035685,2020,17,4
00-0033699,2020,2,1
00-0036442,2022,3,1
00-0033526,2024,4,1
00-0036972,2022,3,1
00-0033897,2023,8,4
00-0035250,2023,12,4
00-0032063,2020,6,5
00-0035228,2023,15,2
00-0035831,2021,12,1
00-0031590,2019,12,1
00-0033040,2022,19,1
00-0038542,2023,1,1
00-0037801,2023,1,1
00-0033858,2024,12,1
00-0033699,2019,3,1
00-0034414,2021,17,4
00-0033923,2020,5,3
00-0035243,2022,20,2
00-0038454,2025,11,2
00-0032764,2024,1,1
00-0034857,2019,13,1
00-0034855,2023,14,1
00-0033948,2020,20,2
00-0035228,2019,6,1
00-0034681,2019,8,2
00-0037746,2023,12,1
00-0029892,2025,5,1
00-0034844,2025,4,3
00-0039139,2025,11,3
00-0036893,2022,15,4
00-0034972,2019,3,4
00-0036425,2021,15,2
00-0036389,2023,12,2
00-0030431,2021,3,1
00-0029239,2021,5,1
00-0037557,2024,18,3
00-0031345,2019,15,1
00-0034796,2019,7,3
00-0036875,2023,8,3
00-0036924,2021,10,3
00-0035685,2025,15,3
00-0030578,2021,9,2
00-0033282,2020,14,1
00-0036223,2021,8,3
00-0030288,2019,18,1
00-0035537,2024,15,1
00-0032385,2024,10,1
00-0036275,2021,7,2
00-0033906,2024,13,3
00-0036997,2025,12,5
00-0039894,2024,17,1
00-0033897,2022,20,7
00-0033045,2020,17,3
00-0034857,2023,16,3
00-0034838,2019,15,1
00-0036973,2022,9,7
00-0032741,2020,11,2
00-0034816,2020,11,1
00-0032187,2019,4,1
00-0033077,2019,2,1
00-0032144,2021,7,2
00-0035685,2019,3,1
00-0033923,2022,17,1
00-0034440,2019,1,2
00-0026498,2021,10,1
00-0032602,2020,18,1
00-0035228,2019,14,2
00-0035311,2021,9,3
00-0037834,2024,14,2
00-0033045,2020,14,4
00-0027966,2021,15,1
00-0031588,2023,17,1
00-0033906,2024,2,5
00-0034440,2021,1,1
00-0032058,2020,13,1
00-0036493,2021,13,3
00-0032257,2021,15,5
00-0030513,2022,16,1
00-0036223,2020,5,1
00-0033045,2024,16,1
00-0036555,2022,3,1
00-0034681,2021,4,4
00-0032764,2020,2,6
00-0029141,2020,17,1
00-0033553,2024,2,4
00-0040583,2025,14,5
00-0033292,2022,9,1
00-0038102,2022,13,1
00-0030506,2022,6,1
00-0033906,2019,4,1
00-0038102,2023,7,1
00-0038597,2024,3,1
00-0033537,2024,6,1
00-0033873,2024,10,2
00-0038797,2025,9,4
00-0031280,2022,3,1
00-0039910,2025,9,2
00-0038705,2025,4,1
00-0038611,2024,17,4
00-0030068,2021,4,1
00-0036265,2022,16,5
00-0033893,2020,8,7
00-0025399,2019,19,4
00-0033118,2019,9,1
00-0039910,2024,16,1
00-0033537,2022,16,1
00-0038122,2023,10,1
00-0037197,2024,2,5
00-0033925,2021,14,3
00-0038555,2023,17,3
00-0036269,2020,16,2
00-0032918,2021,4,1
00-0037263,2024,5,1
00-0036251,2024,2,5
00-0034750,2021,1,1
00-0032780,2020,1,3
00-0037267,2025,5,2
00-0038542,2025,8,1
00-0033858,2021,15,1
00-0029263,2020,8,1
00-0033077,2025,12,2
00-0033526,2022,21,1
00-0034367,2022,7,2
00-0023459,2019,1,2
00-0034816,2019,12,3
00-0037487,2024,16,1
00-0036158,2024,18,6
00-0036360,2021,5,1
00-0039880,2025,16,1
00-0036984,2024,3,2
00-0032602,2020,13,1
00-0033856,2020,8,1
00-0036924,2021,4,2
00-0039732,2025,4,1
00-0036096,2020,16,1
00-0033106,2020,2,1
00-0036251,2023,4,4
00-0035250,2023,19,1
00-0036963,2022,15,1
00-0035289,2023,9,1
00-0035021,2024,7,1
00-0031236,2024,2,1
00-0036389,2023,15,3
00-0036980,2021,7,1
00-0037263,2022,15,4
00-0033040,2021,10,1
00-0037077,2023,11,1
00-0038794,2024,17,1
00-0037197,2025,15,5
00-0033045,2022,12,1
00-0032764,2024,18,3
00-0032187,2019,6,4
00-0038951,2025,16,4
00-0033308,2023,6,1
00-0036973,2025,1,4
00-0035268,2019,4,2
00-0036158,2025,1,3
00-0039165,2025,20,1
00-0033553,2021,13,4
00-0034838,2020,17,1
00-0029701,2023,2,1
00-0036223,2023,12,5
00-0037197,2025,17,2
00-0030513,2020,3,2
00-0027966,2021,2,4
00-0032950,2019,1,1
00-0033897,2022,19,1
00-0032950,2020,6,3
00-0031503,2021,7,2
00-0038551,2024,14,1
00-0036275,2020,7,3
00-0035700,2024,8,4
00-0031806,2021,4,3
00-0035232,2020,2,1
00-0035250,2023,13,1
00-0038124,2025,13,1
00-0031280,2021,9,1
00-0038098,2023,8,2
00-0040666,2025,2,4
00-0032602,2020,16,1
00-0034796,2020,11,3
00-0038102,2022,16,1
00-0038134,2023,16,2
00-0033045,2023,1,1
00-0034791,2020,18,1
00-0035250,2022,8,2
00-0027939,2020,14,5
00-0036997,2024,12,3
00-0032187,2020,17,2
00-0030669,2019,13,1
00-0036370,2020,7,3
00-0037012,2021,5,2
00-0034270,2022,6,1
00-0034301,2021,9,5
00-0035700,2022,4,6
00-0038134,2023,1,1
00-0029263,2024,12,1
00-0037248,2022,19,1
00-0040666,2025,1,4
00-0033881,2021,4,1
00-0038794,2023,5,2
00-0035261,2022,19,2
00-0033119,2025,10,1
00-0034869,2020,13,1
00-0033118,2021,6,1
00-0033553,2023,13,8
00-0035243,2019,4,1
00-0035806,2021,2,1
00-0034796,2021,2,4
00-0036139,2023,3,2
00-0036139,2023,11,3
00-0034899,2020,18,1
00-0037263,2023,6,5
00-0034438,2020,12,3
00-0037248,2023,3,3
00-0037267,2023,3,1
00-0036924,2022,4,3
00-0036139,2024,13,3
00-0036360,2020,21,1
00-0033045,2021,5,6
00-0036425,2024,15,1
00-0036875,2025,17,2
00-0035243,2025,1,2
00-0035664,2022,10,1
00-0035250,2025,12,1
00-0034845,2021,16,6
00-0032187,2019,3,1
00-0033856,2019,3,3
00-0037834,2022,16,1
00-0036212,2020,15,3
00-0030578,2021,13,1
00-0034816,2021,17,1
00-0035957,2020,17,1
00-0033357,2023,18,1
00-0033357,2025,5,1
00-0029692,2022,5,1
00-0034301,2021,14,1
00-0034844,2019,1,4
00-0032268,2025,8,1
00-0034869,2022,12,2
00-0032104,2024,14,1
00-0036328,2025,4,2
00-0031800,2021,2,1
00-0023459,2020,10,1
00-0034342,2019,11,1
00-0036389,2022,9,4
00-0032268,2019,20,1
00-0040668,2025,14,2
00-0035685,2020,7,3
00-0030513,2021,16,2
00-0033357,2020,4,2
00-0027688,2021,9,2
00-0033923,2023,7,3
00-0038476,2023,10,2
00-0035250,2021,1,1
00-0036928,2024,17,3
00-0033594,2019,7,1
00-0035250,2023,10,3
00-0033118,2022,1,2
00-0030578,2022,18,3
00-0035289,2022,16,2
00-0039361,2024,19,4
00-0026143,2019,15,1
00-0033045,2019,15,5
00-0034414,2022,12,1
00-0035685,2024,11,5
00-0038120,2025,7,1
00-0033280,2025,18,1
00-0031285,2021,9,2
00-0036671,2021,17,1
00-0019596,2020,5,1
00-0031800,2021,7,3
00-0035311,2021,13,2
00-0037228,2024,13,1
00-0030513,2023,15,2
00-0033077,2023,10,1
00-0036425,2025,6,1
00-0035228,2021,6,4
00-0036328,2020,11,5
00-0034115,2019,3,8
00-0031376,2022,5,2
00-0031800,2021,14,1
00-0036139,2024,9,2
00-0036972,2025,9,1
00-0033308,2020,12,1
00-0036158,2025,10,1
00-0036223,2023,8,1
00-0034837,2024,2,1
00-0036158,2025,2,4
00-0036442,2025,17,1
00-0036875,2025,15,1
00-0036370,2022,16,1
00-0030496,2019,11,2
00-0019596,2020,19,1
00-0035250,2020,1,1
00-0036264,2023,16,1
00-0032764,2020,17,5
00-0036997,2021,12,3
00-0033699,2024,6,1
00-0036893,2021,4,1
00-0034400,2022,17,2
00-0036223,2025,14,3
00-0033923,2025,8,2
00-0036875,2025,12,3
00-0031285,2019,6,3
00-0032794,2019,4,1
00-0033526,2025,13,4
00-0030288,2021,16,5
00-0033282,2020,7,1
00-0035261,2022,8,2
00-0032144,2019,8,1
00-0032241,2020,5,3
00-0032764,2025,16,2
00-0032764,2019,1,4
00-0039798,2024,15,1
00-0029604,2022,8,1
00-0039918,2024,4,3
00-0033553,2023,10,4
00-0030968,2019,6,1
00-0037248,2025,3,2
00-0032058,2019,15,1
00-0031285,2021,6,4
00-0033077,2023,2,1
00-0035250,2020,4,2
00-0036973,2023,7,2
00-0031806,2020,2,2
00-0036251,2023,14,6
00-0033357,2021,2,1
00-0033906,2024,1,4
00-0036414,2024,14,1
00-0035250,2025,16,1
00-0036425,2023,3,1
00-0034796,2024,4,1
00-0034857,2020,17,1
00-0036212,2021,1,1
00-0033293,2020,1,3
00-0032764,2020,6,5
00-0035535,2022,19,1
00-0040198,2025,14,1
00-0026498,2024,16,3
00-0036919,2023,4,2
00-0032975,2019,12,2
00-0033873,2020,2,1
00-0029892,2024,8,1
00-0034791,2020,10,2
00-0036212,2022,8,1
00-0032268,2022,6,2
00-0036442,2024,2,2
00-0033950,2020,8,2
00-0036997,2023,13,1
00-0032058,2021,15,4
00-0039164,2024,12,1
00-0027973,2021,17,1
00-0038120,2024,4,3
00-0030578,2021,17,3
00-0031687,2023,4,2
00-0035261,2025,1,3
00-0033906,2019,1,1
00-0033893,2023,5,1
00-0034816,2021,4,2
00-0033923,2025,14,4
00-0036919,2021,10,1
00-0033925,2024,17,2
00-0035261,2020,9,1
00-0033856,2019,16,1
00-0036275,2020,6,4
00-0034184,2020,18,1
00-0033357,2023,7,3
00-0034115,2020,14,3
00-0032144,2021,4,1
00-0034857,2021,20,1
00-0035685,2022,2,4
00-0036414,2022,17,2
00-0038555,2025,10,1
00-0036971,2022,2,1
00-0035715,2023,11,1
00-0033293,2023,17,3
00-0031687,2024,8,5
00-0033040,2020,11,1
00-0039376,2025,1,1
00-0038555,2025,19,1
00-0034440,2020,17,3
00-0033077,2025,6,1
00-0036212,2023,8,3
00-0032241,2019,13,6
00-0031260,2020,11,1
00-0036275,2023,4,2
00-0033293,2025,8,1
00-0035228,2022,4,3
00-0033280,2023,5,5
00-0039794,2024,14,2
00-0035228,2022,8,2
00-0036727,2025,4,1
00-0035261,2023,16,4
00-0034400,2020,2,1
00-0026158,2025,7,4
00-0030456,2020,2,1
00-0036997,2025,17,4
00-0033293,2019,12,2
00-0034845,2022,5,1
00-0037197,2024,20,2
00-0038797,2023,2,1
00-0036322,2021,14,1
00-0036971,2025,14,2
00-0040743,2025,10,3
00-0031228,2019,3,1
00-0034432,2019,13,2
00-0031687,2019,21,1
00-0035250,2022,15,3
00-0033119,2019,5,1
00-0038797,2025,16,2
00-0036264,2023,4,2
00-0037263,2022,12,1
00-0030513,2019,11,1
00-0031045,2019,12,1
00-0039361,2024,7,3
00-0033897,2021,20,1
00-0036945,2022,7,3
00-0039894,2024,7,1
00-0039738,2025,6,1
00-0029263,2023,4,1
00-0033553,2023,2,3
00-0031376,2022,20,1
00-0036328,2021,11,6
00-0034855,2020,15,2
00-0031800,2022,11,1
00-0032791,2019,4,1
00-0028986,2023,15,1
00-0035719,2019,8,1
00-0033906,2019,16,4
00-0032972,2021,9,2
00-0036355,2020,9,1
00-0036269,2020,9,1
00-0033699,2021,10,2
00-0033891,2022,3,1
00-0039032,2023,6,1
00-0037276,2023,10,1
00-0035228,2024,17,1
00-0039139,2025,13,1
00-0030456,2022,18,2
00-0035889,2022,17,1
00-0034184,2020,6,2
00-0038555,2024,5,3
00-0036973,2025,7,1
00-0036973,2022,18,1
00-0039851,2025,21,2
00-0036567,2023,3,2
00-0036879,2022,8,1
00-0035700,2020,14,4
00-0033526,2023,12,2
00-0032063,2021,3,1
00-0035100,2023,11,1
00-0036919,2021,1,2
00-0039139,2024,12,5
00-0030456,2019,15,2
00-0040122,2025,6,6
00-0036268,2020,6,1
00-0035700,2021,10,1
00-0039910,2024,3,2
00-0038134,2025,11,1
00-0034816,2021,12,1
00-0035710,2022,1,3
00-0023459,2019,6,2
00-0038611,2025,18,6
00-0031687,2022,18,1
00-0032972,2020,1,1
00-0038797,2025,13,1
00-0034791,2019,10,7
00-0036212,2022,7,1
00-0039894,2024,20,1
00-0033118,2021,7,2
00-0032764,2023,15,2
00-0037012,2024,12,1
00-0039165,2023,16,2
00-0036442,2021,17,2
00-0030513,2022,12,2
00-0035700,2022,12,4
00-0037429,2022,9,2
00-0036919,2024,8,1
00-0033293,2020,14,3
00-0035700,2024,4,2
00-0039918,2025,7,3
00-0035704,2024,17,1
00-0034844,2022,17,1
00-0038555,2024,16,3
00-0034414,2020,5,1
00-0033925,2024,4,2
00-0033948,2022,18,5
00-0037617,2024,10,2
00-0032187,2020,6,7
00-0036328,2022,11,4
00-0033357,2022,8,2
00-0036893,2022,5,2
00-0029892,2022,17,1
00-0035710,2024,1,2
00-0032058,2019,5,2
00-0032972,2021,13,1
00-0022924,2020,10,1
00-0036875,2025,19,1
00-0033293,2019,2,3
00-0032187,2020,7,1
00-0033280,2019,10,5
00-0033856,2020,11,1
00-0032764,2023,3,1
00-0033897,2021,3,1
00-0033699,2025,1,2
00-0040784,2025,4,3
00-0035700,2022,7,3
00-0032950,2020,7,4
00-0035685,2019,14,1
00-0033045,2023,17,1
00-0034301,2020,16,1
00-0036223,2024,8,3
00-0034845,2022,2,1
00-0035342,2019,15,1
00-0036963,2024,14,1
00-0036919,2025,11,3
00-0036223,2021,7,6
00-0033923,2024,12,3
00-0034857,2024,13,1
00-0033923,2019,10,1
00-0033293,2019,13,4
00-0030578,2021,5,1
00-0038685,2024,12,3
00-0033699,2023,14,2
00-0033553,2025,2,3
00-0034367,2020,10,2
00-0033906,2020,9,4
00-0039139,2025,3,8
00-0032241,2019,10,2
00-0036414,2023,4,1
00-0034845,2021,15,3
00-0033854,2022,13,2
00-0032764,2024,6,4
00-0026143,2021,15,2
00-0035719,2021,17,2
00-0035268,2019,17,2
00-0036527,2022,14,1
00-0030874,2019,21,3
00-0039391,2025,6,6
00-0022924,2021,18,1
00-0034857,2024,6,1
00-0039738,2025,7,3
00-0037228,2024,15,1
00-0038134,2025,10,4
00-0040743,2025,15,2
00-0032144,2019,15,1
00-0036555,2024,13,1
00-0034799,2019,3,3
00-0027029,2019,7,1
00-0033897,2022,16,1
00-0032975,2021,17,1
00-0033699,2021,9,3
00-0034796,2020,9,3
00-0036212,2020,10,3
00-0033357,2024,10,1
00-0030525,2021,16,1
00-0032144,2021,3,6
00-0035228,2024,6,2
00-0036223,2025,2,4
00-0038582,2023,12,1
00-0035217,2020,13,4
00-0035228,2024,7,2
00-0035973,2024,14,3
00-0033856,2021,1,4
00-0039165,2024,18,2
00-0033045,2022,19,2
00-0032764,2020,10,3
00-0033077,2023,6,2
00-0029263,2023,8,4
00-0036264,2023,17,1
00-0035261,2024,4,5
00-0038579,2023,16,3
00-0020531,2020,1,1
00-0035664,2021,2,5
00-0039163,2023,10,2
00-0037248,2025,11,2
00-0037840,2025,3,3
00-0036223,2023,17,4
00-0036971,2023,11,4
00-0033856,2023,16,4
00-0032144,2021,15,1
00-0033357,2022,4,1
00-0031280,2023,7,1
00-0031237,2020,3,1
00-0034844,2025,15,10
00-0019596,2021,2,1
00-0033357,2023,2,2
00-0034681,2023,10,1
00-0032764,2022,10,2
00-0027973,2019,7,1
00-0033537,2019,15,2
00-0035710,2022,7,1
00-0036265,2021,18,2
00-0033948,2021,2,2
00-0037746,2025,10,3
00-0034791,2019,6,8
00-0033594,2021,2,5
00-0037840,2024,10,1
00-0038134,2025,14,3
00-0035685,2021,14,1
00-0025394,2019,3,2
00-0033951,2019,9,3
00-0029892,2020,5,1
00-0037267,2025,1,2
00-0034378,2020,2,2
00-0035537,2023,12,3
00-0033553,2021,18,2
00-0033869,2019,13,1
00-0033280,2025,8,1
00-0029701,2021,9,2
00-0036898,2022,11,3
00-0038573,2023,12,1
00-0034791,2021,3,4
00-0035664,2021,10,1
00-0036360,2021,14,3
00-0035228,2019,15,2
00-0034791,2022,3,3
00-0031503,2024,12,1
00-0033045,2024,6,1
00-0033856,2021,11,3
00-0032187,2022,15,1
00-0034753,2024,18,1
00-0036355,2025,13,1
00-0036265,2022,4,2
00-0040715,2025,1,1
00-0034367,2020,13,3
00-0035250,2024,15,2
00-0031687,2023,2,2
00-0035700,2021,4,1
00-0031280,2022,14,2
00-0033854,2025,8,1
00-0032780,2019,6,1
00-0035042,2022,1,1
00-0038134,2023,7,4
00-0037263,2022,17,6
00-0033873,2020,9,1
00-0032764,2025,12,9
00-0030968,2021,11,1
00-0035719,2024,16,1
00-0033893,2019,7,6
00-0033280,2023,11,6
00-0036264,2024,11,3
00-0032602,2020,15,1
00-0033955,2021,14,1
00-0034184,2022,14,2
00-0036264,2024,9,2
00-0034838,2022,16,4
00-0036919,2021,4,1
00-0036980,2025,2,1
00-0038120,2023,6,4
00-0038120,2023,4,1
00-0039738,2024,11,1
00-0034855,2023,9,1
00-0033077,2022,19,2
00-0025394,2021,13,5
00-0033854,2021,16,3
00-0037263,2022,16,4
00-0033869,2023,15,2
00-0037197,2025,1,1
00-0019596,2021,3,1
00-0033280,2023,6,3
00-0033699,2023,18,3
00-0034577,2023,17,2
00-0034799,2020,14,1
00-0032208,2019,3,1
00-0028986,2022,2,2
00-0038496,2023,14,1
00-0034972,2019,5,1
00-0026300,2025,18,2
00-0030414,2019,15,1
00-0036355,2021,15,3
00-0034646,2022,6,1
00-0031382,2021,9,1
00-0038108,2022,5,1
00-0038597,2024,16,4
00-0034857,2019,12,2
00-0035567,2023,2,1
00-0036973,2023,1,1
00-0040784,2025,6,1
00-0027966,2019,3,4
00-0035215,2023,3,1
00-0033293,2025,15,1
00-0036945,2023,12,3
00-0030578,2021,12,3
00-0033357,2022,6,1
00-0035993,2021,15,4
00-0036555,2023,16,3
00-0039075,2025,19,2
00-0036158,2024,6,4
00-0035860,2021,3,1
00-0038092,2023,2,1
00-0040583,2025,9,1
00-0029665,2019,1,3
00-0033119,2020,18,1
00-0031045,2019,4,2
00-0036973,2024,10,1
00-0039021,2023,12,1
00-0034791,2022,2,6
00-0033873,2023,15,3
00-0038618,2025,12,1
00-0033553,2024,8,7
00-0033873,2021,19,1
00-0039732,2024,18,2
00-0033077,2019,6,3
00-0038797,2024,12,2
00-0040737,2025,6,1
00-0033948,2019,8,1
00-0034838,2020,6,1
00-0036370,2020,8,1
00-0034115,2024,18,1
00-0036893,2023,10,2
00-0036997,2021,14,2
00-0035685,2022,15,2
00-0034414,2021,9,2
00-0033949,2023,9,3
00-0033537,2024,4,2
00-0034414,2019,17,4
00-0036275,2021,17,1
00-0036158,2025,8,3
00-0032241,2020,4,5
00-0034796,2023,16,3
00-0033040,2019,19,1
00-0031376,2020,9,2
00-0032950,2022,6,1
00-0033282,2020,5,1
00-0036875,2023,1,2
00-0039910,2024,6,2
00-0035831,2022,4,3
00-0036187,2021,2,2
00-0032780,2020,3,3
00-0029263,2024,15,2
00-0036442,2024,1,1
00-0032104,2024,17,5
00-0033893,2019,15,4
00-0033119,2024,4,1
00-0033923,2025,4,3
00-0032063,2020,3,3
00-0036414,2024,18,2
00-0035973,2021,11,1
00-0033537,2019,19,2
00-0033893,2021,15,4
00-0040719,2025,6,1
00-0034578,2020,3,1
00-0034857,2024,9,1
00-0034440,2021,8,1
00-0036555,2024,12,8
00-0032780,2021,17,3
00-0038738,2024,13,1
00-0025394,2020,4,3
00-0037197,2022,17,2
00-0033699,2023,7,2
00-0033906,2023,5,5
00-0033699,2020,14,2
00-0036842,2021,15,1
00-0033948,2024,1,2
00-0033873,2019,4,2
00-0031062,2021,2,2
00-0034838,2023,18,2
00-0038134,2022,10,2
00-0039874,2024,4,1
00-0033699,2024,19,1
00-0038597,2025,14,2
00-0023459,2021,7,1
00-0033106,2023,16,1
00-0032950,2019,8,2
00-0033280,2020,2,6
00-0031687,2020,1,1
00-0031045,2020,11,2
00-0035685,2024,4,4
00-0037263,2024,10,3
00-0040142,2025,4,2
00-0035685,2025,9,2
00-0037834,2022,20,2
00-0036158,2024,11,1
00-0036355,2021,13,1
00-0037746,2022,6,4
00-0037077,2023,12,1
00-0036251,2022,1,1
00-0030288,2021,9,1
00-0033948,2021,1,1
00-0038794,2023,2,1
00-0033077,2019,7,1
00-0039032,2023,13,3
00-0033897,2023,16,3
00-0033106,2020,13,1
00-0037012,2021,17,1
00-0034791,2021,8,1
00-0037248,2024,8,5
00-0033906,2024,6,2
00-0030565,2024,11,1
00-0033308,2020,15,2
00-0030456,2019,8,1
00-0031062,2019,11,2
00-0033282,2022,11,1
00-0034796,2022,6,1
00-0033873,2021,18,5
00-0034972,2022,3,1
00-0033856,2022,3,1
00-0023459,2022,15,3
00-0031687,2023,16,3
00-0037197,2024,1,2
00-0035831,2020,6,5
00-0026498,2024,9,1
00-0037013,2021,4,1
00-0039384,2024,9,3
00-0034796,2025,14,1
00-0023682,2019,17,2
00-0029263,2022,14,1
00-0034775,2019,4,1
00-0033873,2024,12,1
00-0033357,2021,14,3
00-0033897,2024,2,1
00-0036924,2021,17,1
00-0033537,2020,14,2
00-0039021,2024,5,3
00-0033293,2021,1,1
00-0035228,2024,10,2
00-0035657,2021,19,1
00-0033280,2021,2,7
00-0036442,2022,1,1
00-0040126,2025,15,1
00-0037267,2024,17,2
00-0038120,2023,9,1
00-0033923,2019,12,1
00-0033293,2023,10,3
00-0036265,2022,9,2
00-0038583,2023,16,1
00-0036613,2024,10,1
00-0031280,2021,2,1
00-0035228,2023,18,1
00-0034115,2019,2,5
00-0038598,2023,9,1
00-0038120,2025,10,3
00-0032187,2020,13,1
00-0035228,2021,13,6
00-0036893,2023,8,1
00-0034115,2022,19,2
00-0036442,2021,21,1
00-0040466,2025,1,2
00-0040784,2025,3,4
00-0037840,2023,16,9
00-0038104,2023,12,1
00-0031228,2019,2,1
00-0036945,2022,3,2
00-0036275,2023,15,4
00-0033955,2024,12,1
00-0026158,2019,1,1
00-0033118,2020,17,1
00-0037840,2024,13,2
00-0039064,2025,16,1
00-0032144,2019,11,2
00-0037299,2023,6,2
00-0034838,2021,17,1
00-0034975,2023,6,2
00-0036414,2020,19,4
00-0030107,2020,4,1
00-0030513,2021,1,1
00-0030465,2021,18,1
00-0036264,2025,15,1
00-0034975,2023,2,3
00-0033921,2022,5,1
00-0033893,2019,18,6
00-0029567,2022,16,1
00-0038951,2024,6,2
00-0037801,2023,2,1
00-0026498,2025,6,1
00-0033280,2023,1,2
00-0030513,2021,6,1
00-0034378,2021,18,1
00-0035243,2022,6,3
00-0036997,2024,2,2
00-0033553,2019,15,1
00-0035567,2023,5,2
00-0034855,2022,1,2
00-0036919,2022,18,2
00-0029239,2019,7,1
00-0033594,2020,7,1
00-0033873,2025,9,1
00-0033893,2019,1,3
00-0030513,2021,4,3
00-0034400,2020,8,3
00-0032972,2020,2,1
00-0035831,2021,10,3
00-0036906,2021,6,2
00-0036945,2022,15,2
00-0033948,2022,4,4
00-0034972,2024,9,3
00-0035289,2020,5,1
00-0027029,2019,1,1
00-0035700,2020,1,6
00-0035700,2020,8,8
00-0035657,2023,4,2
00-0033357,2025,10,3
00-0036275,2021,18,1
00-0038542,2025,14,4
00-0036849,2023,8,1
00-0036158,2020,15,5
00-0035594,2019,15,2
00-0035664,2021,7,1
00-0026498,2023,6,1
00-0031045,2020,1,1
00-0033869,2021,4,1
00-0025394,2019,14,1
00-0037077,2023,9,1
00-0035657,2021,9,2
00-0025394,2019,15,3
00-0034109,2020,1,1
00-0033838,2019,9,2
00-0035537,2025,12,1
00-0034414,2022,14,3
00-0036893,2023,16,4
00-0033897,2021,17,4
00-0037228,2022,17,2
00-0039040,2025,6,1
00-0033045,2020,3,3
00-0032464,2023,8,1
00-0034115,2019,8,2
00-0028087,2020,14,1
00-0035250,2019,18,1
00-0033699,2021,4,2
00-0033893,2022,12,8
00-0035700,2025,6,4
00-0030513,2020,16,1
00-0038040,2023,2,1
00-0036973,2024,4,2
00-0033077,2020,1,1
00-0023459,2019,12,1
00-0033873,2023,3,1
00-0032058,2021,5,1
00-0035685,2023,11,3
00-0034184,2023,9,2
00-0033045,2022,7,4
00-0031687,2023,11,2
00-0036919,2022,20,4
00-0039875,2024,6,6
00-0035250,2020,2,2
00-0039732,2024,2,1
00-0036973,2024,17,1
00-0036414,2021,21,1
00-0037840,2025,14,2
00-0038040,2023,1,1
00-0033893,2020,13,8
00-0034855,2020,19,1
00-0036252,2020,17,1
00-0035021,2025,1,1
00-0025394,2019,13,2
00-0034414,2019,15,2
00-0036355,2024,17,1
00-0033873,2023,12,2
00-0034972,2020,5,6
00-0033118,2020,5,4
00-0033950,2020,5,1
00-0036893,2022,7,2
00-0029892,2022,18,1
00-0034753,2024,19,1
00-0033280,2022,16,5
00-0037746,2024,4,2
00-0039384,2025,8,1
00-0030513,2019,1,1
00-0036212,2021,10,1
00-0036936,2021,13,1
00-0033854,2019,9,1
00-0032764,2023,12,3
00-0035700,2024,6,1
00-0036425,2020,9,3
00-0034844,2025,2,3
00-0029263,2025,10,1
00-0036297,2023,8,2
00-0036414,2020,10,5
00-0033594,2019,12,1
00-0038040,2023,4,1
00-0035848,2020,11,1
00-0036188,2020,17,3
00-0036849,2024,5,2
00-0033118,2022,9,7
00-0036355,2025,2,2
00-0035500,2024,15,1
00-0032764,2022,11,3
00-0037197,2022,18,1
00-0037267,2023,17,1
00-0036355,2022,14,1
00-0040691,2025,5,1
00-0034400,2020,4,4
00-0029137,2019,1,1
00-0033906,2021,2,2
00-0037013,2021,17,2
00-0034796,2022,9,2
00-0039851,2024,13,1
00-0035250,2019,1,1
00-0033376,2022,15,1
00-0034857,2019,10,4
00-0035685,2023,19,5
00-0037263,2025,1,2
00-0034857,2022,1,2
00-0039732,2025,17,5
00-0029263,2021,16,1
00-0038563,2024,4,1
00-0033897,2024,12,3
00-0033553,2020,6,2
00-0032385,2024,6,2
00-0037157,2025,12,2
00-0036360,2021,20,1
00-0033594,2019,10,4
00-0034845,2021,21,3
00-0033948,2020,15,1
00-0031806,2020,8,1
00-0035700,2021,9,3
00-0036313,2021,16,1
00-0032063,2022,2,2
00-0034827,2022,14,1
00-0033906,2021,16,2
00-0039738,2025,2,3
00-0028118,2021,2,1
00-0036414,2020,17,5
00-0038794,2025,17,1
00-0034184,2024,1,4
00-0036554,2023,19,1
00-0036158,2025,4,1
00-0035657,2022,18,2
00-0033699,2022,2,2
00-0033106,2022,10,1
00-0036355,2021,1,4
00-0036997,2023,8,10
00-0039732,2025,1,1
00-0036251,2020,17,1
00-0034857,2022,8,1
00-0031237,2020,10,1
00-0033699,2024,8,1
00-0036328,2023,4,2
00-0039040,2024,9,4
00-0038573,2023,18,1
00-0038621,2025,8,1
00-0033293,2022,12,3
00-0036493,2023,1,4
00-0040734,2025,13,2
00-0033537,2020,11,1
00-0034349,2019,1,1
00-0034457,2020,13,1
00-0033948,2022,8,3
00-0036945,2023,14,3
00-0032058,2019,11,3
00-0033357,2019,14,2
00-0036360,2020,3,2
00-0039021,2023,16,2
00-0035232,2020,1,4
00-0019596,2021,6,4
00-0031345,2023,8,1
00-0038794,2024,3,2
00-0035628,2023,11,2
00-0033873,2020,13,1
00-0036265,2022,18,1
00-0035700,2025,10,1
00-0037834,2023,8,1
00-0033594,2020,3,2
00-0035719,2021,12,3
00-0031687,2024,7,3
00-0031687,2022,10,2
00-0033282,2019,6,1
00-0037840,2025,20,4
00-0038573,2024,18,1
00-0033699,2021,11,2
00-0035685,2024,20,2
00-0036875,2022,15,1
00-0033119,2022,4,1
00-0039165,2023,3,3
00-0039150,2023,8,2
00-0039894,2024,5,1
00-0039361,2024,17,2
00-0033856,2019,12,4
00-0037276,2024,2,1
00-0036414,2020,13,9
00-0032950,2021,9,2
00-0034681,2020,15,2
00-0036919,2022,15,1
00-0036370,2022,15,4
00-0033662,2024,15,1
00-0038134,2022,12,5
00-0037840,2025,21,2
00-0032257,2019,9,1
00-0035806,2020,9,1
00-0034857,2021,3,2
00-0039165,2023,15,1
00-0036973,2022,3,4
00-0038134,2025,9,3
00-0030288,2020,8,1
00-0036328,2020,18,2
00-0033526,2023,5,2
00-0031687,2025,4,1
00-0037525,2024,11,1
00-0036842,2021,13,1
00-0036251,2020,15,5
00-0032918,2022,10,1
00-0034791,2022,16,2
00-0033948,2022,17,4
00-0036096,2022,9,1
00-0037840,2025,7,2
00-0034301,2021,5,1
00-0037840,2023,3,2
00-0023564,2019,3,1
00-0037248,2024,1,3
00-0035250,2021,13,1
00-0033280,2023,14,1
00-0033118,2019,7,3
00-0033854,2024,9,1
00-0032741,2019,8,3
00-0035993,2021,18,2
00-0036328,2024,2,1
00-0033923,2024,13,1
00-0039921,2024,9,1
00-0027939,2020,12,2
00-0039918,2024,16,1
00-0038555,2024,7,14
00-0037840,2024,4,4
00-0033923,2020,12,1
00-0031285,2019,14,4
00-0036829,2022,13,1
00-0034857,2019,15,2
00-0035657,2021,17,4
00-0034796,2020,2,2
00-0036360,2021,3,2
00-0034796,2022,5,1
00-0036457,2021,2,3
00-0029892,2023,4,2
00-0035261,2019,11,1
00-0035250,2021,10,2
00-0036875,2024,1,3
00-0036842,2025,17,3
00-0038120,2022,5,4
00-0032764,2021,7,4
00-0032058,2022,5,2
00-0036875,2023,12,1
00-0034440,2021,14,7
00-0038542,2023,18,1
00-0034844,2024,19,4
00-0038397,2025,18,1
00-0036555,2025,11,1
00-0033077,2020,2,3
00-0035243,2019,17,1
00-0035228,2020,11,1
00-0034972,2021,6,2
00-0033293,2023,15,5
00-0038794,2024,1,1
00-0033106,2024,14,2
00-0035685,2022,12,3
00-0039165,2023,18,1
00-0034857,2020,4,1
00-0032268,2025,13,2
00-0038122,2022,17,2
00-0030525,2019,15,1
00-0035040,2019,17,1
00-0025394,2019,2,3
00-0035657,2021,7,4
00-0039391,2025,10,3
00-0033699,2022,15,4
00-0033893,2019,3,4
00-0033045,2022,11,4
00-0039874,2025,18,6
00-0034975,2023,11,1
00-0035685,2020,12,2
00-0036425,2021,11,2
00-0037248,2023,6,1
00-0039910,2024,21,2
00-0033553,2024,15,6
00-0039040,2025,7,1
00-0039139,2024,14,3
00-0033537,2020,7,2
00-0034177,2021,17,1
00-0031503,2021,3,1
00-0034857,2024,8,2
00-0033955,2024,13,2
00-0033854,2019,8,1
00-0033948,2024,2,3
00-0039139,2025,17,2
00-0035594,2021,8,1
00-0033923,2021,1,4
00-0019596,2020,10,2
00-0035140,2024,7,1
00-0033923,2024,15,2
00-0039139,2024,6,2
00-0034440,2020,16,1
00-0031237,2022,6,1
00-0036355,2021,5,1
00-0036328,2024,13,2
00-0033077,2023,1,1
00-0035537,2024,17,1
00-0035261,2020,14,3
00-0036389,2021,11,3
00-0033699,2022,9,4
00-0036275,2023,11,1
00-0036264,2025,2,1
00-0037324,2025,17,1
00-0033077,2019,5,1
00-0035184,2022,15,1
00-0036223,2021,1,5
00-0036245,2020,10,1
00-0035710,2024,8,1
00-0036613,2024,1,1
00-0033466,2020,7,1
00-0034184,2022,19,3
00-0034301,2021,3,1
00-0031237,2020,6,5
00-0032257,2019,4,1
00-0040198,2025,7,1
00-0040078,2025,9,1
00-0032956,2021,2,2
00-0036727,2022,17,1
00-0036355,2020,15,3
00-0035685,2020,16,6
00-0035719,2021,15,2
00-0030564,2023,9,1
00-0032104,2020,6,1
00-0034857,2021,8,2
00-0032436,2020,4,1
00-0033948,2022,3,2
00-0019596,2022,15,1
00-0033280,2022,15,2
00-0032950,2019,15,3
00-0039373,2024,13,1
00-0034972,2023,18,1
00-0037248,2024,16,2
00-0037256,2024,17,2
00-0035537,2025,15,2
00-0034959,2023,8,2
00-0028087,2020,15,1
00-0031806,2020,18,1
00-0039139,2023,18,2
00-0033923,2025,3,1
00-0036360,2020,20,1
00-0036326,2020,9,1
00-0031687,2022,4,2
00-0033307,2021,10,1
00-0033906,2023,15,3
00-0034349,2020,6,1
00-0033119,2024,8,1
00-0031237,2020,17,1
00-0026498,2024,20,2
00-0030496,2019,15,3
00-0031345,2019,16,2
00-0034367,2020,5,1
00-0037085,2025,18,1
00-0035993,2022,14,1
00-0034301,2020,19,1
00-0036251,2021,6,3
00-0036906,2023,18,1
00-0032764,2024,9,9
00-0036893,2021,5,3
00-0035232,2020,4,2
00-0029604,2020,13,1
00-0036919,2022,4,2
00-0035628,2023,17,2
00-0035993,2024,18,1
00-0027973,2019,6,1
00-0034301,2021,16,3
00-0032780,2021,9,6
00-0031045,2021,13,3
00-0033275,2020,11,1
00-0030874,2019,17,3
00-0036924,2021,16,4
00-0031280,2022,4,1
00-0033897,2023,11,2
00-0039344,2024,13,3
00-0039165,2025,10,4
00-0032104,2024,6,2
00-0033280,2025,11,3
00-0033923,2025,13,3
00-0036370,2020,10,1
00-0033923,2024,11,3
00-0033925,2022,15,3
00-0032426,2021,11,1
00-0034857,2020,14,2
00-0034845,2021,10,1
00-0034184,2023,5,1
00-0033906,2021,1,5
00-0037012,2022,2,1
00-0037197,2025,4,1
00-0039875,2025,5,1
00-0035243,2019,9,1
00-0027029,2019,14,1
00-0038573,2024,3,1
00-0030513,2019,8,5
00-0035664,2020,8,3
00-0039139,2023,19,1
00-0039361,2024,10,3
00-0033589,2024,16,1
00-0038551,2024,15,2
00-0031800,2021,3,2
00-0036355,2024,16,2
00-0036275,2025,8,5
00-0030565,2025,12,1
00-0034845,2022,1,2
00-0035657,2023,2,3
00-0036223,2024,4,6
00-0038134,2025,4,2
00-0034301,2019,13,3
00-0028118,2021,11,2
00-0033118,2019,14,2
00-0036906,2022,18,1
00-0036370,2020,3,2
00-0036425,2020,8,8
00-0036265,2023,8,3
00-0030525,2019,7,1
00-0033357,2022,17,5
00-0036328,2022,2,3
00-0036223,2021,16,5
00-0035228,2020,3,1
00-0031280,2020,5,1
00-0033045,2021,19,1
00-0036414,2024,5,1
00-0035243,2025,3,2
00-0036973,2023,13,4
00-0035719,2021,3,1
00-0036906,2021,16,1
00-0038794,2023,3,2
00-0034184,2023,20,2
00-0034844,2024,22,2
00-0037263,2025,4,4
00-0019596,2021,14,1
00-0034838,2021,3,2
00-0027029,2019,2,2
00-0038555,2023,1,2
00-0033553,2020,3,3
00-0030565,2023,12,1
00-0029604,2019,18,1
00-0032393,2019,3,1
00-0036212,2020,17,1
00-0040122,2025,16,2
00-0033869,2024,18,1
00-0034414,2022,6,1
00-0038542,2023,15,1
00-0039164,2024,13,4
00-0038102,2023,13,1
00-0039146,2024,15,1
00-0033308,2023,3,1
00-0033925,2021,9,1
00-0036328,2021,13,4
00-0036972,2021,5,1
00-0030288,2019,9,1
00-0037840,2024,9,5
00-0025394,2019,11,1
00-0029263,2024,17,1
00-0036223,2021,12,4
00-0035710,2022,14,1
00-0027966,2019,10,2
00-0037256,2023,4,6
00-0036973,2025,15,6
00-0036223,2023,16,5
00-0031237,2019,6,3
00-0029604,2022,5,2
00-0036328,2025,5,1
00-0040583,2025,10,4
00-0032780,2021,16,4
00-0035215,2020,8,1
00-0036973,2022,15,4
00-0036360,2020,5,1
00-0036268,2020,2,1
00-0033045,2024,14,1
00-0033949,2023,7,1
00-0036893,2024,2,1
00-0033923,2023,19,2
00-0035664,2023,7,2
00-0033869,2019,12,2
00-0033699,2021,15,6
00-0035537,2023,19,5
00-0037256,2022,12,1
00-0034796,2024,3,1
00-0034750,2022,1,1
00-0031687,2022,17,3
00-0035685,2021,3,1
00-0036450,2020,4,2
00-0033948,2020,17,2
00-0033923,2024,20,1
00-0036555,2025,19,4
00-0034440,2021,2,1
00-0035831,2021,3,3
00-0035657,2022,12,1
00-0033925,2022,8,12
00-0033699,2019,4,2
00-0035993,2020,19,1
00-0034115,2022,5,3
00-0035250,2025,4,1
00-0038120,2024,6,1
00-0032393,2019,15,1
00-0033923,2022,14,3
00-0035250,2023,18,3
00-0034838,2019,6,2
00-0035261,2020,12,1
00-0034115,2024,17,1
00-0034791,2019,13,1
00-0033526,2020,8,2
00-0033119,2025,11,2
00-0032241,2019,16,4
00-0038573,2023,17,1
00-0039910,2024,4,2
00-0032764,2024,7,3
00-0039040,2025,5,2
00-0032144,2020,13,1
00-0033280,2019,15,3
00-0036223,2021,4,6
00-0033280,2025,9,5
00-0035710,2022,10,1
00-0036414,2022,15,1
00-0031577,2019,15,2
00-0035710,2022,15,1
00-0032063,2020,4,5
00-0035685,2021,15,2
00-0037487,2023,6,1
00-0036924,2022,2,1
00-0038134,2025,13,1
00-0036020,2023,2,1
00-0036328,2021,7,4
00-0038134,2025,21,3
00-0035652,2020,15,2
00-0035228,2021,2,1
00-0038542,2023,4,1
00-0037248,2023,12,2
00-0036555,2021,17,4
00-0039738,2025,10,2
00-0033357,2023,12,1
00-0032241,2020,3,4
00-0039165,2024,14,8
00-0029892,2020,15,1
00-0034796,2023,14,1
00-0033526,2020,14,3
00-0034796,2021,13,2
00-0036322,2021,13,1
00-0038563,2024,8,1
00-0040730,2025,4,3
00-0034184,2020,13,1
00-0030874,2019,7,1
00-0037267,2023,9,2
00-0033857,2021,2,1
00-0033553,2021,9,5
00-0036755,2021,17,1
00-0034796,2020,19,1
00-0035140,2022,21,1
00-0034796,2023,7,4
00-0036355,2021,4,3
00-0033906,2022,6,2
00-0036139,2025,16,1
00-0036875,2022,8,2
00-0040715,2025,2,5
00-0040236,2025,10,1
00-0035700,2025,7,5
00-0033280,2023,10,3
00-0034791,2022,17,1
00-0038951,2024,12,2
00-0034844,2024,21,5
00-0039163,2025,14,1
00-0036971,2025,11,1
00-0028986,2019,16,1
00-0034796,2023,2,1
00-0036275,2023,7,1
00-0040122,2025,17,2
00-0040691,2025,7,3
00-0030496,2020,7,2
00-0034857,2022,13,2
00-0034286,2019,12,1
00-0035700,2023,3,2
00-0032187,2019,2,2
00-0039923,2025,16,1
00-0033949,2023,1,1
00-0034857,2020,10,1
00-0038542,2025,10,1
00-0035217,2020,16,2
00-0033873,2021,13,1
00-0033553,2022,15,2
00-0032918,2020,4,1
00-0040715,2025,4,7
00-0034844,2024,2,6
00-0033893,2023,4,1
00-0031045,2019,16,5
00-0036906,2021,7,2
00-0038542,2024,17,6
00-0036069,2021,8,1
00-0038797,2025,7,1
00-0033357,2020,2,1
00-0033897,2024,16,2
00-0032741,2019,17,2
00-0037248,2023,15,2
00-0032950,2019,3,1
00-0033854,2021,17,1
00-0036893,2022,14,2
00-0019596,2020,1,1
00-0036358,2021,3,1
00-0035500,2025,9,1
00-0034796,2024,17,1
00-0023500,2020,4,4
00-0039794,2024,6,1
00-0034432,2019,16,1
00-0035628,2021,9,3
00-0036312,2020,9,1
00-0037012,2022,1,3
00-0032241,2019,17,6
00-0033553,2019,8,1
00-0033526,2022,13,5
00-0038550,2024,11,1
00-0036275,2021,5,2
00-0034414,2022,21,2
00-0034791,2021,4,6
00-0037228,2025,2,3
00-0038555,2023,18,1
00-0033869,2023,14,2
00-0034816,2020,17,2
00-0039794,2025,4,2
00-0033951,2022,15,1
00-0030513,2021,5,3
00-0038555,2023,11,1
00-0036613,2021,11,1
00-0033869,2024,8,3
00-0039918,2025,19,1
00-0036275,2025,1,1
00-0033280,2023,4,8
00-0033873,2022,16,2
00-0034400,2022,9,1
00-0036158,2023,1,1
00-0033699,2023,11,3
00-0040663,2025,4,1
00-0035594,2021,17,1
00-0036875,2024,5,2
00-0036893,2023,1,1
00-0033106,2019,16,1
00-0036158,2020,9,3
00-0037525,2025,4,2
00-0034109,2019,7,3
00-0026197,2020,7,1
00-0036997,2021,16,1
00-0034796,2025,1,1
00-0035261,2024,8,1
00-0038597,2024,10,1
00-0036212,2025,7,2
00-0034414,2022,22,3
00-0035628,2021,18,5
00-0036139,2025,7,1
00-0036360,2020,9,1
00-0034845,2019,3,2
00-0033077,2019,11,1
00-0032950,2022,2,1
00-0035217,2019,17,5
00-0036875,2022,7,2
00-0032950,2021,2,2
00-0029701,2019,10,1
00-0037248,2023,2,2
00-0038542,2024,3,4
00-0038098,2022,14,2
00-0033699,2022,11,7
00-0039075,2024,8,1
00-0036223,2025,1,7
00-0031376,2022,13,5
00-0033923,2024,10,4
00-0037248,2024,11,2
00-0033280,2021,10,3
00-0033118,2021,12,2
00-0036383,2022,17,1
00-0039150,2025,3,1
00-0037197,2025,16,1
00-0027966,2021,1,6
00-0036414,2022,14,2
00-0033893,2022,17,2
00-0025394,2020,14,1
00-0036972,2022,14,3
00-0039910,2024,20,5
00-0034844,2023,1,1
00-0036997,2023,7,1
00-0036893,2021,15,3
00-0038128,2023,8,1
00-0035232,2019,11,1
00-0040644,2025,6,1
00-0036326,2020,10,1
00-0036906,2021,5,3
00-0038611,2024,9,5
00-0037258,2022,14,4
00-0034857,2024,3,4
00-0037157,2022,16,2
00-0034331,2020,3,1
00-0035710,2024,3,4
00-0032764,2019,3,1
00-0035719,2024,1,3
00-0039920,2025,16,1
00-0040583,2025,19,3
00-0034845,2022,6,2
00-0033045,2019,7,9
00-0039150,2024,5,1
00-0039874,2024,11,1
00-0034857,2022,6,2
00-0023500,2020,2,3
00-0037746,2023,6,1
00-0033948,2024,3,1
00-0034960,2023,18,1
00-0034960,2023,9,1
00-0032144,2019,16,2
00-0034614,2021,14,1
00-0033293,2025,10,1
00-0033699,2022,7,1
00-0037256,2023,18,2
00-0033077,2021,1,2
00-0036493,2022,18,2
00-0033553,2021,5,1
00-0036328,2024,4,1
00-0022924,2020,3,3
00-0036251,2021,19,1
00-0034975,2024,10,1
00-0030456,2020,6,1
00-0037594,2024,7,2
00-0039732,2024,3,2
00-0029604,2022,19,1
00-0035261,2021,19,1
00-0033873,2020,5,2
00-0029701,2020,13,1
00-0036924,2022,16,1
00-0038597,2023,17,2
00-0035243,2022,16,6
00-0038120,2025,13,4
00-0034960,2025,14,2
00-0030565,2024,14,1
00-0036569,2022,14,2
00-0034796,2023,6,7
00-0030456,2019,14,1
00-0034844,2022,19,1
00-0037012,2021,1,1
00-0038797,2024,3,1
00-0035125,2025,6,1
00-0033897,2024,11,9
00-0034109,2021,2,1
00-0036389,2021,2,2
00-0038597,2024,13,2
00-0033923,2020,8,2
00-0037228,2025,8,1
00-0037228,2025,9,5
00-0036555,2022,7,1
00-0036442,2020,2,3
00-0035399,2021,18,1
00-0033856,2022,10,2
00-0033553,2024,14,4
00-0038542,2024,18,9
00-0036020,2020,16,2
00-0036196,2020,2,1
00-0033077,2019,9,2
00-0033296,2020,1,1
00-0034577,2021,14,1
00-0036275,2025,17,1
00-0032950,2019,16,2
00-0034349,2020,14,1
00-0034419,2021,4,1
00-0034052,2020,15,1
00-0031595,2021,19,1
00-0036906,2023,2,1
00-0033319,2023,16,1
00-0036984,2021,3,1
00-0036389,2023,5,8
00-0033282,2024,21,1
00-0033553,2020,10,2
00-0034208,2019,17,4
00-0033923,2024,9,7
00-0033873,2019,19,2
00-0036919,2023,7,3
00-0031345,2022,10,1
00-0036893,2024,4,2
00-0035125,2020,15,1
00-0026143,2019,10,1
00-0034975,2019,17,1
00-0037013,2022,9,3
00-0032200,2019,14,1
00-0037840,2023,15,4
00-0035664,2019,1,1
00-0033838,2019,10,1
00-0038678,2024,9,1
00-0036389,2025,7,1
00-0040179,2025,18,3
00-0033293,2021,5,3
00-0036755,2021,5,1
00-0034972,2022,13,1
00-0031285,2019,2,1
00-0036945,2023,3,5
00-0033077,2023,13,3
00-0036898,2023,16,1
00-0036875,2021,11,1
00-0036139,2024,10,2
00-0030061,2020,15,1
00-0033045,2021,10,7
00-0039921,2025,1,2
00-0034753,2025,6,2
00-0033594,2019,8,5
00-0036309,2021,15,1
00-0033854,2025,15,4
00-0033045,2020,2,9
00-0036328,2024,10,2
00-0036906,2023,14,1
00-0036973,2025,3,2
00-0031806,2019,13,1
00-0034816,2020,5,1
00-0033308,2022,20,1
00-0035537,2025,9,2
00-0032393,2020,3,1
00-0033897,2021,14,1
00-0039373,2025,18,4
00-0035860,2021,12,1
00-0034378,2019,2,1
00-0036555,2024,8,1
00-0035261,2020,7,1
00-0036251,2023,12,1
00-0036997,2025,9,4
00-0036997,2022,1,1
00-0031376,2022,15,1
00-0035831,2020,3,2
00-0034844,2023,14,4
00-0036893,2023,19,3
00-0037276,2024,1,1
00-0038124,2022,4,1
00-0032950,2021,4,3
00-0033869,2020,2,2
00-0033856,2020,20,2
00-0035261,2022,16,2
00-0027973,2020,16,1
00-0036555,2025,18,1
00-0039165,2024,3,3
00-0033025,2020,13,2
00-0039139,2025,2,5
00-0036275,2024,4,1
00-0036251,2024,8,1
00-0036139,2025,10,2
00-0034654,2019,16,2
00-0035250,2025,10,3
00-0035228,2025,2,1
00-0036297,2023,7,1
00-0033106,2022,18,1
00-0032426,2020,10,1
00-0036275,2020,1,1
00-0034857,2021,6,3
00-0038454,2025,10,2
00-0033280,2025,17,5
00-0036555,2021,3,3
00-0033526,2021,11,1
00-0034367,2020,3,2
00-0031280,2020,10,1
00-0036984,2024,7,1
00-0034844,2024,1,8
00-0037256,2024,14,2
00-0027966,2020,13,2
00-0036414,2020,14,5
00-0033955,2021,16,2
00-0027029,2019,6,2
00-0033553,2021,8,2
00-0037834,2024,7,3
00-0027973,2019,14,2
00-0034857,2025,2,1
00-0036389,2024,2,5
00-0035243,2023,1,2
00-0035628,2021,7,6
00-0033873,2022,13,1
00-0031687,2024,11,3
00-0037263,2022,7,5
00-0029263,2024,18,1
00-0030513,2020,1,6
00-0034367,2022,13,2
00-0034857,2025,4,1
00-0033906,2019,13,2
00-0036251,2021,13,2
00-0033906,2023,8,5
00-0035537,2023,15,1
00-0037840,2023,17,2
00-0032950,2025,7,1
00-0037267,2023,10,1
00-0039910,2024,2,5
00-0036875,2023,4,2
00-0028064,2019,12,2
00-0034367,2019,11,1
00-0029701,2021,6,1
00-0036389,2023,11,2
00-0039405,2025,15,4
00-0034844,2024,20,4
00-0035229,2025,12,1
00-0029263,2020,16,2
00-0026498,2024,15,1
00-0039910,2024,9,5
00-0039152,2024,11,1
00-0040236,2025,4,1
00-0033873,2024,16,3
00-0036898,2022,9,1
00-0033955,2020,2,1
00-0033556,2020,2,1
00-0035700,2022,5,2
00-0036924,2022,5,4
00-0035289,2023,10,1
00-0037256,2024,2,1
00-0033923,2021,6,4
00-0031687,2019,3,2
00-0037745,2022,6,1
00-0040078,2025,8,1
00-0031503,2024,9,1
00-0036322,2022,4,1
00-0035657,2022,17,1
00-0035831,2022,9,2
00-0039139,2023,4,1
00-0034184,2023,17,5
00-0040644,2025,5,1
00-0026197,2021,16,2
00-0036360,2023,6,1
00-0036450,2023,4,1
00-0026143,2021,14,1
00-0030874,2019,8,2
00-0027966,2019,5,3
00-0034972,2020,11,1
00-0039163,2024,4,1
00-0033293,2020,4,4
00-0033897,2019,1,2
00-0033856,2019,7,8
00-0032602,2020,2,2
00-0035685,2019,4,2
00-0032764,2020,12,5
00-0033553,2021,2,1
00-0036829,2022,10,2
00-0036971,2023,18,1
00-0031376,2021,19,1
00-0036275,2024,10,2
00-0034184,2022,15,1
00-0037746,2024,2,4
00-0029263,2019,10,1
00-0034844,2024,15,3
00-0033280,2019,3,6
00-0036442,2025,13,1
00-0022942,2019,9,1
00-0037197,2023,16,2
00-0037252,2025,17,1
00-0039040,2024,2,4
00-0034838,2022,18,1
00-0030513,2023,3,2
00-0036973,2023,15,1
00-0039021,2023,4,2
00-0035719,2023,14,1
00-0032780,2019,5,3
00-0036997,2023,10,4
00-0035657,2021,8,8
00-0036328,2022,8,2
00-0036971,2022,14,1
00-0034184,2023,10,3
00-0036997,2024,18,1
00-0029263,2025,1,2
00-0034109,2021,16,2
00-0035710,2021,8,1
00-0035700,2019,13,1
00-0033466,2020,12,1
00-0037085,2025,14,1
00-0032764,2023,11,1
00-0034838,2019,16,3
00-0036158,2024,8,2
00-0031237,2021,2,3
00-0037248,2024,19,6
00-0033077,2023,14,1
00-0039794,2024,11,1
00-0038542,2024,13,5
00-0039361,2024,6,4
00-0033293,2024,17,2
00-0033293,2020,2,3
00-0038120,2025,16,1
00-0037248,2023,18,4
00-0035657,2020,11,3
00-0032268,2021,17,2
00-0036984,2023,17,1
00-0029701,2020,15,2
00-0036328,2023,15,1
00-0029263,2019,19,2
00-0033873,2022,10,1
00-0034975,2023,1,5
00-0039875,2025,18,3
00-0039880,2025,9,1
00-0040237,2025,12,1
00-0039384,2025,10,1
00-0039798,2025,17,1
00-0036919,2023,8,1
00-0033869,2019,8,1
00-0035704,2020,16,1
00-0036971,2021,4,3
00-0040236,2025,9,9
00-0033293,2024,3,4
00-0034857,2019,16,1
00-0033873,2021,1,2
00-0037120,2024,6,2
00-0036223,2025,16,4
00-0035250,2019,13,1
00-0034816,2020,19,4
00-0038108,2023,17,1
00-0032602,2020,6,1
00-0035664,2020,4,3
00-0038040,2023,15,2
00-0033699,2024,5,3
00-0038134,2024,8,3
00-0033077,2022,16,1
00-0036924,2021,2,3
00-0031345,2021,2,1
00-0030496,2021,6,2
00-0031376,2023,14,1
00-0034838,2019,7,2
00-0033854,2020,13,1
00-0037263,2024,3,2
00-0033293,2023,20,5
00-0031595,2020,9,1
00-0029892,2020,7,1
00-0040009,2025,9,1
00-0033923,2023,6,3
00-0036875,2024,8,4
00-0037157,2022,18,1
00-0032918,2020,8,1
00-0036849,2022,15,1
00-0032144,2021,8,2
00-0036973,2025,17,2
00-0040704,2025,10,1
00-0040666,2025,14,5
00-0034109,2019,5,2
00-0033526,2025,18,2
00-0036223,2024,17,8
00-0034457,2020,1,1
00-0034109,2019,13,2
00-0034184,2023,6,4
00-0033280,2023,20,2
00-0036945,2022,8,2
00-0036971,2023,5,1
00-0036997,2025,1,3
00-0038597,2023,13,1
00-0037248,2025,6,1
00-0029665,2019,15,2
00-0035228,2024,14,1
00-0033699,2021,17,4
00-0034791,2025,12,1
00-0032602,2021,2,1
00-0034855,2023,12,1
00-0037248,2024,2,1
00-0035628,2021,16,1
00-0037834,2023,4,1
00-0033925,2023,6,2
00-0033949,2023,11,1
00-0039373,2025,14,1
00-0034414,2020,8,1
00-0039363,2024,14,2
00-0037248,2024,18,6
00-0033925,2021,10,3
00-0032950,2020,2,1
00-0031285,2019,17,2
00-0023682,2020,1,3
00-0037487,2023,15,1
00-0034799,2019,11,2
00-0039361,2025,3,4
00-0036389,2021,6,4
00-0035250,2024,2,2
00-0023459,2020,19,4
00-0040122,2025,5,1
00-0039855,2025,16,1
00-0027939,2020,3,1
00-0029263,2023,2,1
00-0033951,2019,2,1
00-0034272,2020,17,1
00-0032764,2021,5,5
00-0030578,2021,7,5
00-0035243,2021,4,3
00-0038611,2025,4,2
00-0034855,2019,11,1
00-0031237,2021,5,1
00-0033293,2022,11,2
00-0027925,2019,2,1
00-0033854,2019,4,1
00-0035250,2022,9,2
00-0034791,2022,14,1
00-0032950,2019,2,3
00-0034857,2021,11,1
00-0038120,2024,2,1
00-0035273,2021,14,1
00-0036223,2021,5,6
00-0034972,2021,14,1
00-0036355,2024,10,3
00-0038102,2022,12,2
00-0031376,2022,11,2
00-0033923,2021,2,2
00-0038134,2023,8,1
00-0037248,2024,3,4
00-0037840,2025,5,4
00-0037840,2024,15,8
00-0030874,2019,16,2
00-0033873,2021,17,1
00-0034367,2019,17,1
00-0030578,2022,15,4
00-0036265,2022,10,1
00-0034414,2019,8,1
00-0033045,2019,11,3
00-0033537,2023,1,2
00-0034414,2019,14,4
00-0030431,2020,2,1
00-0037228,2024,8,2
00-0040734,2025,15,2
00-0036275,2020,15,5
00-0036457,2021,18,1
00-0036919,2025,12,2
00-0037834,2023,20,1
00-0034975,2022,4,1
00-0033854,2020,16,1
00-0030513,2023,11,1
00-0033897,2024,8,3
00-0037197,2024,13,1
00-0034577,2019,13,1
00-0035243,2020,16,3
00-0026143,2021,7,2
00-0036973,2022,10,1
00-0033045,2020,13,4
00-0033699,2023,1,5
00-0031687,2020,15,3
00-0040719,2025,5,2
00-0036727,2022,16,1
00-0039794,2024,10,1
00-0033357,2020,10,2
00-0032764,2022,7,2
00-0033045,2019,12,2
00-0034972,2021,8,1
00-0033923,2020,2,3
00-0036360,2023,14,1
00-0035957,2020,11,1
00-0035700,2022,13,3
00-0033293,2022,4,1
00-0036919,2022,1,2
00-0038090,2022,15,1
00-0035243,2025,2,2
00-0036265,2021,14,5
00-0033280,2022,8,4
00-0036251,2020,14,3
00-0034115,2022,2,4
00-0033293,2022,16,2
00-0034857,2019,14,1
00-0036328,2020,17,1
00-0036971,2024,8,1
00-0033897,2022,18,1
00-0034844,2019,14,1
00-0036442,2024,17,1
00-0032688,2021,15,1
00-0035973,2023,2,1
00-0035261,2021,11,1
00-0034972,2019,14,2
00-0038611,2025,9,3
00-0040730,2025,11,3
00-0033893,2023,13,1
00-0034799,2020,10,7
00-0034799,2020,11,5
00-0032209,2020,20,2
00-0035710,2021,3,4
00-0034796,2019,19,1
00-0031376,2020,4,2
00-0035700,2021,12,6
00-0034401,2022,13,3
00-0025394,2020,9,2
00-0035280,2021,17,1
00-0034799,2020,15,2
00-0035685,2024,1,4
00-0036971,2022,12,1
00-0027966,2022,1,1
00-0035289,2019,15,1
00-0032918,2024,5,1
00-0033118,2019,17,3
00-0037120,2024,5,1
00-0036924,2022,3,1
00-0040202,2025,9,1
00-0027939,2020,16,1
00-0030288,2021,17,3
00-0033280,2025,12,5
00-0035577,2019,14,1
00-0034750,2019,12,1
00-0035140,2024,12,2
00-0035685,2023,17,3
00-0032764,2025,4,2
00-0039923,2025,15,2
00-0034827,2023,14,1
00-0035261,2020,1,1
00-0034681,2021,16,3
00-0033280,2022,14,2
00-0027973,2022,9,1
00-0032940,2019,5,3
00-0033854,2022,12,3
00-0037834,2025,12,1
00-0040719,2025,12,2
00-0034184,2019,2,1
00-0033699,2019,11,1
00-0030513,2019,10,1
00-0033293,2021,17,1
00-0035700,2022,3,5
00-0033897,2022,4,7
00-0034796,2019,2,3
00-0033925,2022,9,1
00-0034184,2023,11,4
00-0037276,2023,15,3
00-0034857,2022,19,1
00-0033951,2019,4,2
00-0033923,2023,10,2
00-0040691,2025,9,2
00-0026498,2021,20,2
00-0038636,2024,17,1
00-0037840,2025,10,3
00-0034771,2019,3,1
00-0034855,2023,15,2
00-0034857,2020,1,2
00-0034844,2022,6,7
00-0036275,2023,9,6
00-0035261,2025,16,2
00-0039021,2023,17,2
00-0030496,2021,18,1
00-0035250,2022,20,1
00-0026143,2019,12,1
00-0033553,2022,12,2
00-0032385,2024,9,1
00-0032144,2020,4,3
00-0033949,2023,4,1
00-0035715,2021,18,1
00-0037291,2024,10,1
00-0037258,2024,1,1
00-0037228,2024,16,2
00-0039384,2024,5,2
00-0036973,2022,5,1
00-0033856,2020,3,2
00-0035261,2023,8,2
00-0031376,2020,6,1
00-0037834,2025,13,1
00-0032241,2020,6,3
00-0032063,2020,15,2
00-0036328,2021,10,8
00-0035250,2022,3,4
00-0035710,2025,6,1
00-0039040,2025,14,1
00-0040198,2025,8,2
00-0033906,2021,5,1
00-0039732,2024,5,5
00-0040583,2025,13,3
00-0036358,2023,15,1
00-0034816,2019,6,1
00-0034177,2020,12,2
00-0036223,2021,10,6
00-0035261,2020,17,1
00-0039075,2023,15,1
00-0037746,2023,18,2
00-0036389,2021,9,3
00-0036275,2020,17,2
00-0031800,2021,12,1
00-0035125,2022,8,1
00-0035228,2023,17,3
00-0034845,2019,12,5
00-0034855,2023,19,1
00-0034844,2022,15,1
00-0033923,2020,19,4
00-0032104,2021,14,1
00-0035243,2023,11,3
00-0040162,2025,12,1
00-0033280,2020,1,6
00-0032268,2021,18,1
00-0036265,2023,14,2
00-0033923,2022,2,2
00-0036555,2025,1,3
00-0035628,2021,10,1
00-0029604,2021,4,1
00-0038134,2022,9,9
00-0034827,2019,13,1
00-0036442,2021,15,1
00-0031237,2020,15,3
00-0036389,2025,2,2
00-0036829,2022,6,6
00-0035685,2020,18,2
00-0032741,2020,14,1
00-0036389,2023,6,4
00-0032144,2019,17,3
00-0036875,2021,8,1
00-0038134,2025,1,2
00-0029701,2019,19,2
00-0030565,2023,13,1
00-0032104,2025,5,2
00-0036973,2023,14,4
00-0036973,2022,13,2
00-0027150,2019,18,1
00-0036223,2024,11,5
00-0034681,2021,3,1
00-0036383,2022,4,2
00-0033951,2021,4,2
00-0032972,2020,13,4
00-0037525,2023,6,2
00-0036383,2021,18,2
00-0037120,2023,15,3
00-0036275,2025,3,3
00-0037256,2025,4,1
00-0033106,2020,14,1
00-0029263,2022,18,1
00-0033699,2024,1,1
00-0035685,2025,5,7
00-0033526,2022,11,2
00-0033280,2022,3,1
00-0032268,2022,9,1
00-0033897,2021,22,3
00-0034799,2019,10,3
00-0034855,2019,9,1
00-0036893,2023,15,1
00-0033858,2023,9,1
00-0031280,2020,4,2
00-0034975,2024,8,1
00-0038555,2025,1,1
00-0036370,2020,12,3
00-0032063,2020,12,5
00-0040730,2025,10,1
00-0038797,2024,7,1
00-0040719,2025,11,4
00-0035243,2023,14,1
00-0037746,2024,1,2
00-0036360,2020,1,10
00-0029931,2019,3,1
00-0033308,2020,1,2
00-0033553,2021,3,3
00-0033280,2025,16,5
00-0034845,2019,2,6
00-0039165,2023,14,1
00-0037197,2023,22,4
00-0033280,2025,15,10
00-0033923,2019,13,1
00-0035704,2019,16,2
00-0034407,2020,10,1
00-0034827,2019,3,1
00-0037197,2022,22,4
00-0036442,2022,15,1
00-0036383,2022,6,1
00-0033923,2022,7,2
00-0034184,2020,11,1
00-0034367,2021,3,3
00-0033906,2023,13,5
00-0035228,2021,8,4
00-0031345,2019,20,1
00-0037263,2022,2,3
00-0033293,2022,3,2
00-0036997,2021,4,1
00-0029263,2023,14,3
00-0034796,2019,14,1
00-0023459,2024,4,1
00-0040784,2025,5,7
00-0027973,2019,3,1
00-0040666,2025,5,2
00-0030565,2024,2,1
00-0031800,2021,13,1
00-0037077,2023,4,1
00-0036442,2023,8,1
00-0031045,2019,18,1
00-0035685,2021,4,4
00-0035228,2024,2,1
00-0031045,2019,8,4
00-0035261,2022,14,4
00-0033873,2020,3,1
00-0036358,2020,11,1
00-0031382,2021,1,1
00-0038563,2023,6,1
00-0035567,2023,8,3
00-0038597,2024,15,8
00-0034184,2019,14,2
00-0032950,2020,8,1
00-0038597,2024,9,7
00-0032972,2021,1,1
00-0035250,2022,13,1
00-0039040,2024,16,2
00-0033856,2021,14,2
00-0032764,2024,17,4
00-0039150,2025,12,3
00-0034253,2021,18,1
00-0033906,2024,9,4
00-0037834,2023,13,1
00-0036389,2022,12,1
00-0039384,2025,6,1
00-0036567,2023,8,1
00-0034844,2024,12,6
00-0034844,2024,16,6
00-0035232,2019,14,1
00-0035664,2022,3,1
00-0036355,2023,6,3
00-0030288,2020,3,4
00-0036893,2021,1,2
00-0037746,2024,13,4
00-0034184,2020,15,2
00-0038542,2024,9,4
00-0033897,2021,5,1
00-0037228,2025,7,2
00-0036555,2024,6,3
00-0037248,2022,11,1
00-0033699,2019,8,2
00-0036893,2022,8,1
00-0033893,2022,10,1
00-0039391,2025,14,1
00-0031236,2023,16,1
00-0036223,2021,6,4
00-0036223,2025,4,1
00-0032956,2019,11,1
00-0019596,2019,12,2
00-0035685,2019,16,1
00-0034972,2019,1,1
00-0031062,2019,7,3
00-0036893,2021,18,1
00-0038705,2025,10,1
00-0030288,2019,1,3
00-0035243,2022,9,6
00-0039798,2025,8,2
00-0040583,2025,20,5
00-0036875,2025,4,2
00-0037525,2024,1,5
00-0031665,2019,7,1
00-0036251,2021,2,3
00-0033955,2021,9,2
00-0033699,2021,13,3
00-0030874,2019,10,1
00-0034972,2020,6,2
00-0036875,2023,7,3
00-0036442,2022,11,1
00-0036020,2023,8,1
00-0039139,2023,12,2
00-0033118,2019,3,1
00-0038120,2023,17,1
00-0039075,2023,11,1
00-0039373,2024,10,2
00-0040128,2025,4,2
00-0034791,2021,1,6
00-0033293,2020,3,5
00-0033906,2020,10,3
00-0035973,2024,6,5
00-0039917,2025,9,1
00-0036265,2022,1,2
00-0039299,2025,10,3
00-0035700,2024,13,7
00-0038752,2023,8,1
00-0036875,2021,17,5
00-0036389,2023,8,1
00-0026158,2023,15,1
00-0032393,2020,12,2
00-0037840,2025,15,3
00-0034796,2023,11,4
00-0039875,2024,9,1
00-0040715,2025,5,2
00-0038098,2022,15,1
00-0033948,2022,16,3
00-0036275,2021,3,5
00-0033280,2022,20,1
00-0036945,2021,2,2
00-0034838,2019,2,1
00-0036328,2023,7,1
00-0035685,2022,6,2
00-0036389,2025,3,5
00-0034184,2024,11,2
00-0036919,2025,16,2
00-0030288,2020,2,1
00-0034791,2024,8,3
00-0039163,2025,16,2
00-0033897,2021,12,7
00-0036328,2024,8,2
00-0037263,2023,15,1
00-0032209,2020,3,1
00-0033288,2019,7,1
00-0033045,2019,10,3
00-0036906,2022,4,5
00-0036893,2022,17,5
00-0034975,2024,1,1
00-0036414,2024,4,3
00-0034798,2022,10,1
00-0039165,2025,11,3
00-0039075,2025,20,1
00-0033895,2020,4,1
00-0034286,2019,14,1
00-0036158,2022,15,2
00-0036971,2025,5,4
00-0036389,2024,11,4
00-0030565,2025,11,2
00-0036555,2021,16,1
00-0034253,2019,1,1
00-0034208,2019,15,6
00-0036355,2025,16,2
00-0033319,2020,9,1
00-0036924,2021,15,1
00-0035719,2019,14,1
00-0039152,2024,3,1
00-0034869,2022,16,2
00-0035243,2019,2,2
00-0036275,2022,18,1
00-0033873,2025,12,1
00-0035311,2021,1,1
00-0033280,2019,12,8
00-0035719,2025,1,1
00-0036442,2021,4,1
00-0034845,2021,9,2
00-0036360,2022,7,2
00-0036971,2023,12,1
00-0034753,2021,18,1
00-0032741,2020,13,1
00-0023682,2019,7,2
00-0035685,2024,13,6
00-0038120,2022,6,5
00-0032780,2020,9,2
00-0033923,2020,13,2
00-0035710,2023,4,2
00-0033897,2019,2,3
00-0032764,2024,2,3
00-0036275,2025,10,2
00-0035291,2021,6,2
00-0036973,2022,16,4
00-0039910,2024,19,4
00-0033118,2020,6,3
00-0040691,2025,17,2
00-0040138,2025,9,1
00-0035700,2020,11,5
00-0035664,2020,2,2
00-0036997,2025,15,4
00-0036364,2020,17,1
00-0035021,2025,4,1
00-0037248,2025,14,7
00-0034646,2022,4,1
00-0033357,2019,4,1
00-0023459,2021,6,1
00-0033466,2022,8,2
00-0036251,2024,4,1
00-0033280,2021,9,2
00-0036275,2022,14,2
00-0036997,2021,6,1
00-0034845,2021,4,1
00-0035594,2020,1,1
00-0031687,2020,6,2
00-0025399,2019,17,3
00-0029701,2021,14,2
00-0037013,2021,14,2
00-0036997,2024,13,2
00-0036265,2021,15,2
00-0035217,2020,7,2
00-0033699,2024,7,1
00-0036158,2022,16,3
00-0033699,2024,20,1
00-0038797,2025,8,3
00-0033897,2024,1,6
00-0037256,2025,2,2
00-0036275,2025,14,4
00-0030578,2022,4,2
00-0030565,2022,18,1
00-0033923,2024,7,7
00-0038597,2025,6,1
00-0036265,2021,20,2
00-0033858,2022,11,1
00-0036945,2023,2,1
00-0034855,2023,16,4
00-0036755,2021,11,2
00-0033897,2023,10,1
00-0035243,2019,15,4
00-0036328,2020,9,3
00-0039851,2025,9,1
00-0023459,2019,19,1
00-0037256,2022,1,1
00-0036268,2021,9,1
00-0039917,2024,17,1
00-0037840,2025,6,2
00-0038976,2025,14,1
00-0035993,2023,18,1
00-0037525,2023,14,1
00-0029892,2022,2,2
00-0037617,2024,17,2
00-0034681,2019,2,1
00-0035125,2019,17,1
00-0033856,2022,17,3
00-0035719,2023,12,1
00-0036913,2023,14,1
00-0033949,2024,17,1
00-0039738,2025,3,1
00-0033949,2023,2,1
00-0038045,2023,4,3
00-0039732,2024,7,1
00-0037267,2023,15,2
00-0036360,2022,4,2
00-0033357,2021,4,3
00-0034115,2021,11,4
00-0033293,2024,10,3
00-0038134,2024,13,3
00-0033923,2023,11,1
00-0036251,2021,3,5
00-0031285,2021,15,2
00-0033106,2019,7,2
00-0032268,2025,11,1
00-0027966,2022,4,2
00-0036971,2025,7,1
00-0035685,2020,5,1
00-0037258,2022,2,3
00-0034400,2019,4,1
00-0033893,2019,10,6
00-0034796,2020,6,3
00-0034681,2022,7,3
00-0033118,2022,13,1
00-0036370,2023,1,5
00-0035217,2020,15,3
00-0029892,2023,21,1
00-0036919,2025,9,1
00-0036328,2021,4,1
00-0036271,2022,15,1
00-0039139,2025,10,4
00-0035537,2024,2,1
00-0032144,2022,3,2
00-0034796,2024,19,1
00-0036973,2024,18,1
00-0036412,2022,8,1
00-0033699,2024,3,1
00-0034844,2021,4,3
00-0035685,2021,1,2
00-0036442,2021,3,1
00-0033537,2019,6,4
00-0038996,2024,19,1
00-0031800,2022,8,2
00-0032257,2019,5,3
00-0036139,2023,13,1
00-0040236,2025,3,1
00-0035993,2022,19,3
00-0040122,2025,4,4
00-0031376,2022,16,1
00-0035243,2019,16,3
00-0033893,2022,13,2
00-0033077,2023,15,1
00-0034115,2023,18,1
00-0035268,2019,15,1
00-0032156,2021,11,1
00-0039021,2024,3,2
00-0034844,2024,7,4
00-0033118,2021,3,2
00-0032764,2024,12,3
00-0036020,2020,10,7
00-0035551,2019,10,1
00-0035628,2021,8,2
00-0036555,2022,14,3
00-0036919,2024,15,3
00-0036919,2024,19,1
00-0036389,2024,22,2
00-0039361,2024,13,7
00-0037286,2023,15,1
00-0019596,2022,5,3
00-0039150,2025,6,2
00-0037258,2022,9,4
