receiver_player_id,season,week,rz_targets
00-0034487,2020,17,1
00-0036876,2023,2,1
00-0037614,2024,9,1
00-0033282,2019,9,2
00-0033943,2023,5,1
00-0039890,2024,17,1
00-0040782,2025,2,1
00-0027944,2019,17,2
00-0034764,2022,14,1
00-0037816,2024,17,3
00-0035676,2021,11,1
00-0034646,2022,13,1
00-0037238,2022,18,2
00-0032918,2020,13,1
00-0036370,2020,7,1
00-0035216,2022,17,1
00-0036893,2021,6,1
00-0036646,2024,8,1
00-0024389,2019,3,2
00-0035217,2020,12,2
00-0036913,2021,11,2
00-0034270,2024,18,1
00-0033576,2024,18,3
00-0036252,2025,14,1
00-0036032,2021,12,1
00-0032104,2021,17,1
00-0033921,2019,1,2
00-0033090,2019,11,2
00-0025418,2019,17,3
00-0034764,2020,17,1
00-0033923,2020,6,1
00-0030288,2022,7,1
00-0030288,2022,9,1
00-0029000,2020,6,1
00-0036875,2023,7,1
00-0037487,2023,6,1
00-0032775,2024,8,1
00-0038678,2024,10,1
00-0036232,2023,17,1
00-0037740,2022,16,1
00-0033921,2019,10,2
00-0034775,2023,6,1
00-0033921,2021,14,3
00-0035537,2021,8,2
00-0036196,2021,8,3
00-0034348,2023,11,1
00-0034115,2023,15,1
00-0030506,2024,13,3
00-0030035,2024,18,2
00-0038994,2024,12,2
00-0033923,2022,12,1
,2024,15,17
00-0035537,2019,13,1
00-0035535,2022,5,2
00-0034386,2019,14,3
00-0034791,2022,18,1
00-0034411,2020,12,2
00-0036265,2022,1,1
00-0035229,2025,4,1
00-0035359,2025,12,1
00-0035342,2019,13,2
00-0033857,2025,12,1
00-0028002,2021,11,1
00-0036254,2021,6,1
00-0027656,2021,19,1
00-0034487,2022,2,1
00-0034827,2020,17,1
00-0034419,2022,4,1
00-0034272,2022,20,1
00-0036427,2021,19,1
00-0035249,2022,16,1
00-0035676,2019,8,1
00-0033896,2019,8,2
00-0038979,2023,4,2
00-0033908,2023,15,2
00-0037252,2025,17,3
00-0031344,2019,9,1
00-0033217,2022,4,2
00-0033280,2023,11,2
00-0033923,2025,13,1
00-0031408,2025,17,1
00-0035676,2024,12,1
00-0038997,2023,1,2
00-0033858,2021,4,3
00-0030496,2019,2,1
00-0038090,2023,2,1
00-0038563,2024,5,1
00-0030506,2021,5,1
00-0034970,2022,2,1
00-0037744,2024,14,4
00-0039065,2023,12,3
00-0030496,2021,18,1
00-0032160,2019,13,2
00-0035229,2022,10,1
00-0037091,2023,17,2
00-0039040,2023,17,1
00-0035140,2024,9,1
00-0036970,2024,16,2
00-0039074,2025,1,1
00-0040705,2025,16,1
00-0036309,2021,18,1
00-0034364,2020,17,1
00-0034829,2022,18,1
00-0034775,2022,20,1
00-0030061,2019,12,1
00-0036268,2020,17,2
00-0034487,2021,13,2
00-0035676,2023,5,1
00-0033921,2023,12,1
00-0034273,2020,4,1
00-0031381,2024,7,1
00-0039810,2024,11,1
00-0039491,2024,16,2
00-0039875,2025,10,1
00-0030564,2024,12,2
00-0037746,2024,17,1
00-0031547,2022,4,1
00-0033885,2023,13,1
00-0032813,2021,14,1
00-0037809,2022,4,1
00-0035229,2023,3,4
00-0033854,2020,10,1
00-0038597,2025,6,1
00-0031235,2023,15,1
00-0033591,2020,2,1
00-0034407,2025,2,1
00-0037666,2023,19,1
00-0039067,2023,19,2
00-0036196,2020,9,1
00-0036326,2021,5,1
00-0030061,2025,4,2
00-0035298,2020,19,1
00-0036410,2024,15,2
00-0036219,2021,5,1
00-0038606,2025,5,1
00-0037840,2024,15,1
00-0030821,2019,12,1
00-0032602,2020,13,1
00-0033338,2019,15,1
00-0033856,2021,10,1
00-0036980,2023,1,2
00-0037545,2025,2,2
00-0030035,2024,12,1
00-0032144,2021,7,2
00-0034253,2022,7,2
00-0032392,2022,12,1
00-0036332,2022,8,1
00-0039067,2023,3,2
00-0036567,2021,9,1
00-0032977,2020,13,2
00-0033246,2024,12,1
00-0036963,2025,11,1
00-0034860,2019,3,2
00-0035291,2023,2,1
00-0036252,2021,3,1
00-0036973,2024,17,1
00-0031588,2025,13,1
00-0031577,2019,17,1
00-0033526,2021,8,1
00-0033526,2020,10,1
00-0036893,2021,16,2
00-0036613,2023,6,2
00-0037744,2025,6,5
00-0033572,2022,12,3
00-0031376,2022,10,1
00-0031051,2020,9,3
00-0031235,2021,6,1
00-0034521,2022,17,2
00-0031285,2019,8,1
00-0031428,2020,2,1
00-0033526,2021,5,2
00-0034521,2023,5,1
00-0035547,2022,15,1
00-0037267,2023,16,1
00-0037746,2023,4,1
00-0039065,2023,5,1
00-0033906,2024,4,1
00-0030061,2024,17,3
00-0036290,2024,16,1
00-0039075,2025,6,1
00-0030564,2025,10,1
00-0036569,2022,12,1
00-0034613,2024,1,1
00-0036165,2025,12,2
00-0032385,2019,13,3
00-0030431,2020,6,2
00-0033375,2019,16,1
00-0035662,2021,1,1
00-0030549,2019,13,1
00-0038809,2023,13,1
00-0033040,2024,16,2
00-0037247,2025,5,1
00-0030216,2020,9,1
00-0032187,2021,1,2
00-0029000,2019,7,1
00-0027685,2021,5,2
00-0037744,2023,12,2
00-0035660,2020,16,1
00-0033908,2021,12,1
00-0033858,2024,14,1
00-0036410,2025,11,1
00-0030035,2019,4,1
00-0029627,2020,8,1
00-0037256,2025,11,1
00-0038120,2025,14,1
00-0034827,2025,15,1
00-0031408,2023,20,2
00-0027061,2019,4,1
00-0033757,2021,2,1
00-0038685,2025,17,1
00-0036900,2024,10,2
00-0036893,2024,12,1
00-0032626,2019,7,1
00-0033891,2021,18,2
00-0033858,2023,4,1
00-0034970,2019,17,1
00-0035823,2020,7,1
00-0036423,2020,6,2
00-0034164,2020,10,1
00-0035181,2020,4,1
00-0035329,2022,19,2
00-0036900,2022,16,2
00-0033280,2023,17,2
00-0034970,2022,4,1
00-0033908,2020,5,1
00-0038979,2023,10,1
00-0034960,2025,19,1
00-0034830,2023,1,2
00-0035261,2022,14,2
00-0033857,2023,2,1
00-0036924,2024,18,2
00-0032385,2019,3,2
00-0031260,2019,14,1
00-0033090,2021,2,1
00-0031585,2021,14,1
00-0039146,2023,4,3
00-0034975,2020,13,1
00-0036290,2020,6,1
00-0035140,2020,20,1
00-0039139,2023,20,1
00-0034765,2020,9,1
00-0034844,2019,17,1
00-0034414,2020,8,1
00-0033589,2020,12,2
,2023,2,31
00-0027685,2021,16,2
00-0031588,2020,12,1
00-0035719,2024,14,1
00-0027944,2023,15,1
00-0035640,2025,2,1
00-0036259,2025,4,3
00-0038621,2025,5,1
00-0031381,2023,7,2
00-0039050,2024,17,1
00-0031549,2022,12,1
00-0040727,2025,2,1
00-0039732,2025,11,1
00-0032791,2019,11,1
00-0034827,2020,7,1
00-0035341,2020,16,1
00-0034272,2021,17,1
00-0036963,2023,17,2
00-0039064,2024,11,1
00-0034775,2025,4,1
00-0034753,2021,11,2
00-0034383,2021,3,1
00-0034104,2021,18,1
00-0033280,2025,16,3
00-0036924,2023,17,1
00-0035535,2025,18,3
00-0033288,2019,12,1
00-0037277,2022,13,1
00-0030107,2020,17,1
00-0036414,2020,19,2
,2022,18,19
00-0036555,2024,6,2
00-0038124,2024,14,2
00-0036556,2023,3,1
00-0033217,2025,16,1
00-0036165,2023,2,2
00-0036219,2022,9,1
00-0033858,2023,7,1
00-0036963,2023,16,2
00-0033897,2019,7,1
00-0040730,2025,4,1
00-0035676,2020,5,2
00-0033292,2021,21,1
00-0033871,2020,7,2
00-0026035,2020,9,2
00-0036554,2023,4,1
00-0039040,2025,5,1
00-0038041,2025,13,1
00-0030108,2019,5,1
00-0033110,2021,10,2
00-0033471,2019,7,1
00-0038824,2024,16,1
00-0031189,2019,2,1
00-0036196,2024,5,1
00-0031408,2019,2,1
00-0033009,2019,8,1
00-0033538,2025,7,1
00-0037252,2024,2,1
00-0035676,2019,7,1
00-0034487,2022,10,1
00-0036275,2022,13,1
00-0033293,2025,16,2
00-0034686,2019,2,1
00-0035631,2023,13,1
00-0035640,2023,8,5
00-0033857,2020,18,4
00-0034827,2025,14,1
00-0033387,2020,3,2
00-0040739,2025,3,1
00-0040735,2025,20,3
00-0031549,2020,7,2
00-0034159,2019,6,1
00-0027656,2020,14,1
00-0036358,2022,5,1
00-0035640,2019,5,2
00-0036215,2021,9,1
00-0036955,2021,10,1
00-0036912,2021,11,1
00-0032951,2020,14,1
00-0033576,2025,17,1
00-0033871,2020,14,1
00-0031408,2024,7,1
00-0038994,2024,11,1
00-0035640,2021,3,1
00-0031236,2022,17,1
00-0033040,2019,15,2
00-0035594,2020,4,1
00-0034960,2020,12,1
00-0033439,2025,15,1
00-0036450,2023,6,1
00-0030968,2020,11,1
00-0034400,2020,14,1
00-0031610,2023,6,1
00-0040736,2025,5,3
00-0024243,2020,9,1
00-0036194,2020,14,1
00-0031549,2022,15,1
00-0033553,2023,16,1
00-0037740,2025,3,2
00-0036988,2025,4,1
00-0040130,2025,18,1
00-0034775,2024,3,1
00-0030472,2020,2,3
00-0036894,2023,13,2
00-0038544,2025,7,2
00-0033553,2021,18,1
00-0033288,2023,5,2
00-0035259,2019,17,1
00-0029000,2020,13,1
00-0036482,2022,6,2
00-0034837,2024,14,3
00-0038120,2025,17,2
00-0037816,2023,8,2
00-0033556,2019,17,1
00-0035831,2020,15,1
00-0038115,2022,19,1
00-0034686,2020,3,2
00-0037197,2023,3,2
00-0036980,2023,6,1
00-0034854,2024,18,1
00-0035676,2024,15,1
00-0036970,2024,10,1
00-0036410,2021,2,1
00-0034860,2019,6,1
00-0031408,2021,2,4
00-0036196,2020,5,2
,2021,3,27
00-0032117,2019,13,2
00-0035662,2021,16,1
00-0033040,2020,21,2
00-0038542,2023,12,1
00-0031544,2019,13,1
00-0035243,2023,2,1
00-0033921,2025,15,2
00-0039893,2025,19,1
00-0031236,2022,3,1
00-0031547,2019,10,1
00-0036275,2021,6,3
00-0033943,2019,3,2
00-0039065,2023,8,3
00-0037816,2023,11,1
00-0035700,2023,4,2
00-0038041,2025,12,3
00-0036894,2021,6,1
00-0034765,2020,10,1
00-0036261,2021,9,1
00-0034798,2024,2,1
00-0033217,2021,15,1
00-0038117,2024,2,1
00-0035297,2019,16,1
00-0035659,2024,16,1
00-0039530,2024,8,1
00-0034838,2020,4,1
00-0036223,2023,6,2
00-0033526,2020,16,1
00-0034975,2024,7,1
00-0034279,2022,4,1
00-0034411,2019,17,4
00-0034383,2024,12,1
00-0036924,2022,1,2
00-0034686,2020,12,1
00-0033925,2023,7,2
00-0035639,2024,4,1
00-0033080,2019,8,1
00-0028002,2019,1,1
00-0033858,2021,1,1
00-0030431,2022,17,3
00-0037197,2023,19,1
00-0030506,2024,9,2
00-0033375,2021,14,1
00-0037614,2024,8,2
00-0034104,2021,11,1
00-0036322,2023,16,1
00-0036970,2025,6,2
00-0036963,2025,9,2
00-0033897,2023,9,1
00-0031273,2021,13,1
00-0035676,2025,13,1
00-0040730,2025,17,1
00-0036900,2021,14,1
00-0033589,2024,6,1
00-0038543,2025,21,3
00-0036671,2022,2,1
00-0031610,2023,7,1
00-0033282,2024,21,1
00-0033280,2025,5,1
00-0037838,2022,8,2
00-0037004,2025,9,1
00-0035640,2022,7,1
00-0036997,2023,18,1
00-0033282,2022,1,1
00-0037291,2025,4,4
00-0036980,2022,13,3
00-0034487,2022,15,1
00-0033217,2020,4,2
00-0036980,2023,11,1
00-0027696,2020,17,1
00-0032791,2020,14,1
00-0033699,2023,6,3
00-0035644,2022,15,1
00-0034775,2021,11,1
00-0036613,2024,13,1
00-0031588,2021,18,2
00-0027942,2020,11,2
00-0034837,2023,13,3
00-0039139,2025,1,2
00-0036988,2023,8,1
00-0034393,2020,10,2
00-0038440,2025,4,2
00-0034983,2022,18,1
00-0037816,2025,8,1
00-0038465,2023,18,1
00-0032117,2019,14,1
00-0030431,2023,16,1
00-0033908,2019,5,3
00-0031408,2021,14,1
00-0034407,2021,17,5
00-0039920,2024,13,1
00-0037614,2023,17,1
00-0030513,2020,9,1
00-0028411,2020,3,2
00-0033923,2021,5,1
00-0035806,2022,12,1
00-0036415,2024,2,1
00-0035243,2021,5,1
00-0036950,2022,16,1
00-0036887,2023,12,1
00-0032392,2025,12,1
00-0032257,2020,11,1
00-0036415,2022,16,2
00-0034297,2019,4,1
00-0034829,2020,12,1
00-0027029,2020,1,1
00-0033164,2020,11,1
00-0030456,2020,8,1
00-0036233,2020,14,1
00-0031381,2022,11,1
00-0035099,2023,7,1
00-0032058,2019,8,2
00-0039893,2024,17,1
00-0033282,2019,6,1
00-0036139,2023,12,1
00-0036988,2022,19,1
00-0031236,2022,11,1
00-0027696,2020,9,1
00-0032211,2021,2,1
00-0031588,2019,19,1
00-0033090,2024,13,2
00-0033932,2019,7,1
00-0034297,2020,11,1
00-0036309,2023,8,1
00-0029738,2020,3,1
00-0027942,2020,7,1
00-0038496,2023,18,1
00-0039919,2024,5,2
00-0032775,2022,12,1
00-0031376,2023,14,1
00-0034844,2023,17,1
00-0034351,2019,11,1
00-0036912,2021,9,1
00-0036637,2022,1,2
00-0033553,2024,13,1
00-0039573,2024,16,1
00-0031408,2021,19,3
00-0037744,2025,15,3
00-0034681,2019,6,1
00-0033293,2024,13,2
00-0038720,2024,8,2
00-0034830,2019,2,1
00-0034753,2024,15,1
00-0032385,2023,18,1
00-0036919,2025,15,2
00-0036290,2020,17,1
00-0036145,2022,10,1
00-0033526,2023,11,1
00-0033921,2021,10,2
00-0036997,2021,14,1
00-0035140,2024,7,1
00-0033856,2021,2,2
00-0030061,2021,18,3
00-0034799,2019,11,1
00-0031428,2019,3,1
00-0034073,2019,11,2
00-0039901,2025,18,3
00-0035025,2019,13,1
00-0027696,2021,12,2
00-0035045,2023,15,2
00-0031428,2020,9,1
00-0034681,2019,14,1
00-0032381,2024,6,1
00-0038134,2025,15,1
00-0037228,2025,18,1
00-0040078,2025,17,1
00-0029269,2019,6,2
00-0030216,2019,4,2
00-0036196,2023,5,1
00-0033857,2025,5,1
00-0035215,2023,4,1
00-0033932,2019,16,2
00-0027944,2020,8,3
00-0032392,2020,18,4
00-0032394,2022,18,1
00-0037216,2024,10,1
00-0037746,2024,2,2
00-0030513,2020,4,1
00-0037239,2025,2,1
00-0036410,2025,16,1
00-0036427,2024,7,2
00-0033110,2020,4,1
00-0033908,2023,14,5
00-0037005,2022,14,2
00-0035676,2023,12,1
00-0027685,2020,9,1
00-0032791,2020,11,1
00-0036654,2021,3,1
00-0036254,2020,2,1
00-0032764,2024,10,1
00-0034837,2020,13,1
00-0033536,2021,13,1
00-0031235,2021,14,1
00-0036358,2021,19,1
00-0027696,2019,7,2
00-0034353,2019,17,1
00-0036020,2023,11,2
00-0032602,2022,3,1
00-0034393,2020,14,1
00-0033526,2022,11,2
00-0034753,2022,7,1
00-0038090,2023,12,1
00-0035249,2023,3,1
00-0030035,2022,13,1
00-0033357,2023,9,2
00-0029632,2021,1,1
00-0039814,2024,6,2
00-0036182,2024,7,2
00-0034983,2019,11,2
00-0036259,2025,19,1
00-0031585,2019,17,1
00-0033921,2020,6,1
00-0035676,2021,6,1
00-0034400,2022,9,1
00-0036630,2024,13,1
00-0035700,2022,17,1
00-0031941,2024,17,1
00-0036637,2025,2,1
00-0036900,2024,2,1
00-0035208,2020,9,1
00-0034845,2021,21,1
00-0035125,2021,3,1
00-0036912,2023,11,1
00-0035006,2019,7,2
00-0033857,2020,7,2
00-0027944,2020,1,1
00-0036233,2021,10,1
00-0031408,2021,12,2
00-0036365,2021,13,1
00-0033040,2021,18,2
00-0034775,2022,10,3
00-0031588,2023,17,1
00-0033897,2019,13,2
00-0036997,2024,3,1
00-0033906,2021,3,1
00-0031544,2022,13,1
00-0035671,2020,9,1
00-0038129,2024,13,2
00-0034960,2025,17,1
00-0034407,2020,17,1
00-0036912,2024,15,2
00-0039746,2024,18,1
00-0038046,2025,9,1
00-0030506,2025,4,1
00-0022921,2019,3,1
00-0032160,2019,2,2
00-0034159,2021,5,1
00-0034383,2021,10,1
00-0035249,2023,1,1
00-0038115,2024,1,1
00-0036271,2022,15,1
00-0036912,2022,18,2
00-0036322,2024,13,1
00-0034845,2019,15,1
00-0031384,2020,11,1
00-0035243,2019,18,1
00-0033009,2023,8,1
00-0033881,2024,9,2
00-0036988,2024,12,1
00-0034286,2022,20,1
00-0035644,2020,1,1
00-0036894,2024,11,1
00-0037239,2024,3,1
00-0034765,2021,11,1
00-0036387,2021,15,1
00-0037238,2024,13,3
00-0033897,2024,10,2
00-0036997,2025,4,1
00-0032661,2019,10,1
00-0033280,2022,13,4
00-0032144,2019,15,1
00-0034960,2024,12,3
00-0031235,2021,16,3
00-0036554,2021,1,1
00-0037744,2025,9,3
00-0036259,2025,9,3
00-0031381,2020,8,4
00-0034983,2020,3,2
00-0035719,2021,1,1
00-0036422,2021,3,1
00-0036857,2021,6,1
00-0033891,2022,18,2
00-0040134,2025,6,1
00-0032688,2019,12,1
00-0032765,2020,10,2
00-0037840,2025,2,1
00-0036456,2020,17,1
00-0033090,2022,4,1
00-0031687,2022,16,1
00-0039338,2025,2,1
00-0035719,2025,14,1
00-0027696,2019,1,1
00-0031687,2022,7,2
00-0030068,2022,7,1
00-0033923,2024,13,1
00-0029293,2022,19,1
00-0036328,2021,8,1
00-0032104,2019,9,1
00-0037248,2023,17,1
00-0033466,2020,20,1
00-0036196,2021,4,1
00-0033110,2024,19,1
00-0037261,2024,7,1
00-0039623,2025,8,1
00-0035864,2022,14,2
00-0031325,2020,5,1
00-0035261,2023,2,2
00-0031549,2021,11,1
00-0035703,2019,1,1
00-0037257,2023,12,1
00-0033906,2024,6,1
00-0032775,2021,9,1
00-0031285,2021,10,1
00-0036252,2023,6,2
00-0038046,2023,15,1
00-0036912,2024,1,1
00-0036158,2024,6,1
00-0029137,2019,5,1
00-0037816,2025,9,3
00-0037487,2023,20,1
00-0036422,2023,4,1
00-0034351,2019,4,2
00-0038563,2024,12,1
00-0033536,2020,8,1
,2025,18,22
00-0031588,2021,6,4
00-0034791,2020,15,1
00-0030181,2020,16,2
00-0032187,2021,4,1
00-0035149,2021,19,1
00-0034411,2019,13,3
00-0037267,2025,3,2
00-0036894,2022,18,1
00-0034364,2020,10,1
00-0032392,2019,10,2
00-0033891,2019,2,1
00-0039894,2024,2,1
00-0038124,2023,13,3
00-0035261,2020,8,1
00-0039919,2025,4,3
00-0031260,2023,2,2
00-0039064,2025,6,1
00-0030663,2020,1,2
00-0034837,2023,1,2
00-0033891,2022,7,2
00-0034844,2025,14,1
00-0037267,2023,17,1
00-0034845,2019,18,1
00-0033921,2024,7,1
00-0032775,2024,1,1
00-0035689,2021,19,2
00-0027891,2019,9,3
00-0036407,2024,5,1
00-0034646,2023,9,2
00-0034750,2021,17,1
00-0035311,2021,16,1
00-0038041,2023,2,3
00-0033895,2023,3,1
00-0033893,2019,11,2
00-0039064,2024,9,2
00-0035676,2025,11,3
00-0039139,2025,18,2
00-0035719,2024,11,2
00-0030564,2020,12,1
00-0034983,2021,10,2
00-0034830,2020,17,3
00-0040590,2025,7,1
00-0034681,2020,1,1
00-0036912,2024,14,2
00-0035329,2023,11,1
00-0031972,2019,19,1
00-0030404,2019,6,1
00-0037809,2022,14,3
00-0037247,2025,13,4
00-0040187,2025,19,1
00-0035689,2019,16,2
00-0033856,2021,8,1
00-0030279,2025,19,1
00-0036040,2021,1,2
00-0035229,2022,17,1
00-0039868,2025,8,1
00-0030061,2025,2,1
00-0036252,2025,5,5
00-0036875,2025,8,1
00-0036139,2024,3,1
00-0027656,2021,11,1
00-0037742,2025,13,1
00-0034351,2025,15,3
00-0036244,2024,11,1
00-0038134,2024,5,2
00-0033387,2019,13,2
00-0034676,2020,6,1
00-0035562,2021,15,1
00-0033536,2022,7,2
00-0039032,2023,5,1
00-0038124,2025,15,1
00-0037238,2023,5,1
00-0036345,2022,16,1
00-0030456,2020,2,1
00-0036247,2021,5,1
00-0038542,2024,16,1
00-0031062,2019,2,2
00-0035229,2020,7,2
00-0033906,2022,15,1
00-0034054,2023,1,2
00-0037838,2022,16,1
00-0037256,2023,2,1
00-0038543,2023,13,1
00-0036261,2023,13,1
00-0034159,2024,10,2
00-0031951,2021,12,1
00-0030108,2022,6,1
00-0035956,2025,17,1
00-0036223,2022,13,1
,2024,7,15
00-0030035,2022,17,1
00-0035676,2022,14,1
00-0033699,2019,4,1
00-0036973,2025,19,1
00-0036893,2022,6,1
00-0031547,2019,13,2
00-0034983,2021,13,1
00-0036252,2020,13,1
00-0033908,2021,18,2
00-0033857,2020,1,2
00-0035215,2021,8,1
00-0035703,2019,19,1
00-0036936,2022,7,1
00-0031408,2023,3,3
00-0037664,2023,15,2
00-0034753,2025,11,2
00-0040126,2025,11,1
00-0031588,2022,4,1
00-0033556,2019,4,3
00-0033895,2020,17,2
00-0037382,2023,3,1
00-0029239,2021,12,1
00-0031610,2022,4,2
00-0033891,2022,3,3
00-0039894,2024,3,1
00-0034411,2021,10,1
00-0033460,2021,5,1
00-0035640,2023,13,3
00-0034521,2024,1,3
00-0039342,2024,12,1
00-0027061,2020,2,1
00-0032187,2021,12,1
00-0033357,2019,13,1
00-0030710,2020,11,2
00-0031408,2020,11,3
00-0035249,2022,3,1
00-0039893,2024,18,2
00-0033893,2022,8,2
00-0033282,2022,13,1
00-0036196,2024,10,1
00-0033288,2023,8,3
00-0036407,2025,7,1
00-0034364,2022,13,2
00-0035208,2021,12,1
00-0036332,2021,16,2
00-0033288,2019,1,3
00-0036988,2022,6,2
00-0034829,2022,10,1
00-0036322,2020,16,2
00-0033307,2021,12,2
00-0036365,2021,7,2
00-0035719,2025,2,1
00-0036988,2022,11,1
00-0030564,2023,9,1
00-0038621,2024,9,1
00-0038117,2024,5,2
00-0033611,2021,14,1
00-0032200,2023,1,1
00-0027685,2020,10,1
00-0033871,2021,1,2
00-0037277,2022,15,2
00-0031588,2023,9,2
00-0030279,2021,15,4
00-0035659,2021,7,1
00-0036259,2022,7,1
00-0031381,2023,3,3
00-0036326,2020,9,2
,2021,17,14
00-0036906,2023,4,1
00-0031428,2019,7,3
00-0035662,2021,5,3
00-0036427,2021,10,1
00-0034837,2024,8,2
00-0034364,2022,3,1
00-0033950,2020,9,1
00-0036900,2021,15,1
00-0033594,2019,1,1
00-0033948,2019,8,1
00-0039916,2024,10,1
00-0031610,2021,1,3
00-0034960,2024,17,3
00-0036997,2025,14,2
00-0039589,2024,4,1
00-0035535,2024,12,2
00-0033611,2021,10,1
00-0035685,2020,4,1
00-0036410,2020,10,1
00-0035025,2019,11,2
00-0033871,2019,15,1
00-0033943,2022,14,1
00-0038563,2023,16,1
00-0036970,2025,18,2
00-0031236,2021,14,1
00-0031376,2021,18,1
00-0040218,2025,17,1
00-0030085,2021,9,2
00-0031381,2023,18,3
00-0035229,2024,15,1
00-0035644,2021,4,1
00-0034331,2019,14,1
00-0033589,2019,9,2
00-0033897,2021,8,3
00-0033090,2022,6,2
00-0036233,2021,6,1
00-0034791,2019,4,1
00-0035831,2022,9,1
00-0034830,2020,11,1
00-0036912,2022,20,2
00-0033127,2020,4,1
00-0028074,2019,1,1
00-0037755,2022,6,1
00-0036988,2023,18,2
00-0036196,2022,15,1
00-0035216,2024,6,1
00-0032135,2020,15,1
00-0034681,2021,6,2
00-0032211,2023,8,2
00-0034109,2019,13,1
00-0033879,2021,19,1
00-0034351,2023,4,2
00-0033282,2019,5,1
00-0034521,2021,7,2
00-0030506,2023,14,1
00-0034301,2021,9,1
00-0034981,2024,5,1
00-0036358,2024,8,4
00-0033943,2023,20,2
00-0034970,2023,12,1
00-0034407,2024,18,1
00-0033881,2025,4,2
00-0033536,2021,14,1
00-0036244,2025,5,1
00-0034411,2019,8,1
00-0031428,2023,5,1
00-0040124,2025,6,2
00-0038618,2025,7,1
00-0028002,2021,4,2
00-0035876,2025,14,1
00-0033856,2022,5,1
00-0033280,2019,2,1
00-0035329,2021,4,1
00-0033897,2024,19,1
00-0036309,2020,2,1
00-0040705,2025,12,2
00-0036613,2025,9,1
00-0031236,2022,18,1
00-0034844,2019,13,1
00-0035140,2022,1,3
00-0036627,2021,11,1
00-0033288,2025,10,4
00-0037013,2022,4,1
00-0034383,2025,20,1
00-0033040,2023,5,1
00-0032775,2022,19,1
00-0037247,2022,16,1
00-0031376,2022,12,2
00-0039075,2024,12,1
00-0036290,2022,18,2
00-0033164,2019,4,1
00-0034844,2023,6,2
00-0034764,2019,15,1
00-0036590,2023,6,1
00-0036328,2024,6,1
00-0033376,2024,9,1
00-0031236,2021,17,1
00-0036613,2022,12,1
00-0039139,2023,15,1
00-0036912,2024,8,1
00-0033282,2020,15,1
00-0035671,2020,7,1
00-0036158,2024,8,1
00-0030578,2020,5,1
00-0036261,2021,15,1
00-0034972,2022,2,2
00-0031544,2021,5,2
00-0031408,2024,16,1
00-0036322,2025,1,2
00-0022943,2019,7,1
00-0034975,2020,10,1
00-0033897,2021,17,1
00-0039793,2025,2,1
00-0033009,2022,2,1
00-0031260,2020,1,1
00-0027061,2020,14,1
00-0033858,2020,16,3
00-0027942,2021,10,1
00-0035771,2022,15,2
00-0035676,2023,8,1
00-0030035,2020,15,1
00-0038544,2025,1,2
,2019,16,19
00-0033948,2022,16,1
00-0031236,2023,6,1
00-0033589,2020,4,1
00-0031428,2020,6,1
00-0037816,2022,4,1
00-0033921,2019,12,2
00-0030506,2025,6,1
00-0040134,2025,11,1
00-0034830,2021,16,1
00-0035414,2021,12,1
00-0031235,2019,11,1
00-0033387,2020,15,1
00-0034981,2021,11,1
00-0037838,2022,6,1
00-0031273,2021,7,3
00-0033897,2021,22,2
00-0035208,2022,5,1
00-0037157,2025,10,3
00-0036906,2022,16,2
00-0036422,2021,9,2
00-0033090,2021,19,1
00-0035676,2023,2,1
00-0037801,2024,5,1
00-0033025,2019,15,1
00-0034775,2022,2,2
00-0040648,2025,5,1
00-0035350,2021,10,2
00-0029892,2020,5,1
00-0035644,2022,6,1
00-0031610,2022,17,1
00-0035222,2021,17,1
00-0034960,2021,4,1
00-0034830,2019,16,1
00-0035350,2020,9,1
00-0037291,2024,9,1
00-0035500,2025,4,2
00-0029293,2019,11,1
00-0033895,2022,14,3
00-0039338,2024,5,2
00-0038997,2024,6,2
00-0033897,2023,12,1
00-0036183,2024,6,3
00-0036893,2021,3,4
00-0027061,2021,18,1
00-0034981,2021,19,2
00-0034983,2022,1,1
00-0037256,2025,6,1
00-0027891,2019,14,1
00-0030181,2020,18,2
00-0033280,2019,5,2
00-0036876,2023,15,1
00-0030061,2024,5,4
00-0033857,2019,2,2
00-0035664,2021,10,1
00-0034837,2023,5,1
00-0034653,2020,3,1
00-0034270,2024,17,2
00-0030663,2020,10,2
00-0034844,2025,13,1
00-0034487,2021,1,1
00-0038979,2025,1,1
00-0033553,2024,16,1
00-0038558,2025,9,3
00-0034407,2021,15,1
00-0034777,2020,16,1
00-0031588,2020,1,2
00-0034753,2020,15,1
00-0035689,2021,14,2
00-0035700,2025,10,1
00-0035547,2022,12,1
00-0034844,2023,2,1
00-0034348,2021,12,1
00-0036358,2025,2,1
00-0033555,2025,22,1
00-0036265,2021,15,1
,2021,22,1
00-0030506,2023,20,2
00-0035640,2021,8,3
00-0034959,2025,5,1
00-0033282,2023,15,5
00-0033881,2025,10,1
00-0036322,2025,10,3
,2025,16,12
00-0031062,2019,4,1
00-0035529,2020,7,1
00-0033280,2025,13,3
00-0034829,2020,1,1
00-0031588,2020,15,3
00-0034975,2020,19,1
00-0036139,2024,9,2
00-0033881,2021,16,1
00-0036290,2021,4,1
00-0036271,2022,6,1
00-0035243,2019,15,1
00-0027656,2020,18,1
00-0036876,2021,11,1
00-0039901,2025,3,1
00-0030279,2025,6,2
00-0033439,2020,10,1
00-0038559,2025,15,2
00-0039342,2025,9,1
00-0029293,2021,17,1
,2025,8,22
00-0031544,2021,15,1
00-0036919,2022,22,2
00-0039065,2023,15,3
00-0035399,2019,8,1
00-0036894,2024,2,1
00-0039236,2024,12,1
00-0036554,2024,12,1
00-0036412,2020,2,1
00-0037120,2023,18,2
00-0038809,2025,18,1
00-0027061,2020,16,1
00-0035592,2020,6,3
00-0036550,2021,14,1
00-0037742,2022,10,1
00-0035249,2022,9,1
00-0036637,2023,17,1
00-0030216,2019,7,1
00-0036556,2023,17,1
00-0032257,2020,13,1
00-0036613,2021,11,2
00-0033906,2021,14,3
00-0036963,2022,2,3
00-0032104,2022,9,1
00-0031062,2019,13,3
00-0038618,2025,13,1
00-0035640,2023,1,1
00-0035689,2021,4,4
00-0033280,2025,9,1
00-0034351,2022,18,2
00-0034844,2019,8,3
00-0036980,2022,1,1
00-0035243,2024,5,2
00-0030564,2020,17,1
00-0033090,2020,9,1
00-0038129,2023,19,2
00-0035298,2019,9,1
00-0033908,2024,11,3
00-0031408,2023,10,1
00-0034838,2019,5,1
00-0030513,2020,18,1
00-0032144,2020,2,2
,2019,11,10
00-0031408,2024,5,1
00-0031381,2025,11,2
00-0030564,2020,3,2
00-0034104,2020,15,1
00-0030155,2021,1,1
00-0037228,2022,10,1
00-0033280,2024,10,1
00-0030821,2019,15,1
00-0036613,2024,9,1
00-0039342,2025,8,1
00-0034681,2020,15,1
00-0034159,2019,2,2
00-0035908,2020,9,1
00-0033293,2025,11,2
00-0035125,2021,6,1
00-0034383,2023,2,1
00-0033288,2022,7,2
00-0040735,2025,3,1
00-0027029,2019,8,1
00-0036924,2025,12,2
00-0034367,2020,1,2
00-0034297,2021,5,1
00-0033594,2020,4,1
00-0035125,2020,14,1
00-0033045,2023,14,1
00-0033387,2020,8,1
00-0027942,2021,8,1
00-0036919,2021,18,2
00-0034348,2024,11,3
00-0033897,2019,4,1
00-0035860,2021,1,1
00-0039880,2025,6,2
00-0037247,2023,9,2
00-0033307,2019,9,1
00-0034753,2023,10,1
00-0031376,2022,15,2
00-0035703,2020,8,1
00-0036252,2023,12,1
00-0032764,2022,14,1
00-0033455,2020,5,1
00-0036358,2025,9,1
00-0040138,2025,5,1
00-0036328,2020,10,1
00-0038824,2024,17,1
00-0030669,2021,11,1
00-0036261,2021,14,2
00-0033090,2025,5,1
00-0034830,2019,3,2
00-0033292,2020,1,3
00-0036309,2020,14,1
00-0036332,2021,17,2
00-0036261,2024,3,1
00-0033471,2020,15,2
00-0038979,2024,9,2
00-0030456,2020,15,1
00-0034297,2021,16,2
00-0035640,2020,9,2
00-0031408,2024,19,1
00-0035676,2021,10,1
00-0031062,2019,8,1
00-0036422,2022,13,1
00-0027981,2019,8,1
00-0034830,2024,1,1
00-0036906,2025,17,1
00-0034348,2025,7,3
00-0033681,2021,10,1
00-0036900,2023,6,1
00-0031236,2021,8,1
00-0034383,2022,19,2
00-0033572,2020,6,1
00-0033923,2022,1,1
00-0032765,2023,3,1
00-0034854,2019,15,1
00-0033856,2021,11,2
00-0038809,2024,14,1
00-0036259,2025,12,1
00-0036196,2021,15,2
00-0034837,2021,4,1
00-0031236,2019,16,1
00-0035208,2022,16,1
00-0036875,2021,19,1
00-0033857,2019,10,1
00-0027696,2020,6,1
00-0032778,2021,13,1
00-0039062,2023,5,1
00-0037487,2024,12,1
00-0027685,2021,2,1
00-0035624,2019,17,2
00-0034844,2020,1,2
00-0038996,2024,12,2
00-0040584,2025,5,1
00-0031690,2024,8,1
00-0036254,2020,13,1
00-0038996,2025,9,1
00-0037740,2023,17,1
00-0034827,2025,13,2
00-0036980,2023,7,1
00-0033839,2019,1,2
00-0032187,2019,6,2
00-0033110,2020,2,2
00-0034829,2023,18,1
00-0038621,2025,13,1
00-0031257,2019,1,1
00-0039338,2025,12,1
,2022,2,17
00-0036165,2023,12,1
00-0035291,2025,16,1
00-0035406,2021,11,1
00-0034775,2021,18,1
00-0039746,2025,18,1
00-0035298,2023,10,1
00-0034837,2023,12,2
00-0035311,2020,4,1
00-0035676,2020,6,2
00-0031428,2021,7,1
00-0036626,2021,13,1
00-0035689,2025,18,1
00-0034775,2021,15,2
00-0032063,2019,8,1
00-0039901,2024,7,2
00-0040134,2025,18,1
00-0034829,2020,6,1
00-0033090,2025,16,2
00-0037744,2024,15,1
00-0036415,2024,7,2
00-0036251,2024,3,1
00-0037757,2025,5,1
00-0037252,2025,11,2
00-0039337,2024,8,1
00-0033466,2022,1,1
,2022,21,3
00-0035231,2019,16,1
00-0036876,2023,6,1
00-0033921,2019,8,2
00-0036427,2024,18,2
00-0034159,2020,5,1
00-0040663,2025,8,2
00-0034766,2020,15,1
00-0031544,2023,6,1
00-0038104,2025,4,2
00-0033040,2021,4,2
00-0033555,2023,6,1
00-0037840,2023,12,3
00-0038115,2023,17,1
00-0033040,2021,21,4
00-0033857,2022,17,1
00-0036900,2024,7,1
00-0035125,2020,15,1
00-0036407,2022,6,1
00-0037238,2024,9,1
00-0036894,2022,8,1
00-0027150,2020,1,1
00-0035297,2019,9,1
00-0030279,2024,1,2
00-0039386,2024,6,1
00-0033591,2022,14,1
00-0035342,2019,15,1
00-0031381,2023,6,2
00-0037382,2023,15,1
00-0036912,2025,14,1
00-0036919,2025,16,1
00-0031690,2022,15,1
00-0030431,2019,14,1
00-0035703,2020,13,1
00-0032764,2022,3,1
00-0033885,2022,3,3
00-0036439,2022,5,1
00-0036275,2022,11,1
00-0035535,2024,14,1
00-0037238,2022,2,3
00-0030472,2020,3,1
00-0036963,2025,6,2
00-0038129,2023,8,1
00-0035208,2025,19,1
00-0034367,2020,11,1
00-0031549,2021,3,1
00-0031868,2021,16,2
00-0034775,2022,18,1
00-0034348,2022,17,1
00-0033658,2021,18,2
00-0030061,2021,14,2
00-0036936,2021,2,2
00-0033045,2023,16,2
00-0036357,2021,1,1
00-0033217,2024,1,1
00-0027966,2022,13,1
00-0036919,2022,21,1
00-0039361,2024,15,1
00-0031382,2021,17,1
00-0031062,2019,9,1
00-0031381,2019,19,2
00-0031285,2021,15,1
00-0033885,2019,14,1
00-0035700,2021,19,1
00-0037557,2022,6,1
00-0035243,2023,15,1
00-0036261,2024,5,1
00-0036980,2024,17,1
00-0039880,2025,7,1
00-0032393,2020,12,1
00-0031428,2020,12,5
00-0038647,2024,7,1
00-0038134,2025,12,1
00-0033897,2020,4,2
00-0032394,2020,11,1
00-0035676,2020,15,1
00-0034799,2021,11,1
00-0035222,2021,13,1
00-0036620,2022,8,1
00-0034775,2022,17,1
00-0037545,2025,1,1
00-0035624,2020,13,1
00-0034827,2021,16,1
00-0033857,2020,8,3
00-0031941,2019,12,1
00-0033090,2020,11,3
00-0034159,2022,13,1
00-0034351,2025,14,1
00-0031610,2020,5,1
00-0036251,2021,13,1
00-0024221,2019,4,1
00-0036857,2021,16,1
00-0031376,2022,16,1
00-0036876,2021,8,1
00-0036358,2024,9,1
00-0036232,2020,7,2
00-0036626,2024,19,2
00-0033921,2024,6,1
00-0033699,2023,8,1
00-0030564,2024,21,1
00-0037837,2025,9,1
00-0033897,2021,16,2
00-0032464,2024,8,1
00-0036893,2021,1,2
00-0033280,2025,1,3
00-0036275,2020,10,1
00-0034273,2019,16,1
00-0030564,2024,14,1
00-0036187,2025,11,1
00-0030288,2021,17,1
00-0035140,2022,5,1
00-0033611,2019,12,1
00-0033591,2021,8,1
00-0036963,2021,13,2
00-0036997,2022,3,1
00-0031260,2019,12,2
00-0036275,2021,3,2
00-0027944,2020,7,1
00-0036567,2022,10,1
00-0033455,2019,18,1
00-0032141,2021,8,1
00-0028142,2019,13,1
00-0033307,2019,19,1
00-0034827,2020,6,1
00-0034830,2020,12,1
00-0033536,2022,4,2
00-0033471,2020,4,1
,2022,8,16
00-0033040,2022,10,2
00-0036415,2021,9,3
00-0029293,2023,1,1
00-0034829,2023,10,1
00-0037809,2023,17,1
00-0038559,2024,1,1
00-0032187,2020,4,1
00-0037666,2024,17,1
00-0031588,2025,9,1
00-0035298,2020,4,1
00-0033110,2021,7,3
00-0036196,2023,2,1
00-0033943,2023,2,1
00-0036410,2020,3,3
00-0034272,2022,17,1
00-0030288,2022,15,1
00-0037216,2023,5,1
00-0033757,2020,2,1
00-0035249,2023,16,1
00-0038465,2023,17,1
00-0036875,2025,13,1
00-0036358,2025,16,2
00-0033733,2021,3,1
00-0032063,2020,2,1
00-0037238,2023,10,1
00-0040734,2025,12,1
00-0035414,2021,11,1
00-0035329,2021,15,1
00-0030431,2022,11,4
00-0036754,2022,17,2
00-0035527,2019,11,1
00-0038996,2025,8,3
00-0034764,2022,19,1
00-0034764,2023,18,1
00-0035537,2024,11,1
00-0033881,2021,7,1
00-0033251,2020,2,2
00-0036980,2024,13,1
00-0033908,2022,3,1
00-0036322,2024,17,1
00-0036970,2024,17,1
00-0040187,2025,5,1
00-0034646,2023,7,1
00-0040134,2025,16,1
00-0038783,2025,6,1
00-0032128,2019,11,1
00-0032063,2020,4,2
00-0036887,2025,2,1
00-0034411,2022,5,2
00-0030061,2021,15,2
00-0032392,2020,11,1
00-0030669,2019,14,1
00-0036894,2021,14,2
00-0035644,2021,6,2
00-0038120,2022,1,2
00-0035208,2022,2,1
00-0037539,2023,13,1
00-0039365,2024,7,2
00-0038124,2022,2,1
00-0032187,2020,16,2
00-0033699,2021,4,1
00-0031585,2022,9,1
00-0035537,2023,18,1
00-0036261,2021,16,1
00-0039338,2024,11,2
00-0031381,2025,20,1
00-0036326,2022,8,1
00-0031408,2024,13,1
00-0036040,2024,15,2
00-0034837,2021,3,4
00-0037740,2024,7,2
00-0036894,2025,14,2
00-0040128,2025,16,1
00-0034827,2025,20,2
00-0032241,2019,15,1
00-0027656,2020,17,1
00-0036290,2021,8,3
,2021,20,7
00-0036365,2022,8,1
00-0037666,2024,2,1
00-0027891,2020,2,1
00-0033908,2024,9,1
00-0038117,2024,14,1
00-0039041,2025,1,1
00-0037112,2025,17,1
00-0038543,2024,12,1
00-0037744,2022,17,1
00-0027696,2020,12,2
00-0039855,2024,14,1
00-0036357,2020,12,1
00-0036862,2022,9,1
00-0034837,2024,12,1
00-0036550,2024,16,2
00-0032813,2020,9,1
00-0034981,2024,18,1
00-0038120,2025,5,2
00-0036182,2022,13,1
00-0032956,2019,11,1
00-0038543,2024,6,2
,2023,20,2
00-0039751,2024,4,1
00-0034837,2024,10,1
00-0039050,2024,18,1
00-0030068,2021,1,1
00-0030496,2020,12,1
00-0034613,2023,14,1
00-0037291,2024,3,1
00-0034331,2019,16,1
00-0031260,2023,11,1
00-0039424,2025,2,1
00-0033307,2025,6,1
00-0038045,2023,4,1
00-0040556,2025,18,1
00-0032211,2023,1,1
00-0030279,2019,11,3
00-0034676,2021,15,2
00-0031325,2022,19,1
00-0033908,2025,14,2
00-0038393,2024,16,2
00-0039052,2023,19,1
00-0035414,2021,1,1
00-0039064,2025,15,1
00-0040735,2025,4,1
00-0030564,2020,4,1
00-0033288,2025,1,1
00-0037005,2023,11,1
00-0033908,2020,1,1
00-0036158,2024,10,1
00-0035676,2019,19,1
00-0040129,2025,10,2
00-0036613,2021,1,1
00-0032688,2021,14,1
00-0034829,2019,12,1
00-0036331,2022,4,2
00-0030506,2019,14,1
00-0033881,2022,6,1
00-0033288,2024,16,2
00-0038120,2024,18,1
00-0033307,2021,19,2
00-0033110,2020,3,1
00-0035685,2020,6,1
00-0032211,2019,17,4
00-0037292,2023,15,1
00-0036754,2025,5,1
00-0039052,2024,9,1
00-0033375,2020,10,1
00-0033293,2022,7,1
00-0030431,2019,1,1
00-0034353,2019,7,1
00-0034983,2020,8,1
00-0027656,2020,11,1
00-0032063,2021,1,2
00-0027061,2021,15,1
00-0030564,2022,10,2
00-0033908,2022,9,1
00-0035685,2021,13,1
00-0033921,2022,13,3
00-0035229,2021,7,1
00-0034367,2022,15,1
00-0037801,2023,1,3
00-0034073,2023,7,1
00-0038809,2023,20,1
00-0036290,2023,1,2
,2024,16,19
00-0037840,2025,5,4
00-0032626,2019,16,2
00-0033090,2020,10,1
00-0031588,2022,13,2
00-0035639,2019,2,1
00-0036389,2021,2,1
00-0031408,2024,4,2
00-0033536,2019,15,2
00-0036894,2022,4,1
00-0035876,2022,17,1
00-0033881,2023,14,2
00-0036980,2024,5,1
00-0038115,2022,16,1
00-0033282,2023,11,1
00-0034348,2021,4,1
00-0037746,2023,12,1
00-0033466,2020,1,1
00-0035261,2023,6,2
00-0036422,2023,12,1
00-0036345,2023,1,2
00-0033923,2021,14,1
00-0033858,2024,2,1
00-0030216,2019,1,1
00-0031381,2023,12,1
00-0031381,2023,2,1
00-0036290,2022,6,1
00-0035659,2024,6,2
00-0039451,2025,16,1
00-0037257,2022,14,1
00-0031588,2022,6,1
00-0036875,2025,7,1
00-0036326,2021,16,1
00-0034960,2022,11,1
00-0036360,2023,13,1
00-0033564,2020,1,1
00-0035640,2020,14,2
00-0031387,2019,5,1
00-0035261,2020,6,1
00-0034272,2023,6,1
00-0036415,2020,19,1
00-0033536,2019,5,3
00-0033536,2022,14,1
00-0033891,2023,11,1
00-0036331,2022,6,2
00-0040581,2025,4,1
00-0037809,2023,16,1
00-0039868,2025,7,5
00-0038678,2023,18,1
00-0036919,2025,14,4
00-0033040,2023,17,3
00-0036427,2025,8,1
00-0033090,2024,4,1
00-0033757,2022,4,2
00-0030564,2023,17,1
00-0036165,2022,17,1
00-0030564,2021,6,3
,2023,11,19
00-0031428,2021,8,1
00-0031408,2019,8,3
00-0033555,2019,3,1
00-0037816,2023,20,2
00-0039139,2023,21,2
00-0033045,2024,1,1
00-0035640,2022,17,3
00-0035341,2024,8,1
00-0036182,2024,13,1
00-0036900,2025,18,1
00-0036423,2021,13,1
00-0039915,2024,8,2
00-0033881,2020,1,2
00-0033840,2020,17,1
00-0034829,2019,6,1
00-0036322,2020,6,3
00-0030506,2021,1,2
00-0033885,2020,1,1
00-0036277,2020,15,1
00-0032972,2021,5,2
00-0035659,2024,17,1
00-0035025,2019,17,1
00-0037248,2023,7,1
00-0033375,2024,17,1
00-0030513,2019,1,1
00-0036252,2023,1,2
00-0038797,2025,8,1
00-0039915,2025,17,1
00-0032951,2020,17,1
00-0035644,2021,1,2
00-0035562,2019,15,1
00-0036415,2021,10,3
00-0034253,2019,4,2
00-0034988,2019,16,3
00-0030525,2021,12,1
00-0036410,2021,22,3
00-0036671,2021,7,1
00-0029664,2019,1,2
00-0031285,2019,17,3
00-0034970,2020,5,1
00-0033856,2020,20,1
00-0034798,2021,15,1
00-0032392,2022,11,2
00-0036950,2022,17,1
00-0033536,2022,17,1
00-0038046,2023,17,1
00-0037740,2024,10,2
00-0037809,2023,12,1
00-0033589,2024,13,1
00-0037740,2023,16,3
00-0034270,2024,14,1
00-0038117,2024,18,1
00-0034487,2021,15,1
00-0035640,2019,1,1
00-0036358,2020,17,2
00-0036613,2022,8,2
00-0038976,2023,5,1
00-0039901,2024,19,1
00-0034676,2021,10,3
00-0034364,2021,6,1
00-0034411,2022,19,3
00-0033854,2019,8,2
00-0034764,2020,15,1
00-0037240,2024,15,1
00-0040129,2025,3,1
00-0036423,2020,7,1
00-0035250,2019,10,1
00-0036345,2021,17,1
00-0034411,2020,15,2
00-0033856,2021,13,1
00-0035243,2019,12,1
00-0027029,2020,2,2
00-0033471,2019,17,3
00-0036259,2022,12,2
00-0034753,2019,4,1
00-0034960,2020,9,1
00-0036410,2020,12,1
00-0033282,2023,3,1
00-0033110,2024,18,3
00-0033858,2025,9,1
00-0038559,2025,2,1
00-0031588,2025,10,1
00-0034351,2024,11,1
00-0027685,2020,14,1
00-0033854,2024,4,1
00-0033885,2024,12,3
00-0034777,2022,18,1
00-0038606,2025,10,4
00-0032141,2020,14,2
00-0034273,2020,2,1
00-0039342,2024,9,1
00-0032764,2024,18,1
00-0037306,2025,13,1
00-0036322,2025,9,2
00-0040663,2025,11,1
00-0037816,2025,19,2
00-0036425,2020,8,3
00-0035311,2021,6,2
00-0039355,2025,4,1
00-0030068,2021,17,2
00-0038647,2025,18,2
00-0031381,2020,13,4
00-0032392,2019,8,3
00-0034829,2022,2,2
00-0031382,2022,12,1
00-0036894,2022,1,1
00-0031544,2022,15,1
00-0033307,2023,7,2
00-0030181,2019,13,3
00-0035664,2023,7,1
00-0036040,2023,17,1
00-0039067,2025,8,2
00-0039793,2025,9,1
00-0033858,2025,12,1
00-0037228,2024,13,1
00-0033906,2019,1,2
00-0033594,2020,2,1
00-0033897,2019,14,1
00-0036182,2020,10,1
00-0036259,2025,8,1
00-0032062,2020,2,1
00-0033733,2020,3,2
00-0031273,2020,6,1
00-0035308,2019,17,1
00-0034367,2021,15,1
00-0036887,2025,10,1
00-0039916,2024,14,1
00-0036900,2022,13,1
00-0034054,2022,2,2
00-0032134,2019,13,1
00-0036410,2021,8,1
00-0031610,2020,3,1
00-0036322,2022,3,1
00-0030506,2022,5,5
00-0034411,2021,2,1
00-0037086,2022,12,1
00-0036936,2023,1,1
00-0033895,2023,16,2
00-0034972,2021,11,1
00-0034364,2024,5,1
00-0033856,2019,2,1
00-0036277,2021,4,1
00-0031544,2023,16,5
00-0037240,2024,13,2
00-0034383,2025,12,2
00-0036637,2023,13,1
00-0032355,2019,4,1
00-0039359,2025,13,1
00-0040128,2025,13,1
00-0033921,2020,17,1
00-0034411,2022,7,2
00-0039342,2025,7,3
00-0033881,2022,19,2
00-0036415,2020,11,1
00-0037816,2023,5,1
00-0036345,2023,2,1
00-0034348,2019,2,2
00-0036275,2023,6,1
00-0035640,2024,18,1
00-0031544,2019,11,1
00-0038543,2024,5,3
00-0036407,2025,8,2
00-0030513,2019,8,2
00-0034011,2020,12,1
00-0035934,2023,9,3
00-0035689,2024,7,1
00-0036040,2024,1,1
00-0037256,2024,7,2
00-0034827,2021,15,2
00-0033288,2023,16,1
00-0038129,2024,14,1
00-0038124,2023,8,2
00-0033857,2023,8,1
00-0037248,2024,16,1
00-0033555,2022,5,1
00-0031868,2019,2,1
00-0035535,2020,6,1
00-0040432,2025,8,1
00-0032063,2020,3,4
00-0033553,2020,7,1
00-0036900,2025,8,3
00-0032394,2024,7,1
00-0038783,2025,8,1
00-0034487,2023,18,1
00-0034348,2024,2,3
00-0033943,2019,8,1
00-0031544,2020,17,1
00-0033040,2020,11,3
00-0035243,2021,3,1
00-0034794,2019,13,1
00-0032134,2021,22,1
00-0027857,2021,11,1
00-0033090,2020,5,1
00-0037740,2022,12,2
00-0033040,2024,10,1
00-0039074,2025,10,1
00-0030564,2025,17,1
00-0039491,2025,18,1
00-0038935,2024,5,1
00-0032227,2019,14,1
00-0038979,2025,2,1
00-0036997,2021,7,1
00-0036912,2022,15,1
00-0033757,2020,4,2
00-0036358,2023,13,6
00-0032392,2019,2,1
00-0036259,2023,11,1
00-0034571,2024,3,1
00-0033040,2019,6,1
00-0032058,2020,16,1
00-0037240,2025,1,1
00-0036268,2020,1,1
00-0033460,2019,16,1
00-0034253,2021,15,3
00-0035644,2022,10,1
00-0030549,2019,2,1
00-0034775,2020,12,2
00-0033471,2020,16,1
00-0030279,2021,5,1
00-0037238,2023,4,2
00-0032775,2019,5,1
00-0035208,2024,6,1
00-0034348,2021,10,2
00-0033555,2021,13,1
00-0033906,2023,16,1
,2019,19,9
00-0032977,2020,15,1
00-0031260,2022,1,1
00-0031235,2019,5,1
00-0032187,2020,15,3
00-0031544,2021,3,1
00-0033282,2023,7,3
00-0035406,2025,15,1
00-0035261,2021,10,2
00-0036259,2024,10,2
00-0035243,2021,4,1
00-0037816,2025,4,3
,2019,6,15
00-0036410,2020,7,1
00-0031062,2020,8,1
00-0032780,2019,4,1
00-0040128,2025,10,1
00-0031610,2020,14,2
00-0036261,2020,6,1
00-0034830,2022,4,1
00-0033553,2020,18,2
00-0030431,2021,1,2
00-0038996,2024,5,1
00-0036613,2025,11,1
00-0038705,2024,6,1
00-0035216,2023,19,3
00-0033681,2019,1,1
00-0033386,2022,7,1
,2022,4,17
00-0034393,2019,11,1
00-0033699,2022,13,1
00-0033908,2021,10,2
00-0037240,2025,9,1
00-0032765,2023,6,1
00-0039849,2024,10,1
00-0037004,2025,4,2
00-0040737,2025,14,1
00-0032058,2021,5,1
00-0033897,2023,16,2
00-0034407,2024,14,2
00-0036637,2021,10,3
00-0034764,2021,13,1
00-0036277,2021,1,2
00-0030496,2019,12,2
00-0036936,2022,4,1
00-0036158,2022,19,1
00-0033357,2019,18,1
00-0036139,2023,11,1
00-0035216,2024,4,2
00-0039355,2024,6,1
00-0038589,2025,11,1
00-0036997,2021,3,1
00-0029632,2021,9,2
00-0033293,2022,16,1
00-0029738,2020,16,1
00-0032775,2023,15,1
00-0030578,2022,12,1
00-0027944,2019,5,1
00-0031273,2019,14,2
00-0034829,2024,13,1
00-0034960,2025,16,2
00-0030089,2020,12,1
00-0039021,2023,1,2
00-0038041,2024,1,1
00-0030097,2019,2,1
00-0031544,2019,14,1
00-0034959,2019,15,1
00-0036900,2024,15,2
00-0034279,2022,1,1
00-0036182,2023,6,1
00-0036427,2020,7,1
00-0033376,2021,9,1
00-0035126,2021,19,1
00-0036244,2022,14,1
00-0031549,2020,14,3
00-0036252,2021,15,1
00-0033009,2019,14,1
00-0036894,2022,14,2
00-0036252,2020,18,3
00-0033891,2019,4,2
00-0036219,2021,9,2
00-0033881,2019,3,2
00-0033009,2021,3,1
00-0033589,2020,8,1
00-0031045,2021,8,1
00-0029000,2021,15,1
00-0038933,2024,9,2
00-0039919,2024,3,1
00-0031408,2019,13,1
00-0038115,2022,2,1
00-0036309,2020,7,1
00-0039798,2024,13,1
00-0040648,2025,3,1
00-0035261,2023,18,1
00-0035140,2025,20,1
00-0033307,2019,17,1
00-0036261,2022,3,1
00-0031428,2022,8,2
00-0036331,2023,9,1
00-0033246,2023,16,1
00-0030578,2019,8,2
00-0031062,2020,17,1
00-0034988,2019,10,1
00-0031382,2021,18,1
00-0033009,2022,8,1
00-0037837,2025,1,1
00-0033908,2021,14,5
00-0036387,2020,15,1
00-0038618,2025,8,1
00-0038543,2024,4,2
00-0039066,2023,15,3
00-0031547,2020,2,1
00-0037809,2023,10,1
00-0040590,2025,16,1
00-0034631,2020,17,1
00-0030035,2024,17,1
00-0034837,2025,2,1
00-0035640,2023,16,2
00-0031236,2022,10,1
00-0040129,2025,7,2
00-0035216,2022,12,2
00-0037247,2024,7,3
00-0036322,2021,2,1
00-0031428,2019,12,2
00-0031344,2019,17,2
00-0032144,2021,9,1
00-0035216,2021,18,2
00-0033292,2020,9,2
00-0033288,2023,22,1
00-0037300,2024,13,1
00-0029293,2020,7,1
00-0033857,2020,10,3
00-0036271,2021,8,1
00-0033906,2020,16,2
00-0032141,2021,15,1
00-0034272,2025,15,1
00-0036255,2022,9,1
00-0036415,2021,16,1
00-0034775,2022,16,1
00-0036554,2021,11,1
00-0027656,2020,3,1
00-0036309,2022,10,1
00-0036358,2024,5,1
00-0034775,2021,5,1
00-0036970,2022,7,1
00-0038977,2024,9,1
00-0034681,2020,14,1
00-0039359,2024,10,1
00-0038685,2025,7,1
00-0027150,2019,7,3
00-0034487,2022,12,1
00-0032392,2024,13,2
00-0033375,2025,11,2
,2021,9,14
00-0036637,2024,3,1
00-0039458,2025,16,1
00-0030431,2019,5,1
00-0036613,2025,5,2
00-0036275,2021,18,1
00-0038608,2025,16,1
00-0036919,2025,17,1
00-0039907,2024,15,1
00-0040730,2025,20,1
00-0035229,2023,2,2
00-0035359,2025,14,2
00-0037740,2022,9,1
00-0034837,2019,6,1
00-0034297,2020,17,2
00-0037263,2024,6,1
00-0032211,2021,12,1
00-0036365,2021,18,1
00-0030506,2025,12,1
00-0038619,2023,8,1
00-0033858,2020,7,1
00-0034830,2019,10,1
00-0037740,2022,15,1
00-0027696,2021,9,2
00-0029892,2025,19,1
00-0033040,2020,1,1
00-0033908,2023,12,1
00-0033921,2021,11,1
00-0032211,2021,18,1
00-0034411,2020,1,2
00-0036893,2022,16,1
00-0039901,2024,5,1
00-0037238,2024,18,3
00-0033292,2020,4,1
00-0036415,2025,6,1
00-0036059,2022,17,1
00-0027981,2019,10,3
00-0033856,2020,7,1
00-0031381,2021,10,2
00-0027061,2021,12,1
00-0035639,2023,2,2
00-0034753,2023,8,2
00-0032141,2021,17,1
00-0030061,2024,4,1
00-0030155,2019,13,2
00-0034753,2024,20,1
00-0035535,2022,6,1
00-0035039,2019,11,1
00-0036252,2022,12,2
00-0035644,2020,13,1
00-0027150,2019,8,5
00-0037256,2022,13,1
00-0036415,2024,11,1
00-0039880,2024,13,1
00-0039361,2025,4,1
00-0037239,2025,5,1
00-0034366,2020,11,3
00-0030506,2023,8,2
00-0036259,2025,10,2
00-0032208,2019,8,3
00-0032128,2019,15,4
00-0033896,2021,4,1
00-0039355,2024,1,2
00-0038543,2024,16,1
00-0032791,2020,10,1
00-0036182,2024,9,1
00-0039424,2025,12,1
00-0031941,2020,5,1
00-0036358,2023,4,3
00-0034844,2024,3,1
00-0035700,2025,15,2
00-0034775,2019,4,1
00-0033854,2024,7,1
00-0032385,2025,11,1
00-0027061,2021,9,1
00-0033699,2020,3,1
00-0037256,2022,2,1
00-0030035,2022,4,1
00-0031381,2021,15,2
00-0038496,2024,8,1
00-0036271,2021,12,1
00-0039355,2025,2,1
00-0033857,2024,5,1
00-0036232,2022,11,3
00-0037112,2025,1,2
00-0035624,2020,12,1
00-0038979,2023,15,1
00-0030506,2022,7,1
00-0031549,2023,2,1
00-0035664,2021,1,1
00-0033536,2019,3,1
00-0033948,2019,2,1
00-0027981,2021,1,2
00-0036963,2022,16,6
00-0037816,2023,1,2
00-0034383,2022,10,4
00-0030035,2023,5,4
00-0034837,2023,17,2
00-0031547,2021,4,2
00-0036422,2024,8,2
00-0036328,2024,18,1
00-0037487,2023,3,1
00-0035249,2025,7,1
00-0034301,2020,21,1
00-0035539,2020,10,1
00-0034837,2021,2,3
00-0032141,2022,1,1
00-0037816,2023,14,2
00-0038559,2023,10,1
00-0034364,2024,8,1
00-0035208,2020,5,1
00-0034272,2021,15,1
00-0036322,2022,12,1
00-0031588,2023,7,1
00-0035229,2024,13,2
00-0040128,2025,5,2
00-0033110,2025,7,1
00-0033699,2022,16,1
00-0033943,2023,12,2
00-0035341,2021,18,1
00-0028042,2020,7,1
00-0037247,2022,7,1
00-0039066,2024,3,1
00-0036182,2024,14,1
00-0039356,2025,9,1
00-0034764,2021,1,1
00-0039065,2025,6,1
00-0038935,2025,19,1
00-0036265,2021,12,1
00-0039146,2023,15,2
00-0034272,2025,18,1
00-0039793,2025,22,1
00-0034521,2022,3,1
00-0033280,2022,10,1
00-0030279,2019,15,1
00-0037247,2024,11,2
00-0036555,2024,8,1
00-0032764,2021,7,1
00-0033526,2021,14,1
00-0029632,2019,6,1
00-0029293,2020,9,1
00-0035662,2020,5,1
00-0031588,2021,4,3
00-0028112,2019,3,1
00-0036322,2021,13,3
00-0034370,2020,10,1
00-0030506,2020,19,2
00-0027656,2021,1,2
00-0033699,2020,14,2
00-0033733,2021,15,2
00-0032791,2020,9,1
00-0036370,2021,16,1
00-0036970,2023,2,1
00-0036275,2022,18,1
00-0037256,2024,5,1
00-0033251,2019,3,2
00-0031381,2023,17,5
00-0036988,2025,3,1
00-0033375,2021,2,1
00-0033950,2019,10,1
00-0035662,2025,6,2
00-0037256,2022,17,1
00-0039144,2025,15,1
00-0034411,2021,15,2
00-0036973,2025,16,1
00-0033040,2020,4,1
00-0034773,2019,12,1
00-0036255,2021,16,1
00-0033908,2021,22,2
00-0038498,2024,18,1
00-0040590,2025,17,2
00-0035406,2024,7,2
00-0033681,2019,8,1
00-0040719,2025,2,1
00-0035662,2022,1,2
00-0035216,2020,18,2
00-0033908,2020,13,1
00-0037809,2023,5,2
00-0035689,2024,3,1
00-0035399,2019,10,1
00-0031273,2021,20,1
00-0034960,2025,6,1
00-0032385,2025,7,2
00-0036963,2021,3,1
00-0036407,2020,3,1
00-0033589,2020,15,1
00-0027685,2020,17,1
00-0037257,2023,16,1
00-0031588,2019,18,1
00-0036410,2021,13,1
00-0034960,2022,8,3
00-0035640,2019,8,2
00-0036142,2020,4,1
00-0036407,2020,4,1
00-0033733,2020,15,2
00-0032385,2021,6,2
00-0035329,2020,17,2
00-0031376,2022,4,1
00-0030506,2020,13,1
00-0036630,2021,15,1
00-0031381,2023,9,1
00-0036244,2023,10,1
00-0033288,2019,3,1
00-0030061,2024,11,3
00-0030035,2024,13,2
00-0033921,2019,2,1
00-0034830,2020,1,1
00-0033308,2019,5,1
00-0034383,2020,2,2
00-0035535,2020,15,2
00-0037238,2025,9,6
00-0039793,2025,16,1
00-0038543,2025,22,1
00-0035548,2019,13,1
00-0030279,2021,2,1
00-0036534,2021,14,2
00-0034348,2019,11,2
00-0027944,2022,19,5
00-0034364,2024,11,2
00-0038994,2024,18,1
00-0039066,2025,1,1
00-0034860,2021,7,1
00-0035664,2020,5,2
00-0034775,2023,10,2
00-0034115,2021,11,1
00-0037838,2024,1,3
00-0031325,2020,12,1
00-0034521,2024,16,1
00-0040129,2025,12,1
00-0034765,2021,10,3
00-0039855,2025,15,1
00-0035659,2025,13,5
00-0032972,2020,12,1
00-0030279,2025,13,1
00-0035229,2025,14,1
00-0033932,2019,8,1
00-0036370,2022,3,1
00-0035659,2024,18,2
00-0039847,2025,12,2
00-0033045,2020,6,1
00-0032144,2019,7,2
00-0031381,2019,12,3
00-0034775,2019,17,1
00-0034383,2023,6,2
00-0033040,2022,15,2
00-0031687,2019,2,1
00-0034351,2021,4,1
00-0034418,2021,6,3
00-0034960,2024,2,1
00-0036422,2025,2,1
00-0035719,2020,7,1
00-0033118,2019,9,1
00-0034052,2021,15,1
00-0033699,2019,5,3
00-0036407,2021,8,1
00-0036936,2022,10,1
00-0038996,2023,16,1
00-0031381,2022,10,3
00-0033572,2023,16,1
00-0034765,2019,14,2
00-0034270,2023,18,2
00-0040669,2025,13,1
00-0039146,2024,13,4
00-0038589,2024,15,1
00-0034386,2023,11,2
00-0037258,2022,7,1
00-0031408,2022,14,1
00-0029738,2019,6,1
00-0029293,2022,8,1
00-0036139,2024,4,1
00-0035140,2024,11,1
00-0032394,2021,14,2
00-0037744,2025,16,4
00-0034193,2023,17,1
00-0039916,2024,17,1
00-0030061,2021,16,1
00-0037545,2023,12,2
00-0035719,2025,5,2
00-0036980,2023,16,2
00-0034686,2019,7,1
00-0036422,2023,2,1
00-0034418,2025,17,1
00-0033280,2022,8,2
00-0036554,2023,17,1
00-0034301,2019,13,1
00-0033906,2019,3,1
00-0033908,2020,6,1
00-0032775,2020,1,2
00-0037247,2022,5,1
00-0033923,2022,8,1
00-0034837,2020,4,1
00-0033757,2022,16,1
00-0034400,2022,17,1
00-0030564,2023,14,3
00-0033908,2021,7,3
00-0037837,2024,3,1
00-0037247,2024,8,1
00-0039894,2024,12,1
00-0032241,2019,4,1
00-0034353,2019,12,4
00-0036410,2023,13,1
00-0039064,2025,3,1
00-0033921,2022,5,1
00-0036410,2022,15,2
00-0039359,2024,11,1
00-0037838,2023,20,2
00-0029119,2019,13,1
00-0031236,2020,6,2
00-0037256,2025,16,1
00-0030035,2020,11,3
00-0036254,2020,12,2
00-0036290,2025,15,1
00-0037382,2023,2,1
00-0033885,2023,11,1
00-0034777,2021,3,1
00-0034827,2024,5,1
00-0040736,2025,2,1
00-0036572,2022,6,1
00-0035208,2021,3,1
00-0037005,2025,3,1
00-0036196,2023,8,3
00-0039868,2025,4,2
00-0036613,2025,14,1
00-0033699,2022,6,2
00-0038124,2024,1,2
00-0036893,2024,4,1
00-0036980,2024,6,1
00-0038606,2025,9,2
00-0034983,2022,17,1
00-0033455,2020,18,1
00-0034827,2022,15,1
00-0033466,2019,2,1
00-0033891,2023,5,2
00-0031408,2023,7,1
00-0039139,2025,3,3
00-0037239,2022,2,2
00-0034104,2021,17,1
00-0028002,2021,3,1
00-0034383,2022,13,1
00-0035500,2023,11,1
00-0036936,2023,15,1
00-0036422,2021,11,1
00-0034270,2023,4,1
00-0036328,2020,6,1
00-0035308,2019,3,1
00-0037132,2023,18,1
00-0033288,2024,8,1
00-0038393,2024,18,1
00-0033110,2022,2,3
00-0029293,2019,12,1
00-0036626,2021,4,1
00-0033891,2023,2,3
00-0035659,2024,15,2
00-0036182,2023,4,1
00-0037248,2025,2,1
00-0033375,2021,7,1
00-0039338,2025,16,1
00-0030431,2020,15,1
00-0033757,2020,11,1
00-0036900,2023,12,1
00-0034159,2024,7,1
00-0028002,2020,11,1
00-0036912,2021,15,1
00-0039065,2024,13,2
00-0035719,2023,15,2
00-0037252,2022,16,1
00-0039139,2023,10,1
00-0033367,2021,1,1
00-0033555,2020,16,1
00-0034521,2021,20,1
00-0033357,2019,1,1
00-0031166,2019,11,1
00-0036358,2020,7,1
00-0035689,2021,16,3
00-0036423,2025,5,1
00-0037809,2022,10,1
00-0030564,2020,10,2
00-0036326,2021,6,3
00-0036407,2023,8,1
00-0034775,2021,7,1
00-0039065,2023,11,1
00-0035414,2023,13,1
00-0037382,2023,16,1
00-0035535,2025,3,1
00-0034772,2019,5,2
00-0033009,2022,6,1
00-0032355,2019,10,1
00-0033090,2024,11,2
00-0036322,2024,16,2
00-0040129,2025,5,3
00-0033885,2024,6,1
00-0039356,2025,7,1
00-0037840,2025,11,2
00-0032009,2019,9,1
00-0036963,2023,18,1
,2019,17,21
00-0027942,2021,11,1
00-0032227,2019,3,1
00-0033110,2019,17,4
00-0038559,2024,8,2
00-0031051,2019,14,1
00-0037291,2025,7,2
00-0036196,2025,14,1
00-0038618,2025,18,1
00-0038705,2024,1,1
00-0031260,2021,12,1
00-0035676,2024,17,2
00-0037256,2025,5,1
00-0037563,2022,8,1
00-0033293,2021,10,1
00-0034426,2019,7,1
00-0032464,2022,14,1
00-0037228,2024,7,1
00-0031285,2019,16,1
00-0039361,2024,9,1
00-0035640,2020,8,2
00-0034791,2025,7,1
00-0033895,2023,14,1
00-0030549,2019,16,1
00-0036383,2022,5,1
00-0034775,2023,5,1
00-0039793,2024,9,2
00-0034981,2022,11,1
00-0033858,2024,12,4
00-0027656,2020,7,3
00-0033699,2023,12,2
00-0038597,2024,11,2
00-0036261,2021,11,1
00-0033280,2019,9,1
00-0036963,2023,12,1
00-0037744,2024,7,1
00-0039338,2024,7,3
00-0022921,2020,16,2
00-0031273,2022,4,1
00-0031547,2019,3,1
00-0033296,2019,5,1
00-0035261,2020,16,1
00-0031381,2022,16,2
00-0033681,2020,2,1
00-0040259,2025,14,1
00-0032775,2022,18,1
00-0030061,2022,3,3
00-0032211,2020,5,1
00-0037238,2025,4,1
00-0034959,2023,9,2
00-0030513,2021,5,2
00-0036970,2022,8,2
00-0030431,2023,11,1
00-0036550,2024,10,2
00-0034753,2021,18,1
00-0035659,2022,16,1
00-0033110,2019,16,1
00-0033921,2020,15,1
00-0038124,2023,4,1
00-0026035,2019,9,1
00-0031806,2021,4,1
00-0039032,2023,9,1
00-0037261,2025,1,2
00-0033293,2020,13,1
00-0027944,2021,1,1
00-0030506,2022,21,2
00-0033955,2021,16,1
00-0036970,2023,14,1
00-0033699,2022,2,2
,2020,2,26
00-0036261,2022,6,2
00-0033921,2022,1,1
00-0035250,2023,6,1
00-0035537,2024,14,1
00-0033908,2020,10,2
00-0031585,2021,12,1
00-0036358,2022,20,2
00-0039361,2024,6,1
00-0027981,2019,13,1
00-0040237,2025,7,1
00-0036554,2023,11,5
00-0030035,2025,14,1
00-0035527,2020,9,1
00-0038994,2025,10,2
00-0034411,2019,12,1
00-0033906,2020,2,2
00-0035644,2023,3,1
00-0036913,2023,1,2
00-0035329,2020,9,3
00-0032104,2021,18,2
00-0035676,2022,3,3
00-0036894,2025,7,2
00-0038120,2022,4,1
00-0035662,2024,17,1
00-0033357,2022,13,1
00-0031387,2021,1,1
00-0036963,2024,4,2
00-0038597,2024,9,1
00-0033280,2019,17,1
00-0035268,2019,17,2
00-0034270,2021,10,3
00-0036275,2020,9,1
00-0030061,2021,4,3
00-0031544,2023,10,2
00-0031381,2019,16,3
00-0035806,2021,2,1
00-0034159,2022,8,1
00-0033288,2021,20,1
00-0027944,2022,12,1
00-0025394,2020,9,1
00-0032392,2020,16,2
00-0032392,2021,2,1
00-0035659,2023,17,2
00-0034367,2019,11,1
00-0034983,2023,11,1
00-0034970,2019,7,1
00-0039075,2023,11,3
00-0032392,2024,7,1
00-0036252,2022,8,1
00-0032385,2024,13,3
00-0023459,2021,3,1
00-0033293,2023,7,2
00-0035662,2022,12,2
00-0036913,2021,5,2
00-0036997,2025,6,3
00-0033090,2020,14,2
00-0033943,2022,5,3
00-0033589,2020,1,2
,2020,6,10
00-0036139,2023,19,2
00-0036259,2025,15,4
00-0033375,2025,18,1
00-0035831,2020,2,1
00-0029738,2019,9,1
00-0033897,2024,6,2
00-0035261,2019,11,1
00-0037005,2022,9,1
00-0032741,2019,8,1
00-0027942,2021,2,3
00-0022127,2020,13,1
00-0036988,2022,5,1
00-0031051,2019,11,4
00-0034959,2023,13,2
00-0032208,2019,9,1
,2023,4,16
00-0037238,2024,16,2
00-0036963,2021,15,1
00-0040170,2025,8,1
00-0036358,2023,9,1
00-0036613,2025,3,1
00-0034791,2019,3,1
00-0030506,2024,16,1
00-0027656,2021,20,1
00-0030279,2022,7,1
00-0035639,2022,9,1
00-0033921,2020,18,1
00-0032775,2021,17,1
00-0032144,2021,8,1
00-0034837,2023,18,2
00-0034052,2021,4,1
00-0034867,2019,14,1
00-0036912,2023,12,1
00-0038544,2024,13,1
00-0033921,2022,19,2
00-0037228,2025,13,2
00-0036554,2023,13,3
00-0031382,2020,12,3
00-0032144,2022,1,2
00-0035535,2025,13,1
00-0033906,2020,10,2
00-0028002,2020,1,2
00-0035700,2020,8,1
00-0033925,2020,10,1
00-0036244,2023,7,1
00-0037005,2022,12,1
00-0038129,2025,11,1
00-0030506,2024,1,1
00-0033921,2020,3,2
00-0036196,2020,20,2
00-0034837,2019,5,1
00-0035216,2024,5,1
00-0037238,2023,18,2
00-0036912,2025,3,4
00-0031588,2020,19,2
00-0034353,2019,13,1
00-0034753,2021,10,2
,2021,19,7
00-0040727,2025,13,1
00-0036358,2021,10,3
00-0036158,2022,16,1
00-0033555,2019,2,2
00-0033906,2021,17,2
00-0034348,2024,6,1
00-0038465,2024,12,1
00-0031381,2021,4,1
00-0035640,2024,6,3
00-0037745,2022,5,1
00-0034775,2022,3,2
00-0037429,2022,9,1
00-0037086,2022,14,1
00-0036424,2022,10,1
00-0040663,2025,16,1
00-0034487,2019,4,1
00-0038544,2023,15,1
00-0033908,2025,16,2
00-0038117,2024,4,2
00-0031260,2019,10,1
00-0036196,2022,3,1
00-0034972,2023,5,2
00-0039794,2025,3,1
00-0034353,2019,16,1
00-0036290,2021,13,2
00-0030506,2022,1,2
00-0036407,2022,8,1
00-0034844,2025,8,2
00-0030578,2021,4,2
00-0034753,2023,2,1
00-0034273,2019,3,3
00-0032385,2019,12,1
00-0035685,2022,16,1
00-0035657,2022,3,2
00-0036322,2025,17,1
00-0039065,2023,21,1
00-0036963,2024,15,6
00-0031428,2020,17,1
00-0036554,2024,4,3
,2025,13,18
00-0031408,2022,8,3
00-0034753,2021,9,1
00-0034775,2019,3,1
00-0035216,2020,10,1
00-0033251,2019,9,1
00-0031381,2019,1,1
00-0037261,2023,19,1
00-0036754,2021,14,2
00-0033307,2024,8,1
00-0039361,2024,18,1
00-0033699,2022,4,2
00-0033111,2021,15,2
00-0022921,2019,8,1
00-0033556,2019,7,1
00-0033009,2020,8,2
00-0034253,2022,5,1
00-0039919,2024,12,2
00-0036963,2024,18,1
,2019,8,23
00-0039075,2024,19,1
00-0033110,2025,3,1
00-0038951,2025,17,1
00-0035719,2021,5,1
00-0036232,2022,4,1
00-0038547,2023,2,1
00-0036754,2024,8,1
00-0034348,2021,9,1
00-0033040,2022,4,1
00-0034364,2022,18,3
00-0033857,2022,22,2
00-0031381,2023,14,1
00-0036196,2020,12,2
00-0034970,2019,6,1
00-0036398,2020,7,1
00-0036322,2021,6,3
00-0032385,2021,8,3
00-0032464,2022,18,1
00-0032775,2023,14,4
00-0036326,2020,13,1
00-0037331,2022,2,1
00-0034830,2024,4,1
00-0030061,2024,7,2
00-0029892,2023,17,1
00-0038977,2023,12,1
00-0036252,2024,15,1
00-0036876,2023,5,1
00-0035676,2019,1,1
00-0033536,2019,13,1
00-0037816,2023,3,3
00-0029000,2021,11,1
00-0027944,2019,11,2
00-0035719,2023,5,1
00-0030513,2020,1,1
00-0022127,2019,2,2
00-0031376,2021,2,1
00-0032688,2020,9,2
00-0033733,2021,12,1
00-0036457,2021,3,1
00-0030279,2023,1,1
00-0034798,2020,6,2
00-0035216,2021,19,2
00-0037840,2023,1,2
00-0035125,2021,1,1
00-0029738,2020,2,1
00-0030506,2025,1,1
00-0030061,2025,1,1
00-0035700,2019,11,1
00-0039067,2023,16,2
00-0037112,2025,5,2
00-0034681,2022,4,3
00-0032782,2019,8,1
00-0031062,2019,6,3
00-0035329,2021,13,1
00-0035689,2023,2,3
00-0034351,2019,15,1
00-0036252,2021,17,1
00-0034364,2022,9,1
00-0033553,2023,17,1
00-0037256,2025,10,1
00-0036410,2024,18,1
00-0029137,2019,1,1
00-0030061,2019,14,2
00-0037304,2024,6,1
00-0030431,2021,6,1
00-0035572,2022,1,1
00-0035261,2024,14,1
00-0037614,2025,12,1
00-0031382,2019,16,1
00-0034159,2020,7,2
00-0032764,2024,20,1
00-0034364,2019,3,2
00-0035222,2021,8,2
00-0034400,2019,9,1
00-0031382,2019,3,3
00-0035298,2025,16,1
00-0040162,2025,1,2
00-0031381,2022,14,1
00-0035547,2022,1,1
00-0034735,2021,4,1
00-0036970,2024,1,1
00-0038589,2024,18,2
00-0034411,2021,13,2
00-0027685,2019,11,1
00-0027942,2022,10,1
00-0036244,2024,5,2
00-0035644,2020,17,1
00-0033555,2024,15,1
00-0036963,2024,9,1
00-0040237,2025,11,1
00-0039040,2025,8,2
00-0040729,2025,13,1
00-0027696,2019,6,2
00-0034981,2019,4,1
00-0036997,2025,7,1
00-0033923,2020,8,1
00-0022127,2020,1,1
00-0036244,2025,19,1
00-0039424,2024,18,1
00-0039065,2025,1,2
00-0031687,2023,5,1
00-0036244,2025,11,1
00-0031062,2020,4,1
00-0033164,2020,8,1
00-0032104,2020,14,1
00-0034981,2021,7,2
00-0037247,2022,6,1
00-0037238,2022,4,1
00-0030578,2019,7,1
00-0034367,2022,14,1
00-0034960,2022,18,1
00-0039040,2025,13,1
00-0033658,2019,12,1
00-0031610,2020,12,1
00-0034972,2023,7,1
00-0031382,2019,10,3
00-0039915,2024,6,1
00-0038492,2023,16,2
00-0037746,2024,4,1
00-0034351,2024,21,1
00-0034383,2022,12,3
00-0034426,2019,17,2
00-0029141,2020,13,1
00-0033296,2021,8,1
00-0034487,2022,4,1
00-0033280,2022,16,1
00-0032141,2022,3,1
00-0037746,2023,18,1
00-0036322,2022,14,1
00-0033856,2020,2,2
00-0036360,2023,19,1
00-0037838,2023,15,2
00-0039064,2023,21,1
00-0033856,2021,12,2
00-0027874,2019,6,1
00-0033118,2019,6,2
00-0030525,2021,15,1
00-0033895,2023,6,1
00-0040715,2025,2,1
00-0032141,2021,3,1
00-0037801,2024,6,1
00-0033307,2019,14,2
00-0031787,2019,5,1
00-0032211,2020,8,1
00-0035676,2020,1,1
00-0033258,2021,6,1
00-0035644,2021,2,2
00-0037228,2023,14,1
00-0038933,2025,2,1
00-0033906,2025,5,3
00-0036328,2021,16,1
00-0029293,2019,3,2
00-0034960,2021,9,1
00-0034960,2021,17,1
00-0036997,2022,1,3
00-0034646,2022,16,1
00-0032464,2022,17,1
00-0034816,2020,5,1
00-0025396,2019,11,1
00-0036196,2023,18,1
00-0033110,2019,8,1
00-0036893,2024,15,1
00-0038994,2023,15,1
00-0034631,2021,14,1
00-0038619,2024,6,1
00-0035535,2019,5,1
00-0029000,2019,8,1
00-0033040,2020,7,2
00-0037664,2022,1,2
00-0025418,2020,4,3
00-0034827,2023,9,1
00-0027966,2019,15,1
00-0034975,2019,17,1
00-0033921,2020,1,1
00-0033699,2022,7,2
00-0036261,2022,12,1
,2024,11,24
00-0028002,2021,7,1
00-0033881,2020,13,1
00-0031236,2023,18,3
00-0033375,2025,2,1
00-0035631,2025,3,1
00-0034983,2019,2,1
00-0038976,2025,7,1
00-0033893,2022,18,1
00-0030663,2023,16,1
00-0036427,2021,13,1
00-0031273,2020,4,1
00-0031235,2020,5,4
00-0030968,2022,4,1
00-0035700,2020,4,1
00-0033090,2022,5,1
00-0036165,2022,5,1
00-0035298,2024,15,1
00-0033288,2021,16,1
00-0030506,2025,2,1
00-0034765,2020,3,1
00-0037740,2023,12,1
00-0034414,2020,6,2
00-0030456,2020,16,1
00-0034827,2021,11,1
00-0035125,2022,10,1
00-0034279,2020,20,1
00-0031408,2024,1,3
00-0034386,2022,1,1
00-0033591,2024,11,1
00-0037228,2025,1,1
00-0034765,2020,19,1
00-0038935,2024,3,1
00-0037744,2024,17,4
00-0033932,2019,3,1
00-0034272,2019,3,1
00-0034753,2022,6,3
00-0032765,2019,15,3
00-0037801,2023,9,1
00-0034753,2022,19,2
00-0035250,2025,9,1
00-0032543,2019,6,1
00-0031547,2019,6,1
00-0029664,2021,14,1
00-0038124,2023,12,2
00-0038559,2024,6,2
00-0033280,2024,11,1
00-0027793,2021,4,1
00-0036912,2025,15,1
00-0036862,2023,8,1
00-0037156,2024,7,1
00-0036875,2025,16,1
00-0030578,2023,15,2
00-0036252,2023,13,2
00-0035685,2020,8,1
00-0037740,2022,2,5
00-0035676,2023,3,4
00-0037664,2023,12,1
00-0036268,2020,12,1
00-0033591,2022,7,1
00-0036322,2024,15,2
00-0022921,2020,9,1
00-0033881,2021,8,1
00-0035689,2020,15,1
00-0030506,2021,17,2
00-0034383,2024,16,2
,2019,1,21
00-0037348,2025,1,1
00-0030470,2020,1,1
00-0033893,2022,9,2
00-0033110,2022,18,1
00-0035685,2025,9,1
00-0038839,2025,15,1
00-0034829,2019,2,1
00-0035719,2019,10,1
00-0035640,2020,5,4
00-0032209,2020,20,1
00-0035640,2022,10,1
00-0032764,2023,5,1
00-0037011,2022,1,1
00-0035685,2021,15,1
00-0033896,2020,12,1
00-0034054,2022,3,1
00-0030431,2022,12,1
00-0033009,2022,15,2
00-0030506,2022,4,2
00-0030456,2019,1,1
00-0036328,2023,8,1
00-0036973,2022,7,1
00-0034348,2023,13,1
00-0035287,2019,9,1
00-0038996,2023,13,2
00-0037238,2023,16,1
00-0029137,2019,4,4
00-0033466,2022,6,1
00-0033217,2021,7,1
00-0037840,2024,1,1
00-0034837,2023,10,1
,2020,5,14
00-0038618,2024,9,1
00-0038997,2024,7,1
00-0037238,2022,11,1
00-0037299,2022,7,1
00-0038134,2022,10,1
00-0034960,2023,6,2
00-0030279,2023,6,2
00-0039139,2024,1,1
00-0034418,2020,6,2
,2022,6,16
00-0036997,2024,1,1
00-0037744,2024,1,1
00-0033288,2019,9,2
00-0034440,2020,7,1
00-0033110,2024,16,2
00-0034159,2021,6,1
00-0033857,2024,15,1
00-0033090,2025,8,1
00-0036963,2023,1,1
00-0030035,2022,18,3
00-0039361,2025,15,1
00-0040170,2025,14,1
00-0037838,2024,6,1
00-0033040,2023,8,4
00-0036268,2021,9,1
00-0030506,2022,6,1
00-0038797,2025,11,1
00-0035719,2025,9,1
00-0032355,2019,9,1
00-0034132,2019,12,1
00-0033885,2021,2,1
00-0036425,2021,11,1
00-0032778,2019,20,1
00-0039424,2024,10,1
00-0036244,2025,20,1
00-0035329,2023,7,1
00-0037840,2025,21,1
00-0031236,2019,15,2
00-0033950,2020,5,1
00-0031806,2020,8,1
00-0036635,2021,15,1
00-0037816,2025,2,1
00-0039793,2025,12,1
00-0033387,2020,9,3
00-0038544,2025,13,2
00-0037741,2023,17,1
00-0036924,2021,8,1
00-0031235,2023,9,2
00-0027685,2020,1,4
00-0033288,2021,10,1
00-0036572,2021,6,1
00-0036900,2023,5,5
00-0033857,2025,4,4
00-0035215,2023,2,1
00-0037838,2023,16,1
00-0039868,2025,9,1
00-0035908,2020,7,1
00-0031588,2024,1,3
00-0037276,2025,18,2
00-0036988,2024,16,1
00-0035140,2020,4,1
00-0036900,2022,7,1
00-0036554,2024,20,1
00-0036410,2024,4,1
00-0033896,2020,9,1
00-0032385,2021,1,1
00-0035662,2025,7,2
00-0031384,2022,9,1
00-0039919,2024,11,1
00-0033943,2019,7,1
00-0025418,2019,3,3
00-0035329,2023,1,2
00-0034365,2021,9,1
00-0038120,2023,12,2
00-0040128,2025,9,3
00-0034104,2021,10,1
00-0036328,2021,15,1
00-0039915,2024,17,1
00-0040669,2025,5,1
00-0036924,2025,6,1
00-0039890,2025,11,1
00-0033307,2020,10,1
00-0033555,2025,10,1
00-0030035,2022,12,3
00-0038933,2024,7,1
00-0022943,2019,9,1
00-0035640,2021,17,4
00-0035719,2019,6,2
00-0034440,2022,10,1
00-0034253,2022,12,1
00-0034104,2020,17,1
00-0039064,2025,8,1
00-0036244,2021,18,2
00-0037837,2024,10,1
00-0031428,2019,8,1
00-0036309,2021,17,2
00-0036252,2021,16,2
00-0030181,2019,10,1
00-0036963,2024,8,1
00-0036963,2024,17,5
00-0034011,2020,14,1
00-0032918,2019,7,1
00-0039915,2025,10,2
00-0034854,2020,12,1
00-0030431,2021,7,3
00-0036232,2020,3,1
00-0034286,2023,14,1
00-0039391,2025,7,2
00-0035700,2025,16,1
00-0026498,2020,12,1
,2025,15,24
00-0027966,2022,4,1
00-0036326,2022,12,1
00-0029293,2022,3,3
00-0033856,2022,9,1
00-0037304,2023,8,1
00-0035261,2025,18,1
00-0032775,2021,1,1
00-0038996,2024,13,1
00-0037741,2022,1,1
00-0029000,2020,2,2
00-0034367,2022,1,2
00-0031549,2021,7,1
00-0033280,2023,15,1
00-0031387,2020,7,4
00-0035208,2024,16,2
00-0031387,2020,18,3
00-0033466,2022,10,1
00-0027891,2020,13,1
00-0033111,2019,10,1
00-0032394,2024,9,1
00-0030181,2021,7,2
00-0038941,2023,3,2
00-0029239,2021,19,1
00-0032602,2021,7,1
00-0035640,2022,14,2
00-0034383,2023,5,1
00-0036550,2023,11,1
00-0033950,2020,12,2
,2023,14,25
00-0034844,2024,10,1
00-0036139,2023,3,1
00-0031408,2023,14,1
00-0035216,2022,6,2
00-0034679,2019,9,1
00-0033357,2019,7,1
00-0036555,2022,14,1
00-0033110,2022,17,1
00-0038542,2024,14,1
00-0030564,2024,2,1
00-0030578,2021,5,3
00-0036251,2021,9,1
00-0037261,2023,2,1
00-0034440,2021,4,3
00-0033471,2021,12,1
00-0034411,2021,17,2
00-0036876,2022,6,1
00-0033110,2023,1,1
00-0036252,2024,18,1
00-0038994,2025,7,4
00-0034521,2023,4,1
00-0039365,2024,18,1
00-0034983,2020,4,1
00-0034311,2021,7,1
00-0033858,2023,13,1
00-0031687,2024,13,2
00-0030431,2020,1,2
00-0038559,2025,12,2
00-0038115,2022,6,2
00-0034367,2020,3,1
00-0034159,2022,3,2
00-0035644,2022,4,1
00-0039032,2025,15,1
00-0035659,2020,15,1
00-0031381,2022,17,1
00-0030564,2021,7,1
00-0034418,2023,16,2
00-0038976,2024,10,1
00-0034860,2022,5,1
00-0037805,2024,2,1
00-0038783,2024,18,1
00-0033090,2025,17,2
00-0035659,2022,7,1
00-0033943,2020,11,1
00-0032980,2021,7,1
00-0030506,2020,6,2
00-0036250,2021,17,1
00-0036259,2021,18,2
00-0033881,2023,18,1
00-0039040,2024,11,1
00-0038994,2024,14,5
00-0034844,2022,1,2
00-0031236,2023,3,3
00-0035662,2025,4,1
00-0029293,2021,15,2
00-0031951,2020,12,1
00-0033895,2021,1,1
00-0027942,2021,18,2
00-0033891,2022,10,1
00-0035216,2022,11,1
00-0035249,2022,12,3
00-0035208,2024,19,1
00-0033555,2021,11,2
00-0031236,2025,4,1
00-0035639,2023,1,1
00-0033871,2020,2,1
00-0035350,2019,7,2
00-0036322,2023,2,1
00-0038794,2023,7,1
00-0033881,2022,9,1
00-0033246,2022,4,1
00-0036358,2020,5,1
00-0032972,2019,14,1
00-0035006,2019,18,1
00-0036309,2020,17,2
00-0036271,2021,5,1
00-0026035,2021,9,1
00-0033280,2022,4,1
00-0031610,2021,19,3
00-0034838,2019,14,2
00-0034981,2023,15,1
00-0033040,2024,5,2
00-0039065,2025,10,1
00-0031235,2021,19,1
00-0030506,2022,11,4
00-0038738,2025,7,1
00-0036554,2025,11,1
00-0033439,2022,10,1
00-0036425,2024,16,1
00-0038124,2025,16,3
00-0038045,2023,16,1
00-0030288,2020,10,1
00-0037746,2025,16,1
00-0033293,2023,10,1
00-0034351,2023,7,1
00-0033293,2022,13,1
00-0036862,2021,10,1
00-0032141,2020,12,1
00-0034970,2019,11,1
00-0034827,2023,3,2
00-0036900,2025,11,2
00-0034272,2020,4,1
00-0035229,2022,4,3
00-0036924,2023,10,1
00-0034487,2019,10,1
00-0036196,2022,8,1
00-0035640,2025,3,1
00-0039901,2025,5,1
00-0039410,2025,6,1
00-0039868,2025,18,1
00-0033895,2020,10,1
00-0032134,2019,4,1
00-0034411,2019,16,1
00-0037228,2022,14,1
00-0035298,2022,5,1
00-0030564,2022,15,1
00-0033288,2021,21,1
00-0032688,2019,15,2
00-0033891,2021,19,5
00-0030564,2023,1,2
00-0027656,2021,17,1
00-0033246,2023,17,2
00-0033885,2025,6,2
00-0038606,2025,3,1
00-0039338,2025,14,3
00-0036275,2025,14,1
00-0038618,2025,19,1
00-0034159,2022,4,1
00-0031257,2019,2,1
00-0030564,2022,14,1
00-0033885,2019,1,1
00-0033897,2022,18,1
00-0036358,2022,3,1
00-0030564,2023,13,2
00-0037197,2023,6,2
00-0035216,2023,13,1
00-0036988,2021,10,1
00-0033897,2023,18,1
00-0035249,2025,3,1
00-0038738,2025,11,1
00-0036322,2025,15,4
00-0036876,2024,2,1
00-0035535,2025,17,1
00-0035500,2025,5,1
00-0036973,2022,17,1
00-0036556,2021,12,1
00-0036849,2025,5,1
00-0034411,2020,5,1
00-0033932,2019,15,1
00-0035021,2021,13,1
00-0036613,2024,14,4
00-0029632,2019,4,2
00-0036331,2025,8,1
00-0035208,2023,18,1
00-0036357,2020,8,1
00-0034983,2021,15,3
00-0024243,2019,13,2
00-0033110,2021,4,2
00-0036637,2024,5,1
00-0030564,2024,22,2
00-0037664,2022,13,1
00-0039052,2024,4,1
00-0036423,2022,17,1
00-0035631,2024,9,1
00-0037086,2022,15,1
00-0031381,2023,11,1
00-0027942,2021,6,2
00-0037261,2025,14,1
00-0035640,2021,2,1
00-0036980,2023,12,2
00-0036936,2022,9,1
00-0036936,2023,8,1
00-0035406,2024,8,2
00-0033553,2020,10,1
00-0040718,2025,1,1
00-0033280,2023,6,2
,2019,21,2
00-0038640,2024,9,1
00-0036244,2023,3,1
00-0035689,2022,20,1
00-0031236,2021,2,2
00-0036894,2024,18,1
00-0036997,2022,2,2
00-0033696,2019,4,1
00-0033282,2024,5,1
00-0033040,2019,10,2
00-0032128,2019,17,1
00-0033858,2020,5,2
00-0035341,2023,11,2
00-0035662,2024,16,1
00-0034348,2025,4,1
00-0033376,2023,6,1
00-0034764,2022,6,1
00-0040126,2025,17,2
00-0033455,2021,5,1
00-0033308,2019,8,1
00-0032775,2019,15,1
00-0030108,2021,9,2
00-0034351,2023,14,1
00-0035341,2023,17,1
00-0033288,2024,10,2
00-0038117,2025,17,3
00-0032054,2020,9,2
00-0036322,2024,3,3
00-0030279,2024,5,2
00-0035261,2023,8,1
00-0033466,2019,17,1
00-0037005,2022,16,1
00-0031381,2025,7,4
00-0035676,2022,1,2
00-0030061,2021,3,1
00-0035640,2021,13,2
00-0035216,2021,10,1
00-0033040,2024,17,1
00-0037086,2024,18,1
00-0030068,2022,6,1
00-0033282,2019,13,1
00-0032257,2019,15,1
00-0033357,2022,7,1
00-0033881,2022,1,1
00-0033906,2023,5,1
00-0039067,2025,12,5
00-0032688,2020,2,2
00-0031588,2024,6,2
00-0033856,2019,13,1
00-0032940,2019,13,1
00-0034383,2025,11,1
00-0036727,2025,14,1
00-0038041,2022,4,1
00-0036423,2022,1,1
00-0036322,2022,5,4
00-0038621,2023,16,1
00-0029293,2020,17,2
00-0038997,2024,17,1
00-0035547,2021,4,1
00-0034764,2019,14,1
00-0032355,2021,9,1
00-0032951,2021,12,2
00-0034364,2022,8,1
00-0040124,2025,8,2
00-0030035,2025,19,1
00-0033293,2024,18,3
00-0036223,2020,15,2
00-0034393,2020,11,1
00-0033045,2021,1,2
00-0036326,2020,16,1
00-0035140,2021,6,1
00-0033572,2022,13,1
00-0035243,2024,8,1
00-0039040,2024,9,2
00-0035216,2024,18,1
00-0033471,2020,5,1
00-0040189,2025,7,2
00-0040170,2025,17,2
00-0034753,2025,9,2
00-0034272,2020,9,1
00-0034351,2022,20,3
00-0039623,2024,4,1
00-0034753,2019,19,1
00-0033943,2023,13,1
00-0038393,2025,12,1
00-0033897,2020,6,1
00-0036290,2021,9,1
00-0040727,2025,18,1
00-0036133,2022,8,1
00-0031585,2021,10,1
00-0036554,2025,13,1
00-0036999,2021,18,1
00-0034378,2019,5,2
00-0034798,2021,5,1
00-0034960,2020,10,1
00-0035664,2021,22,2
00-0036973,2025,4,1
00-0031549,2021,10,1
00-0035246,2019,12,1
00-0033857,2020,14,2
00-0034981,2023,7,1
00-0031549,2019,13,2
00-0036646,2024,3,1
00-0039064,2024,1,2
00-0032775,2025,19,1
00-0037228,2023,17,2
00-0031428,2022,11,1
00-0038393,2023,2,1
00-0038544,2024,15,2
00-0031236,2020,17,4
00-0032009,2020,1,1
00-0032464,2022,5,1
00-0034777,2023,16,2
00-0037805,2025,2,1
00-0033526,2020,8,1
00-0022921,2020,6,1
00-0025396,2019,4,1
00-0027966,2019,16,1
00-0032385,2020,15,1
00-0036991,2021,8,1
00-0030506,2021,13,2
00-0031610,2023,2,2
00-0039337,2024,2,3
00-0040735,2025,14,1
00-0033955,2025,17,1
00-0036422,2021,4,1
00-0034613,2019,17,1
00-0037240,2024,2,4
00-0037276,2024,1,1
00-0037238,2023,17,1
00-0032392,2019,6,1
00-0034011,2022,2,1
00-0033923,2022,4,1
00-0024221,2019,3,1
00-0035689,2019,10,1
00-0036251,2021,3,1
00-0034273,2020,5,1
00-0028087,2019,5,2
00-0034765,2021,8,2
00-0034765,2020,2,1
00-0034440,2019,3,1
00-0032778,2021,11,1
00-0031408,2022,9,1
00-0034383,2023,3,1
00-0034983,2019,1,1
00-0032688,2020,5,1
00-0031236,2020,7,2
00-0034353,2021,3,1
00-0036290,2023,15,1
00-0037239,2023,16,1
00-0038597,2024,4,2
00-0031062,2019,11,1
00-0031408,2023,15,2
00-0034418,2021,17,3
00-0033857,2022,1,1
00-0036252,2024,6,1
00-0033611,2021,5,4
00-0036309,2023,1,1
00-0036271,2023,5,1
00-0039868,2025,2,3
00-0037240,2025,15,1
00-0039165,2025,18,1
00-0033307,2022,16,1
00-0033611,2021,7,4
00-0030035,2021,1,1
00-0035719,2022,12,1
00-0036919,2021,4,4
00-0034383,2021,15,2
00-0032135,2020,4,1
00-0034272,2022,1,1
00-0038997,2023,2,1
00-0033553,2023,3,1
00-0027696,2020,7,1
00-0025394,2019,2,1
00-0032765,2020,12,1
00-0033296,2023,18,1
00-0031547,2020,11,2
00-0033293,2020,19,1
00-0033893,2021,2,1
00-0035719,2022,7,2
00-0032141,2022,7,1
00-0030496,2020,9,1
00-0032775,2019,3,1
00-0037741,2023,7,2
00-0031428,2023,9,1
00-0037256,2024,3,1
00-0038559,2024,5,1
00-0036628,2024,19,1
00-0036244,2024,20,1
00-0034646,2020,12,2
00-0035689,2025,13,1
00-0036412,2021,1,1
00-0037816,2024,4,1
00-0038559,2025,7,1
00-0036919,2025,11,3
00-0033553,2023,15,1
00-0031687,2023,1,1
00-0034837,2023,14,3
00-0031408,2023,12,2
00-0033090,2024,16,3
00-0030061,2025,6,1
00-0033307,2021,18,1
00-0034521,2020,17,1
00-0035831,2020,6,3
00-0037801,2025,2,1
00-0038994,2025,18,1
00-0035298,2025,4,1
00-0035208,2025,6,1
00-0033025,2019,16,2
00-0034115,2021,15,1
00-0034827,2025,12,2
00-0033375,2025,14,4
00-0034411,2022,6,4
00-0032128,2020,4,1
00-0032813,2021,6,1
00-0028087,2020,2,1
00-0033699,2021,14,1
00-0039146,2023,10,1
00-0030035,2022,14,3
,2020,9,13
00-0037840,2025,19,1
00-0037740,2024,5,4
00-0033757,2023,18,1
00-0024243,2019,20,1
00-0037809,2022,5,1
00-0034646,2024,2,1
00-0031166,2019,12,1
00-0038612,2023,12,1
00-0039915,2024,18,2
00-0038104,2025,3,1
00-0036251,2020,1,2
00-0034339,2019,11,2
00-0031381,2020,9,3
00-0037239,2023,9,1
00-0033421,2019,9,1
00-0033251,2020,12,1
00-0033839,2019,3,1
00-0031544,2022,16,2
00-0036894,2021,11,4
00-0031408,2025,16,2
00-0032385,2019,1,2
00-0034829,2021,7,1
00-0037005,2021,18,1
00-0029293,2020,2,2
00-0030061,2023,3,1
00-0038393,2023,3,1
00-0032211,2022,4,1
00-0033258,2020,5,1
00-0038544,2023,14,1
00-0033589,2019,4,1
00-0034418,2020,8,1
,2020,21,1
00-0035719,2021,7,3
00-0030035,2022,5,2
00-0039920,2024,10,1
00-0037256,2024,12,1
00-0034753,2021,14,1
00-0035040,2019,17,1
00-0036244,2022,19,1
00-0035311,2022,5,3
00-0026035,2019,3,1
00-0033040,2022,18,1
00-0033040,2023,4,1
00-0037240,2024,17,1
00-0036322,2020,2,1
00-0030279,2025,10,1
00-0037664,2025,12,1
00-0030216,2019,17,2
00-0038547,2023,9,1
00-0033891,2020,10,1
00-0032211,2021,13,1
00-0037238,2023,7,3
00-0033896,2019,7,1
00-0035806,2021,15,1
00-0033040,2023,12,2
,2020,13,8
00-0038129,2022,8,3
00-0032765,2023,1,3
00-0036554,2025,1,1
00-0033681,2019,15,1
00-0034764,2020,9,1
00-0031381,2024,8,2
00-0032104,2020,16,1
00-0036358,2024,15,1
00-0031045,2019,5,1
00-0036963,2023,6,2
00-0031387,2020,9,1
00-0032543,2019,17,1
00-0035603,2021,21,1
00-0033895,2022,1,2
00-0034798,2022,2,1
00-0036322,2022,19,2
00-0035140,2020,15,1
00-0034646,2022,3,1
00-0036493,2022,5,1
00-0036223,2022,10,3
00-0035659,2024,9,2
00-0036410,2023,6,1
00-0037838,2024,17,1
00-0036364,2020,17,1
00-0032141,2019,6,1
00-0036900,2022,1,6
00-0033127,2019,4,1
00-0031547,2019,16,2
00-0034613,2023,15,1
00-0033127,2019,5,4
00-0035628,2021,15,1
00-0037746,2022,12,1
00-0033699,2019,11,2
00-0036924,2022,14,1
00-0034487,2023,12,1
00-0038951,2025,12,1
00-0038134,2023,1,1
00-0036572,2022,2,2
00-0033251,2023,15,1
00-0036182,2023,1,2
00-0038997,2023,12,3
00-0034365,2023,4,1
00-0031376,2021,19,2
00-0036345,2023,5,2
00-0035719,2021,19,1
00-0033757,2021,1,1
00-0030874,2021,18,1
00-0037276,2023,17,1
00-0034753,2024,18,1
00-0034959,2019,17,1
00-0033839,2019,8,1
00-0030181,2020,1,1
00-0036259,2021,11,1
00-0032392,2021,5,1
00-0036309,2022,6,2
00-0035640,2023,18,1
00-0034159,2024,18,2
00-0040669,2025,15,1
00-0039139,2024,18,1
00-0036259,2025,17,1
00-0036196,2025,18,2
00-0035342,2019,12,1
00-0034272,2025,17,3
00-0033885,2021,15,1
00-0033879,2019,16,1
00-0034419,2023,4,1
00-0035246,2019,14,1
00-0031325,2020,1,3
00-0027696,2021,16,1
00-0031273,2021,4,1
00-0032104,2022,12,1
00-0035359,2022,2,1
00-0032765,2020,18,1
00-0039338,2025,13,2
00-0034753,2020,18,1
00-0035342,2019,14,1
00-0034364,2020,16,2
00-0034353,2020,2,1
00-0033895,2022,17,1
00-0039747,2024,18,1
00-0038124,2024,15,1
00-0031381,2024,2,3
00-0036894,2025,9,2
00-0037809,2025,15,1
00-0032058,2020,2,1
00-0033906,2019,10,2
00-0032211,2019,18,2
00-0029608,2021,18,1
00-0035229,2022,9,3
00-0034764,2023,11,1
00-0037292,2025,12,1
00-0027150,2019,6,1
00-0030061,2025,7,1
00-0035592,2020,5,1
00-0029608,2019,1,3
00-0034753,2023,7,3
00-0035659,2022,6,1
00-0031384,2021,18,1
00-0031235,2021,13,2
00-0033045,2021,14,3
00-0035311,2020,6,1
00-0039875,2025,1,1
00-0039359,2024,12,1
00-0039074,2024,1,1
00-0033376,2020,2,1
00-0040590,2025,20,1
00-0038563,2025,5,1
00-0030578,2021,14,1
00-0036422,2020,16,1
00-0037809,2022,12,1
00-0036345,2022,17,1
00-0037248,2024,9,1
00-0031972,2019,2,1
00-0033885,2022,4,1
00-0034646,2023,6,1
00-0036410,2022,9,2
00-0036875,2025,22,1
00-0029587,2019,5,1
00-0034764,2020,4,1
00-0030061,2024,10,1
00-0035287,2019,5,1
00-0034681,2021,4,1
00-0036984,2024,5,2
00-0035216,2021,9,1
00-0034407,2021,14,1
00-0034775,2025,20,2
00-0038098,2024,8,1
00-0031549,2024,8,1
00-0036422,2020,9,1
00-0033896,2019,1,1
00-0034383,2020,1,2
,2023,3,19
00-0039021,2023,12,1
00-0039144,2023,2,1
00-0031260,2020,18,3
00-0035671,2020,11,1
00-0032135,2020,13,1
00-0037744,2023,8,3
00-0035644,2022,19,1
00-0034386,2023,19,1
00-0037666,2024,12,2
00-0034011,2021,9,1
00-0036261,2021,7,1
00-0032602,2022,8,1
00-0039355,2024,8,1
00-0037091,2024,17,1
00-0036196,2025,17,1
00-0033282,2023,4,1
00-0036567,2023,8,1
00-0036252,2023,17,1
00-0032009,2019,8,2
00-0033375,2020,14,1
00-0031062,2020,13,2
00-0034775,2020,7,3
00-0030181,2019,7,1
00-0035537,2023,14,1
00-0039894,2024,16,4
00-0036251,2021,2,1
00-0040730,2025,18,2
00-0036040,2022,12,1
00-0031544,2020,12,1
00-0033881,2024,6,1
00-0039410,2025,9,1
00-0034837,2019,1,2
00-0030155,2019,16,1
00-0034838,2020,1,1
00-0033094,2020,8,1
00-0031428,2022,6,2
00-0031408,2021,17,1
00-0033040,2022,12,3
00-0034981,2023,5,1
00-0035229,2023,10,1
00-0038994,2024,1,1
00-0039356,2024,6,1
00-0039919,2024,13,1
00-0036358,2024,13,1
,2024,17,20
00-0035215,2021,11,1
00-0035631,2024,18,1
00-0033943,2023,16,1
00-0038544,2024,18,3
00-0036290,2023,5,3
00-0033871,2022,1,1
00-0038090,2023,1,1
00-0036900,2023,17,1
00-0036158,2020,16,1
00-0034970,2020,4,1
00-0034331,2019,10,1
00-0033009,2024,3,1
00-0036139,2024,13,1
00-0031381,2025,21,1
00-0032392,2023,18,2
00-0033090,2025,12,3
00-0039067,2023,12,1
00-0033025,2020,3,2
00-0034348,2021,6,4
00-0030506,2022,9,1
00-0039066,2025,10,1
00-0037664,2024,10,2
00-0039040,2024,12,2
00-0035703,2020,15,1
00-0038797,2024,19,1
00-0033536,2021,9,3
00-0035676,2021,18,1
00-0033387,2020,13,1
00-0038393,2024,7,1
00-0033955,2021,10,2
00-0033733,2019,14,2
00-0032977,2021,16,2
,2024,12,19
00-0036894,2024,14,2
00-0039530,2025,12,1
,2019,20,2
00-0032775,2019,19,1
00-0032977,2021,6,1
00-0034273,2019,4,1
00-0030279,2019,3,2
00-0036268,2021,12,3
00-0034753,2020,16,3
00-0034827,2022,9,1
00-0029119,2019,7,1
00-0033576,2022,11,1
00-0033526,2021,21,1
00-0033699,2022,14,3
00-0031588,2021,10,4
00-0033040,2023,2,1
00-0036196,2023,12,2
00-0036637,2023,21,1
00-0036358,2024,2,1
00-0033908,2025,11,1
00-0036912,2025,19,1
00-0033858,2021,3,1
00-0038359,2025,17,1
00-0032951,2021,18,3
00-0035535,2020,5,1
00-0031610,2020,13,2
00-0034788,2019,13,1
00-0036358,2021,6,1
00-0034860,2021,6,1
00-0034827,2022,7,1
00-0031408,2023,9,1
00-0039066,2024,14,1
00-0035229,2020,13,1
00-0030506,2020,15,3
00-0035229,2022,12,2
00-0033280,2022,19,1
00-0036271,2021,4,1
00-0033288,2022,19,1
00-0036924,2025,11,2
00-0035659,2019,2,5
00-0035640,2023,4,1
00-0039067,2023,7,1
00-0039066,2023,10,1
00-0034383,2020,12,1
00-0033090,2019,9,2
00-0033897,2022,5,1
00-0036332,2021,10,2
00-0034159,2024,6,1
00-0033699,2020,17,3
00-0035140,2019,4,2
00-0033589,2024,12,4
00-0038120,2023,11,2
00-0039040,2023,14,1
00-0033885,2023,16,1
00-0035140,2021,18,2
00-0030035,2023,15,2
00-0033897,2022,7,1
00-0032141,2021,1,1
00-0031376,2022,13,1
00-0035243,2019,17,1
00-0032392,2023,7,1
00-0037816,2023,4,2
00-0031260,2023,9,1
00-0034681,2019,8,2
00-0035689,2023,19,1
00-0030061,2024,12,2
00-0038979,2025,4,1
00-0024243,2021,15,1
00-0038041,2023,18,1
00-0031285,2021,5,1
00-0036358,2022,10,2
00-0029137,2019,6,1
00-0035250,2022,3,2
00-0039067,2023,13,2
00-0039915,2025,7,3
00-0029738,2019,13,1
00-0035341,2022,11,1
00-0032725,2021,9,1
00-0033090,2023,10,1
00-0036358,2023,18,5
00-0035547,2021,3,1
00-0036554,2023,19,1
00-0038994,2024,9,2
00-0031408,2025,2,3
00-0036290,2025,14,1
00-0035243,2023,9,1
00-0034960,2024,4,2
00-0030216,2019,15,1
00-0034351,2019,16,1
00-0036627,2021,10,1
00-0036988,2022,12,1
00-0033921,2024,1,1
00-0039075,2025,5,2
00-0035414,2020,10,1
00-0034104,2022,18,1
00-0034867,2021,9,4
00-0035719,2022,3,1
00-0031544,2023,15,1
00-0032775,2020,19,1
00-0036265,2022,12,1
00-0037837,2024,14,1
00-0034631,2019,9,1
00-0037086,2025,17,1
00-0031382,2020,7,1
00-0035689,2019,14,1
00-0036277,2020,1,2
00-0036233,2022,16,1
00-0030506,2022,22,1
00-0033009,2023,10,2
00-0037004,2025,1,1
00-0034981,2019,11,1
00-0036997,2023,8,1
00-0034837,2023,15,2
00-0031235,2019,10,1
00-0038117,2022,6,1
00-0030431,2023,10,2
00-0034960,2023,12,1
00-0034419,2022,14,1
00-0038041,2025,11,2
00-0036182,2024,16,1
00-0033045,2021,6,1
00-0030181,2019,14,1
00-0033921,2024,5,1
00-0038558,2025,2,1
00-0039065,2025,5,1
00-0032058,2019,12,2
00-0034521,2019,10,2
00-0038544,2023,11,1
00-0038705,2024,13,1
00-0038117,2024,3,1
00-0033881,2025,17,2
00-0029632,2019,17,1
00-0029738,2019,18,1
00-0033948,2020,1,1
00-0030431,2020,19,1
00-0039521,2025,11,1
00-0034521,2021,6,2
00-0025418,2020,3,1
00-0034418,2021,9,1
00-0030506,2022,12,5
00-0034676,2021,14,1
00-0036849,2022,15,1
00-0034400,2020,10,1
00-0036358,2022,17,1
00-0032394,2020,14,2
00-0038933,2023,8,2
00-0034073,2019,9,1
00-0032058,2019,6,2
00-0037809,2024,17,1
00-0033280,2025,6,1
00-0033895,2023,12,2
00-0036988,2023,6,2
00-0033246,2024,3,2
00-0038976,2024,6,1
00-0036040,2021,18,2
00-0034854,2021,5,1
00-0034159,2020,14,1
00-0034983,2021,18,3
00-0031051,2019,15,1
00-0039040,2023,3,2
00-0031544,2022,11,3
00-0036980,2023,10,1
00-0036912,2024,17,2
00-0038547,2025,8,1
00-0030155,2019,5,1
00-0030431,2021,4,2
00-0029892,2020,13,1
00-0036358,2020,11,2
00-0035700,2021,10,1
00-0036635,2022,5,1
00-0032211,2022,9,1
00-0037055,2022,12,1
00-0036875,2024,4,1
00-0032104,2024,15,1
00-0036554,2024,15,2
00-0039847,2025,2,2
00-0034383,2025,13,1
00-0033110,2025,6,1
00-0035250,2020,9,1
00-0035250,2021,20,1
00-0034827,2019,2,3
00-0034837,2023,8,1
00-0035662,2024,20,1
00-0033526,2020,7,1
00-0033955,2020,13,1
00-0036970,2022,2,1
00-0035298,2020,15,1
00-0036182,2021,15,2
00-0032009,2019,13,1
00-0032211,2023,17,1
00-0038619,2025,7,1
00-0031382,2021,9,2
00-0039919,2025,19,1
00-0032464,2019,16,1
00-0033288,2022,6,1
00-0039075,2025,4,2
00-0032214,2019,16,1
00-0031428,2020,5,1
00-0039032,2023,13,1
00-0032141,2023,5,1
00-0036244,2023,16,3
00-0034775,2020,14,1
00-0037569,2023,16,1
00-0035208,2024,11,1
00-0036555,2025,3,2
00-0037239,2025,4,1
00-0040009,2025,8,1
00-0035689,2022,8,1
00-0031235,2019,13,1
00-0034766,2020,11,1
00-0031941,2019,15,3
00-0033857,2022,9,2
00-0034972,2023,10,1
00-0037256,2024,15,2
00-0025418,2019,10,1
00-0027793,2020,21,2
00-0033921,2023,11,1
00-0032128,2019,16,1
00-0033280,2023,12,1
00-0034411,2019,14,1
00-0033699,2022,12,4
00-0036345,2022,14,2
00-0036876,2024,15,1
00-0039855,2024,16,1
00-0030506,2020,7,1
00-0035662,2024,22,1
00-0036626,2025,9,2
00-0039075,2025,17,1
00-0037816,2022,2,1
00-0037277,2022,11,1
00-0033217,2025,7,1
00-0031228,2019,11,1
00-0032392,2020,2,1
00-0031941,2020,17,1
,2023,19,10
00-0038563,2024,8,1
00-0036919,2025,4,3
00-0037744,2025,4,1
,2025,17,17
00-0034676,2020,18,1
00-0039146,2023,7,1
00-0030496,2019,1,3
00-0029632,2021,3,1
00-0032134,2021,13,1
00-0034383,2022,20,2
00-0033288,2022,13,1
00-0035640,2019,3,2
00-0036893,2024,17,1
00-0036328,2023,13,1
00-0034765,2020,13,1
00-0027942,2022,1,1
00-0034753,2025,8,1
00-0032392,2021,6,1
00-0032257,2019,1,2
00-0035140,2021,8,1
00-0035719,2024,2,1
00-0034975,2024,10,1
00-0033288,2025,9,1
00-0037306,2025,11,1
00-0030710,2020,13,1
00-0036182,2020,6,1
00-0033118,2022,7,1
00-0036997,2021,13,1
00-0036040,2022,15,2
00-0039359,2025,15,2
00-0036360,2021,4,1
00-0033300,2021,16,1
00-0033288,2021,15,1
00-0033045,2023,1,1
00-0033251,2020,18,1
00-0033908,2021,9,2
00-0035500,2025,6,2
00-0023564,2019,2,1
00-0035287,2020,14,1
00-0027942,2020,14,3
00-0036244,2020,14,1
00-0036900,2021,11,1
00-0037304,2023,7,1
00-0038720,2024,3,1
00-0033923,2019,12,1
00-0031236,2024,14,1
00-0033293,2019,5,1
00-0040667,2025,4,2
00-0035261,2020,15,2
00-0033040,2023,3,2
00-0034273,2020,1,1
00-0038542,2023,14,2
00-0024243,2020,3,2
00-0033589,2020,14,1
00-0034367,2021,18,2
00-0031045,2019,4,2
00-0035700,2023,5,1
00-0029137,2019,7,1
00-0033921,2020,7,1
00-0031273,2020,18,1
00-0033908,2023,5,1
00-0033948,2020,11,1
00-0032241,2019,12,1
00-0031408,2022,1,1
00-0029572,2019,5,1
00-0036383,2022,3,2
00-0037247,2024,4,5
00-0032780,2021,16,1
00-0037304,2022,18,2
00-0034960,2024,18,1
00-0033923,2022,5,2
00-0036370,2023,12,1
00-0032543,2023,14,1
00-0034830,2019,19,1
00-0032398,2025,11,1
00-0035640,2022,16,1
00-0031428,2022,9,1
00-0034104,2020,18,2
00-0031381,2020,10,1
00-0024243,2023,16,1
00-0033111,2019,17,1
00-0033908,2021,20,2
00-0037838,2024,16,1
00-0036875,2024,11,2
00-0039491,2025,19,2
00-0034297,2021,20,2
00-0031236,2023,17,1
00-0030564,2022,8,2
00-0036040,2025,5,1
00-0036360,2023,16,1
00-0030035,2020,6,1
00-0035700,2022,12,1
00-0039041,2025,11,1
00-0039890,2025,14,2
00-0036290,2020,12,1
00-0036223,2024,17,2
00-0034827,2020,16,1
00-0033466,2020,16,1
00-0029000,2022,20,1
00-0031588,2021,17,3
00-0033881,2019,9,2
00-0036919,2022,1,1
00-0037256,2023,19,1
00-0033885,2023,9,2
00-0038621,2025,1,3
00-0039754,2024,17,2
00-0026035,2020,14,2
00-0032385,2023,11,1
00-0035229,2020,1,1
00-0029608,2020,15,1
00-0031387,2021,11,1
00-0039491,2025,12,2
00-0033556,2019,10,1
00-0038359,2025,13,1
00-0040128,2025,18,2
00-0037256,2025,13,1
00-0035662,2020,10,1
00-0035688,2023,2,1
00-0033594,2020,1,2
00-0036973,2023,11,1
00-0039064,2023,5,2
00-0030564,2023,5,1
00-0032423,2019,5,1
00-0034301,2019,3,1
00-0034972,2021,3,2
00-0035831,2021,4,1
00-0034386,2023,3,1
00-0035640,2022,12,4
00-0030456,2021,8,1
00-0030506,2021,21,3
00-0036322,2022,2,3
00-0036251,2023,3,2
00-0030670,2019,1,1
00-0037545,2024,4,3
00-0029000,2021,1,1
00-0031687,2024,15,1
00-0035676,2024,22,1
00-0039847,2025,3,1
00-0032775,2025,8,1
00-0035719,2025,4,1
00-0029892,2025,15,1
00-0030549,2019,10,1
00-0030506,2023,5,2
00-0035328,2021,17,1
00-0036331,2020,3,1
00-0031941,2019,1,1
00-0033895,2021,13,2
00-0034791,2020,16,1
00-0036383,2022,7,1
00-0027061,2020,17,2
00-0037252,2022,6,1
00-0035689,2023,18,2
00-0035229,2024,9,1
00-0035715,2021,16,1
00-0035640,2021,18,1
00-0037276,2023,11,1
00-0037197,2023,7,1
00-0037740,2024,18,1
00-0026035,2020,3,1
00-0027656,2021,2,2
00-0033293,2024,3,3
00-0035631,2023,14,1
00-0034383,2025,3,1
00-0038720,2025,5,1
00-0030564,2021,2,1
00-0035428,2021,12,1
00-0031544,2023,1,1
00-0036410,2025,6,1
00-0033045,2019,11,2
00-0033387,2019,14,1
00-0036900,2025,9,2
00-0035640,2025,14,4
00-0034365,2021,5,1
00-0034844,2024,12,2
00-0038589,2023,13,1
00-0033387,2019,12,1
00-0035297,2019,13,1
00-0033885,2020,17,3
00-0035140,2020,17,1
00-0031387,2020,8,1
00-0036919,2022,9,1
00-0035603,2021,10,1
00-0033387,2021,3,1
00-0033885,2023,15,4
00-0034073,2020,8,2
00-0036410,2023,15,1
00-0039342,2025,2,3
00-0037809,2024,4,1
00-0032972,2020,14,1
00-0039041,2023,15,2
00-0039066,2024,11,2
00-0040238,2025,7,1
00-0030085,2019,16,2
00-0031763,2022,3,1
00-0035341,2024,2,5
00-0036900,2022,15,4
00-0031381,2020,11,2
00-0031588,2021,13,1
00-0036875,2022,11,1
00-0039919,2025,9,1
00-0034348,2025,17,3
00-0033858,2024,15,2
00-0031260,2022,10,1
00-0036626,2025,18,1
00-0033906,2019,14,2
00-0032688,2020,14,3
00-0033553,2022,12,1
00-0036275,2023,5,2
00-0037238,2022,16,1
00-0034419,2020,15,2
00-0035664,2022,6,2
00-0039919,2025,1,1
00-0032104,2019,17,1
,2020,15,22
00-0030181,2021,2,4
00-0034827,2022,2,1
00-0031588,2022,2,4
00-0031062,2019,7,3
00-0032464,2023,14,1
00-0034829,2020,4,1
00-0036250,2020,6,1
00-0038589,2024,3,1
00-0039916,2025,13,1
00-0031951,2019,3,1
00-0033856,2019,5,1
00-0033932,2019,10,1
00-0031941,2019,14,1
00-0034681,2020,11,2
00-0030549,2020,10,1
00-0036754,2024,11,1
00-0037801,2025,3,1
00-0034521,2025,3,2
00-0035208,2025,15,1
00-0033118,2019,7,1
00-0037545,2023,18,1
00-0034972,2024,8,1
00-0030578,2021,8,1
00-0036410,2021,9,2
00-0031763,2021,10,2
00-0035664,2023,11,2
00-0030456,2019,16,1
00-0033611,2021,2,1
00-0038129,2023,4,1
00-0033897,2019,8,1
00-0033387,2019,10,3
00-0032464,2021,16,2
00-0036326,2021,11,2
00-0034419,2024,2,1
00-0034253,2022,13,1
00-0034521,2021,9,1
00-0033246,2022,8,1
00-0034414,2020,7,2
00-0030181,2020,8,1
00-0036275,2022,8,2
00-0033526,2024,5,1
00-0034052,2019,16,1
00-0031588,2025,5,1
00-0034297,2022,12,1
00-0034764,2020,12,3
00-0033293,2020,2,2
00-0036271,2021,6,2
00-0038359,2025,7,1
00-0030061,2020,6,2
00-0037005,2023,10,1
00-0032765,2020,11,4
00-0035676,2019,15,2
00-0033045,2019,15,1
00-0033040,2019,19,1
00-0038994,2023,8,3
00-0036309,2024,7,1
00-0036358,2025,15,2
00-0035140,2019,6,1
00-0030288,2022,3,1
00-0036358,2022,16,2
00-0031687,2022,18,1
00-0038542,2023,16,1
00-0032464,2019,15,1
00-0034983,2019,17,5
00-0030443,2019,7,1
00-0035823,2022,1,1
00-0034286,2022,12,1
00-0031806,2020,4,1
00-0036415,2021,5,1
00-0035329,2023,8,1
00-0033891,2022,19,3
00-0031428,2023,16,1
00-0039040,2024,2,1
00-0034829,2020,5,1
00-0038981,2024,2,1
00-0031051,2020,19,1
00-0039075,2024,15,1
00-0039751,2024,18,1
00-0036554,2025,5,2
00-0030456,2019,5,2
00-0033045,2019,17,2
00-0030564,2020,16,2
00-0034970,2022,6,1
00-0037238,2022,3,1
00-0038104,2022,14,1
00-0036297,2020,15,1
00-0032602,2020,17,1
00-0034798,2020,10,1
00-0035250,2022,6,2
00-0036572,2022,14,1
00-0037741,2023,9,2
00-0034775,2019,15,1
00-0036309,2021,6,1
00-0033881,2022,7,1
00-0031228,2019,3,2
00-0034419,2021,17,3
00-0032765,2023,7,3
00-0039849,2024,13,1
00-0036040,2022,1,1
00-0039875,2025,6,1
00-0036268,2020,5,1
00-0035243,2025,3,1
00-0034365,2021,4,1
00-0036900,2021,4,1
00-0037614,2024,15,1
00-0027981,2019,2,1
00-0037840,2023,2,1
00-0031428,2019,4,1
00-0035719,2021,17,1
00-0036970,2024,18,1
00-0039337,2025,1,3
00-0034764,2020,16,1
00-0035700,2021,5,1
00-0039912,2024,7,1
00-0033906,2019,2,1
00-0034975,2019,4,1
00-0035676,2025,3,3
00-0031285,2021,18,1
00-0039919,2025,8,1
00-0037801,2025,9,1
00-0039139,2023,7,2
00-0034054,2023,13,1
00-0036970,2025,9,2
00-0034253,2022,1,1
00-0031687,2022,5,1
00-0036970,2021,16,1
00-0036410,2025,7,2
00-0027793,2020,18,1
00-0033885,2022,2,2
00-0037816,2025,15,1
00-0030874,2019,16,1
00-0036358,2023,3,2
00-0037005,2024,14,1
00-0038543,2025,14,2
00-0038933,2025,19,1
00-0038134,2023,14,2
00-0030035,2020,5,3
00-0033555,2020,9,1
00-0038705,2025,10,2
00-0038606,2024,8,1
00-0033127,2020,7,2
00-0031051,2020,4,1
00-0035631,2020,8,1
00-0033040,2022,9,2
00-0035676,2022,9,2
00-0036355,2022,11,1
00-0033857,2024,11,1
00-0035592,2020,17,1
00-0037666,2022,3,1
00-0034521,2022,11,1
00-0031588,2021,2,2
00-0033932,2021,15,3
00-0033893,2022,19,1
00-0031544,2024,3,1
00-0039890,2024,12,1
00-0035246,2020,6,2
00-0038117,2025,1,1
00-0033572,2020,1,1
00-0040705,2025,2,3
00-0036875,2024,5,1
00-0040522,2025,12,1
00-0025396,2019,5,1
00-0034960,2023,4,1
00-0031387,2019,2,1
00-0034686,2019,6,2
00-0030279,2019,6,1
00-0033921,2021,4,1
00-0036893,2022,17,2
00-0035676,2024,21,2
00-0040669,2025,7,1
00-0037239,2022,9,2
00-0033045,2022,20,1
00-0025418,2019,9,1
00-0037539,2023,16,1
00-0039849,2025,9,2
00-0034753,2022,8,1
00-0039064,2025,14,1
00-0033576,2021,12,1
00-0034681,2020,16,1
00-0034301,2021,15,1
00-0034959,2025,18,1
00-0031376,2020,1,2
00-0035659,2021,16,1
00-0035657,2022,5,1
00-0033110,2022,15,1
00-0036040,2025,15,1
00-0039139,2024,20,1
00-0034348,2023,1,2
00-0035140,2020,19,1
00-0036997,2021,10,2
00-0033288,2019,21,1
00-0036322,2020,14,1
00-0033908,2021,16,4
00-0035700,2022,10,1
00-0034775,2024,7,1
00-0033896,2020,13,1
00-0035341,2022,15,1
00-0036259,2024,14,2
00-0034844,2025,3,1
00-0039384,2025,18,2
00-0033288,2025,15,1
00-0037261,2024,14,1
00-0029293,2020,1,1
00-0033455,2021,4,1
00-0033455,2022,1,1
00-0034272,2021,11,2
00-0036259,2024,2,1
00-0030279,2019,4,1
00-0034837,2020,16,1
00-0039916,2024,7,2
00-0034829,2020,13,2
00-0036919,2024,15,2
00-0031941,2019,17,2
00-0027942,2020,17,1
00-0035140,2022,6,1
00-0022921,2019,16,1
00-0034383,2023,4,1
00-0036900,2024,13,2
00-0035229,2025,9,1
00-0039915,2024,1,2
00-0036893,2022,14,1
00-0030431,2024,19,1
00-0034686,2019,8,4
00-0035250,2020,19,2
00-0036567,2023,3,1
00-0037248,2024,2,1
00-0029608,2020,12,1
00-0034827,2021,2,1
00-0031260,2022,2,1
00-0035685,2020,3,1
00-0036963,2024,16,4
00-0033040,2019,14,1
00-0035261,2020,14,1
00-0036247,2021,4,1
00-0034960,2022,17,2
00-0035208,2024,20,1
00-0033897,2023,17,2
00-0034791,2025,3,1
00-0030279,2025,17,1
00-0039751,2025,2,1
00-0034011,2021,3,1
00-0030506,2019,16,2
00-0035659,2020,6,2
00-0033611,2021,15,1
00-0032144,2021,5,1
00-0035659,2022,15,1
00-0038752,2023,7,2
00-0036358,2023,11,2
00-0036554,2021,16,1
00-0035644,2021,18,1
00-0035639,2022,7,1
00-0037197,2023,12,1
00-0034988,2020,8,1
00-0032602,2020,9,1
00-0029000,2019,16,1
00-0033955,2020,16,1
00-0034521,2022,2,2
00-0033288,2021,14,2
00-0035644,2024,1,1
00-0033006,2020,8,1
00-0035259,2022,12,1
00-0030279,2022,15,1
00-0033555,2022,2,1
00-0033009,2021,7,1
00-0033943,2022,2,2
00-0030431,2022,15,1
00-0036290,2024,13,1
00-0030564,2024,13,2
00-0033921,2021,13,3
00-0033895,2022,18,1
00-0038794,2024,5,1
00-0034764,2023,2,1
00-0037239,2024,8,3
00-0023500,2020,12,1
00-0035216,2019,14,3
00-0039337,2024,16,2
00-0036223,2021,10,2
00-0035685,2021,16,3
00-0033897,2023,2,1
00-0028064,2019,11,1
00-0035719,2019,17,1
00-0035640,2020,12,1
00-0033871,2022,4,1
00-0036554,2024,3,4
00-0036963,2025,18,3
00-0040078,2025,7,1
00-0031382,2020,13,6
00-0037098,2023,17,1
00-0036628,2024,20,1
00-0024243,2021,12,1
00-0036290,2021,6,1
00-0033856,2019,12,2
00-0030513,2020,16,1
00-0036219,2020,19,1
00-0036326,2020,12,1
00-0035703,2020,1,2
00-0029738,2019,8,3
00-0033871,2021,7,1
00-0031273,2021,17,2
00-0036040,2022,7,2
00-0039868,2024,11,2
00-0034487,2025,1,1
00-0034829,2025,14,1
00-0036875,2025,18,1
00-0039875,2025,18,2
00-0022921,2019,1,2
00-0030279,2019,7,2
00-0034988,2019,12,2
00-0034272,2022,15,1
00-0035246,2019,13,1
00-0035208,2025,3,1
00-0035537,2025,18,1
00-0033856,2022,3,1
00-0034775,2025,19,1
00-0033885,2022,17,1
00-0030108,2019,9,1
00-0038046,2025,8,1
00-0040126,2025,15,1
00-0030564,2020,14,1
00-0033879,2019,4,1
00-0036555,2025,9,1
00-0027944,2019,8,1
00-0034829,2025,1,2
00-0033009,2019,5,1
00-0032063,2021,15,1
00-0033090,2025,2,1
00-0033553,2019,8,1
00-0036955,2022,11,1
00-0038994,2025,11,1
00-0030181,2020,15,1
00-0034765,2022,6,1
00-0038120,2022,2,1
00-0036290,2023,9,2
00-0030496,2019,17,1
00-0037228,2024,2,1
00-0037231,2025,16,1
00-0031381,2019,2,1
00-0030564,2019,16,1
00-0037239,2023,10,2
00-0030216,2019,13,1
00-0033589,2024,15,1
00-0032977,2020,19,1
00-0037838,2024,13,1
00-0038933,2024,16,1
00-0033856,2022,13,2
00-0032972,2020,1,1
00-0031610,2020,2,2
00-0034370,2019,6,1
00-0038129,2022,9,2
00-0033733,2019,15,3
00-0039066,2023,3,1
00-0039894,2024,7,1
00-0039065,2024,4,1
00-0036252,2020,10,3
00-0039040,2025,1,1
00-0039847,2025,1,1
00-0035359,2025,15,2
00-0035644,2024,15,1
00-0033856,2019,15,2
00-0039236,2024,2,1
00-0030669,2019,15,1
00-0031382,2020,15,2
00-0035657,2022,2,1
00-0029293,2022,7,1
00-0031408,2020,5,2
00-0032392,2020,4,1
00-0027685,2019,3,1
00-0033591,2024,3,1
00-0039738,2025,5,1
00-0036297,2023,8,1
,2024,18,18
00-0032134,2021,19,1
00-0033879,2020,2,1
00-0034777,2020,9,1
00-0036358,2024,10,2
00-0032209,2019,3,1
00-0035229,2022,19,1
00-0033536,2019,7,1
00-0040124,2025,18,1
00-0034970,2022,8,1
00-0040236,2025,3,1
00-0034301,2021,10,1
00-0031381,2020,12,3
00-0037746,2025,10,1
00-0037261,2025,5,3
00-0035140,2019,1,1
00-0034383,2021,18,2
00-0031585,2022,16,1
00-0032211,2022,13,2
00-0036988,2024,17,2
00-0036252,2023,8,4
00-0037816,2025,6,1
00-0031408,2024,17,2
00-0033895,2022,6,1
00-0036252,2021,18,2
00-0033897,2022,20,1
00-0038555,2025,17,1
00-0027150,2019,13,1
00-0036973,2022,1,3
00-0035659,2021,3,1
00-0036322,2021,12,3
00-0033921,2022,12,1
00-0036554,2023,9,2
00-0036980,2021,13,2
00-0036196,2022,6,1
00-0034983,2021,7,2
00-0031428,2020,15,1
00-0033895,2021,11,1
00-0034286,2022,19,1
00-0032775,2023,11,1
00-0034981,2019,7,1
00-0036555,2025,12,1
00-0033591,2020,3,1
00-0030279,2022,12,3
00-0030061,2023,1,2
00-0036422,2023,5,2
00-0038465,2024,17,1
00-0033681,2019,7,1
00-0036550,2021,16,2
00-0034348,2025,21,1
00-0033009,2021,19,2
00-0039041,2025,2,1
00-0034838,2019,15,1
00-0034272,2022,2,1
00-0031547,2021,15,2
00-0037011,2022,18,1
00-0024243,2023,7,1
00-0032144,2019,14,1
00-0035125,2023,11,1
00-0030431,2021,3,1
00-0036290,2023,18,2
00-0030061,2024,13,2
00-0039874,2024,14,1
00-0030578,2021,13,1
00-0036251,2020,18,1
00-0030506,2020,14,1
00-0034419,2021,5,1
00-0032211,2022,14,1
00-0033009,2023,13,1
00-0038720,2024,5,1
00-0034829,2022,19,1
00-0033589,2024,16,1
00-0034830,2022,19,1
00-0032009,2021,12,1
00-0031408,2025,15,1
00-0035406,2025,20,1
00-0030821,2019,11,2
00-0035662,2022,4,1
00-0030431,2024,18,1
00-0033858,2025,7,2
00-0038640,2024,15,1
00-0033246,2025,11,1
00-0037239,2025,16,1
00-0035500,2024,18,2
00-0034364,2020,9,1
00-0031344,2019,2,1
00-0037258,2023,2,1
00-0036997,2025,13,1
00-0035719,2024,6,2
00-0029738,2019,19,1
00-0033955,2021,3,1
00-0039067,2025,7,4
00-0035676,2020,8,2
00-0030506,2023,15,3
00-0030456,2020,7,1
00-0028064,2019,12,1
00-0036894,2022,5,1
00-0031381,2022,1,3
00-0031544,2024,19,1
00-0032128,2020,6,1
00-0033536,2021,2,3
00-0036894,2024,4,1
00-0036309,2023,5,1
00-0037838,2024,20,1
00-0034681,2021,3,1
00-0038559,2025,14,3
00-0039075,2023,12,1
00-0036040,2021,4,1
00-0039342,2025,19,1
00-0036271,2021,7,1
00-0037197,2025,16,1
00-0033217,2020,3,1
00-0033885,2025,10,1
00-0033895,2019,4,2
00-0039342,2024,18,2
00-0034073,2020,3,1
00-0030506,2021,6,2
00-0034159,2024,13,1
00-0040194,2025,14,1
00-0039915,2025,16,1
00-0034775,2023,11,1
00-0034981,2021,14,1
00-0031285,2021,9,1
00-0035249,2022,5,1
00-0039631,2024,15,2
00-0034753,2019,3,3
00-0036309,2025,8,1
00-0031387,2021,3,1
00-0038994,2023,10,2
00-0036900,2024,17,6
00-0036912,2025,16,2
00-0034837,2023,2,3
00-0038996,2025,1,1
00-0038573,2024,16,1
00-0038619,2025,9,2
00-0038606,2025,15,1
00-0036427,2024,9,1
00-0033733,2020,5,2
00-0033296,2020,6,1
00-0037091,2023,15,1
,2023,21,3
00-0032241,2019,3,1
00-0033009,2019,2,1
00-0034829,2022,8,1
00-0035341,2023,5,1
00-0033526,2024,11,1
00-0030506,2024,17,5
00-0037247,2025,8,1
00-0033251,2021,2,1
00-0033292,2021,18,2
00-0038120,2022,3,1
00-0035973,2021,18,1
00-0038752,2024,4,2
00-0031381,2021,17,4
00-0036040,2023,12,1
00-0036265,2022,2,1
00-0033090,2023,2,1
00-0030288,2021,15,1
00-0038117,2025,11,1
00-0035689,2025,15,3
00-0034753,2019,13,2
,2025,19,9
00-0029419,2019,12,1
00-0033923,2020,16,1
,2024,5,21
00-0033045,2020,11,2
00-0038935,2024,13,1
00-0034159,2021,13,1
00-0034960,2025,14,2
00-0036165,2023,14,1
00-0036322,2024,18,4
00-0034411,2020,8,1
00-0030035,2021,2,1
00-0034301,2020,19,1
00-0035537,2021,17,1
00-0030108,2019,8,2
00-0031387,2019,1,1
00-0027696,2020,3,4
00-0029164,2021,1,1
00-0036894,2021,18,2
00-0031687,2022,8,1
00-0034407,2022,7,1
00-0033282,2024,10,1
00-0035689,2022,6,1
00-0036906,2024,18,3
00-0039075,2025,12,1
00-0031610,2022,1,1
00-0037085,2025,13,2
00-0032688,2020,4,1
00-0035689,2021,13,2
00-0034981,2023,2,1
,2025,5,15
00-0038120,2025,16,1
00-0031428,2019,15,1
00-0031598,2019,14,1
00-0031235,2019,4,1
00-0036233,2022,4,1
00-0031868,2021,13,1
00-0033282,2023,6,2
00-0035662,2019,5,3
00-0033536,2019,2,2
00-0033307,2019,10,2
00-0031544,2022,4,1
00-0033009,2022,7,1
00-0030279,2022,14,4
00-0033857,2025,3,1
00-0034983,2020,14,1
00-0036425,2022,3,1
00-0033040,2021,13,1
00-0033658,2021,4,1
00-0036233,2021,16,1
00-0037247,2024,12,1
00-0033908,2025,6,1
00-0039893,2024,15,3
00-0036912,2024,22,1
00-0028087,2019,15,1
00-0035831,2020,7,1
00-0033871,2019,19,1
00-0035831,2020,13,1
00-0035640,2020,17,3
00-0033921,2021,7,2
00-0027150,2019,1,1
00-0036219,2021,7,2
00-0031260,2023,5,2
00-0038542,2023,13,1
00-0038933,2025,20,1
00-0034383,2022,5,1
00-0034383,2021,16,2
00-0031588,2023,12,1
00-0039337,2024,15,2
00-0033077,2020,5,1
00-0036912,2023,13,3
00-0040663,2025,6,1
00-0034838,2019,4,1
00-0034753,2020,19,3
00-0036358,2022,6,1
00-0032918,2022,3,1
00-0028112,2019,9,1
00-0035719,2023,12,3
00-0033906,2021,15,2
00-0038547,2023,4,2
00-0030506,2023,19,1
00-0036233,2020,13,1
00-0033526,2022,3,1
,2024,21,5
00-0038935,2025,12,1
00-0036275,2021,4,1
00-0035719,2024,4,2
00-0032134,2019,17,3
00-0033110,2021,6,3
00-0035689,2022,16,2
00-0036407,2020,16,1
00-0039379,2025,6,1
00-0035104,2019,17,1
00-0034829,2019,14,3
00-0033553,2022,9,1
00-0032392,2021,4,1
00-0033591,2021,12,1
00-0034681,2019,5,1
00-0027966,2022,2,1
00-0030578,2022,17,1
00-0036196,2021,17,1
00-0034159,2024,8,1
00-0035700,2021,18,1
00-0039894,2024,11,1
00-0040134,2025,7,1
00-0037545,2025,10,1
00-0037740,2024,3,2
00-0031610,2025,13,1
00-0025418,2019,16,3
00-0032385,2019,4,1
00-0034272,2020,2,3
00-0035350,2020,6,1
00-0038104,2024,8,1
00-0027981,2019,18,2
00-0031585,2022,6,1
00-0037740,2023,2,1
00-0036332,2024,5,1
00-0031381,2021,16,4
00-0034279,2021,8,2
00-0025580,2020,19,1
00-0036997,2025,3,2
00-0035864,2021,4,1
00-0029137,2019,13,3
00-0033908,2021,8,5
00-0037263,2023,5,1
00-0031547,2020,10,2
00-0025418,2019,12,1
00-0036233,2022,18,1
00-0039075,2024,17,1
00-0032211,2024,17,1
00-0032385,2025,13,1
00-0039075,2025,21,2
00-0030181,2019,9,3
00-0033217,2025,9,1
00-0033906,2020,4,1
00-0032918,2020,5,1
00-0032688,2020,1,2
00-0035006,2019,14,1
00-0033871,2021,5,2
00-0036290,2022,9,2
00-0022921,2019,10,1
00-0036196,2022,11,1
00-0034366,2020,15,2
00-0039893,2024,9,2
00-0033293,2023,1,1
00-0034753,2021,5,5
00-0031610,2020,7,2
00-0032775,2022,8,2
00-0036906,2023,17,1
00-0024243,2021,8,1
00-0031787,2021,16,2
00-0033466,2022,4,2
00-0033090,2025,11,1
00-0036427,2020,12,1
00-0027685,2021,12,1
00-0038606,2025,19,3
00-0034646,2023,5,1
00-0036849,2023,18,2
00-0033528,2019,13,1
00-0032977,2019,10,1
00-0029293,2021,1,3
00-0034970,2023,8,1
00-0036196,2024,3,1
00-0036637,2025,8,1
00-0038041,2025,9,3
00-0032211,2020,17,4
00-0034297,2019,5,1
00-0034775,2019,14,3
00-0030279,2024,16,2
00-0035045,2021,14,1
00-0033280,2023,4,3
00-0032764,2024,4,1
00-0035297,2019,15,1
00-0031325,2020,3,1
00-0034775,2022,15,1
00-0036322,2021,14,4
00-0038606,2024,3,1
00-0038544,2024,14,1
00-0038117,2025,15,3
00-0039849,2024,12,1
00-0035643,2023,11,1
00-0029608,2020,5,2
00-0033282,2024,15,1
00-0033555,2020,10,1
00-0035216,2022,10,1
00-0034764,2022,16,2
00-0033891,2023,18,2
00-0039798,2025,8,2
00-0037238,2022,9,5
00-0033856,2019,6,2
00-0030506,2023,21,1
00-0032211,2019,5,1
00-0035639,2022,18,1
00-0032385,2025,3,1
00-0030279,2025,7,2
00-0032211,2019,19,3
00-0030564,2021,13,1
00-0034208,2022,6,1
00-0039065,2023,13,1
00-0031544,2021,18,1
00-0035229,2019,6,2
00-0036412,2020,8,1
00-0038976,2024,16,1
00-0037238,2022,17,1
00-0033897,2023,8,2
00-0037840,2024,19,2
00-0037809,2025,6,1
00-0035414,2020,15,1
00-0035644,2025,7,1
00-0036309,2025,13,2
00-0034765,2019,12,1
00-0031381,2021,1,1
00-0038041,2025,17,2
00-0037742,2025,18,1
00-0033217,2025,17,1
00-0028087,2020,4,1
00-0027061,2020,1,1
00-0036415,2022,10,1
00-0037740,2024,17,2
00-0036233,2022,7,1
00-0037247,2025,12,1
00-0034353,2020,3,2
00-0034364,2024,17,1
00-0030456,2020,3,2
00-0033288,2023,13,1
00-0038544,2024,2,1
00-0036269,2020,6,1
00-0033090,2025,13,4
00-0030513,2023,3,1
00-0037098,2023,3,1
00-0036626,2023,5,1
00-0032200,2019,2,1
00-0034365,2019,14,1
00-0031382,2021,16,1
00-0033921,2019,4,2
00-0036252,2022,4,2
00-0034764,2022,15,1
00-0039919,2024,4,1
00-0033293,2023,4,2
00-0033553,2024,14,1
00-0036259,2025,16,2
00-0039052,2023,1,1
00-0030279,2022,11,1
00-0033293,2023,18,1
00-0038996,2024,8,1
00-0033885,2025,14,1
00-0036261,2022,11,2
00-0027061,2021,6,1
00-0032764,2022,1,1
00-0035243,2019,11,1
00-0034829,2019,13,1
00-0036252,2022,18,2
00-0032054,2019,8,1
00-0036754,2022,10,1
00-0032187,2020,17,3
00-0036893,2021,5,3
00-0030564,2023,6,3
00-0036196,2021,1,1
00-0035864,2021,5,1
00-0036328,2023,6,1
,2022,11,15
00-0039065,2024,1,1
00-0034386,2024,17,1
00-0035329,2020,5,1
00-0035662,2020,19,1
00-0034676,2020,9,1
00-0034777,2024,18,2
00-0039067,2023,1,1
00-0027696,2020,14,1
00-0035229,2020,4,3
00-0035021,2024,3,1
00-0031381,2025,14,2
00-0034960,2023,17,2
00-0036322,2024,11,3
00-0030035,2019,6,3
00-0034270,2021,9,1
00-0033951,2019,5,1
00-0035311,2021,13,1
00-0036365,2021,15,2
00-0030710,2020,8,1
00-0033280,2025,10,3
00-0034348,2019,15,1
00-0031763,2022,4,1
00-0034844,2024,1,1
00-0036139,2025,11,2
00-0032543,2023,15,1
00-0037545,2025,15,1
00-0027902,2020,16,1
00-0029293,2020,14,1
00-0036277,2020,17,2
00-0031544,2022,5,3
00-0033921,2021,6,3
00-0027942,2022,6,1
00-0035243,2019,5,3
00-0030506,2023,2,4
00-0035689,2023,6,1
00-0030288,2022,4,1
00-0034353,2019,15,1
00-0032775,2019,1,1
00-0036328,2023,17,1
00-0037809,2024,1,1
00-0036849,2024,5,1
00-0035664,2020,2,1
00-0035662,2020,17,3
00-0036407,2021,9,1
00-0037304,2025,6,1
00-0036613,2021,8,3
00-0036252,2025,17,1
00-0033921,2023,4,2
00-0033856,2022,4,1
00-0027981,2021,8,2
00-0033854,2024,17,1
00-0032257,2020,4,1
00-0033908,2024,8,2
00-0035249,2023,11,1
00-0033282,2020,3,2
00-0033699,2020,12,2
00-0035246,2019,15,1
00-0034681,2022,6,1
00-0033943,2021,16,2
00-0036275,2020,8,1
00-0030506,2019,1,4
00-0034844,2024,2,2
00-0034351,2019,13,3
00-0034753,2025,14,3
00-0036309,2020,12,1
00-0033733,2020,7,1
00-0034829,2020,11,1
00-0031868,2021,15,1
00-0027656,2020,19,3
00-0033280,2022,18,1
00-0033280,2025,11,2
00-0036020,2020,10,1
00-0030279,2024,12,3
00-0038129,2022,5,2
00-0033553,2019,3,1
00-0034777,2019,7,1
00-0022943,2019,16,1
00-0035700,2020,16,1
00-0030578,2022,10,1
00-0033921,2022,7,1
00-0034829,2021,13,2
00-0034419,2023,2,1
00-0035659,2024,5,1
00-0033110,2025,11,1
00-0037744,2025,14,2
00-0037292,2023,4,1
00-0035500,2022,7,1
00-0033526,2021,9,1
00-0033923,2020,10,1
00-0036620,2021,15,1
00-0033536,2019,6,1
00-0034348,2019,1,2
00-0033251,2020,6,3
00-0030431,2022,10,1
00-0030549,2020,12,1
00-0037740,2023,4,2
00-0033896,2020,5,1
00-0034798,2023,6,1
00-0033906,2023,7,2
00-0033950,2020,7,1
00-0034319,2020,15,1
00-0033387,2021,18,2
00-0036233,2022,6,1
00-0031547,2019,17,2
00-0036261,2022,19,1
00-0038647,2023,18,2
00-0039065,2023,18,1
00-0033897,2021,5,1
00-0033906,2024,2,1
00-0030506,2024,5,3
00-0034816,2020,3,2
00-0030431,2022,4,2
00-0034838,2020,7,1
00-0033293,2024,12,1
00-0039065,2024,14,3
00-0039041,2025,10,1
00-0034270,2022,13,1
00-0033908,2025,17,1
00-0040737,2025,16,1
00-0034652,2021,4,2
00-0038134,2024,13,2
00-0036268,2021,17,1
00-0035406,2025,17,1
00-0036196,2020,14,2
00-0039793,2025,11,1
00-0034764,2019,11,1
00-0035216,2024,1,2
00-0036322,2025,18,1
00-0036980,2022,5,1
00-0039356,2025,16,1
00-0037258,2022,8,1
00-0036427,2021,17,1
00-0032688,2019,11,2
00-0035510,2022,15,1
00-0033045,2024,2,1
00-0030506,2021,20,1
00-0036912,2024,9,1
00-0033923,2024,12,2
00-0033246,2024,13,1
00-0028074,2020,3,1
00-0035689,2019,9,1
00-0039032,2024,16,2
00-0029000,2020,5,1
00-0027691,2020,16,1
00-0031260,2021,1,1
00-0039075,2025,19,2
00-0034829,2024,1,1
00-0033921,2020,11,1
00-0031549,2021,5,2
,2021,14,13
00-0034928,2020,1,1
00-0030506,2022,2,1
00-0038647,2023,3,1
00-0035329,2023,9,1
00-0039890,2024,15,1
00-0040663,2025,1,1
00-0034270,2024,9,1
00-0036196,2023,7,2
00-0033857,2024,3,1
00-0037267,2025,10,1
00-0033280,2023,10,3
00-0036358,2023,17,1
00-0040583,2025,20,2
,2021,10,15
00-0035216,2020,13,2
00-0029664,2021,11,1
00-0036555,2025,2,1
00-0036900,2023,13,2
00-0036407,2020,10,2
00-0034829,2023,16,1
,2023,7,14
00-0034348,2024,17,2
00-0039894,2025,5,1
00-0035644,2019,8,1
00-0036309,2022,11,1
00-0032392,2020,17,1
00-0037744,2025,5,1
00-0035250,2021,18,1
00-0030288,2019,3,2
00-0035222,2021,16,1
00-0038129,2022,19,1
00-0038393,2024,2,1
00-0037267,2023,12,1
00-0035689,2025,19,1
00-0033090,2022,2,1
00-0034348,2023,12,1
00-0035689,2020,16,1
00-0031598,2019,17,1
00-0033555,2024,1,1
00-0032134,2019,14,1
00-0039384,2024,10,1
00-0032775,2024,3,1
00-0034383,2023,8,1
00-0033009,2024,13,1
00-0029892,2019,11,3
00-0036158,2024,17,1
00-0031273,2021,6,1
00-0033455,2019,10,1
00-0039916,2024,18,1
00-0031381,2023,1,1
00-0036924,2022,8,2
00-0034686,2021,6,1
00-0035140,2021,5,2
00-0032394,2024,14,1
00-0029608,2019,7,1
00-0035624,2019,12,2
00-0035703,2019,16,1
00-0036652,2022,14,1
00-0031588,2021,5,1
00-0034301,2021,5,1
00-0035216,2022,2,1
00-0034115,2021,16,1
00-0031544,2024,1,2
00-0033455,2025,18,1
00-0031588,2019,6,1
00-0034983,2021,5,1
00-0039915,2025,3,1
00-0036613,2023,4,1
00-0033908,2020,14,2
00-0034753,2024,12,1
00-0034829,2024,2,1
00-0035640,2022,2,1
00-0040124,2025,5,2
00-0030035,2021,8,2
00-0040648,2025,7,1
00-0030564,2025,12,1
00-0036407,2023,13,2
00-0036360,2023,15,2
00-0039067,2025,15,1
00-0036268,2022,14,2
00-0035216,2021,16,3
00-0034115,2022,2,2
00-0022921,2020,15,1
,2025,14,17
00-0034766,2020,16,1
00-0030089,2019,6,1
00-0035250,2019,14,1
00-0031381,2021,2,1
00-0036358,2025,12,2
00-0035639,2022,12,1
00-0030061,2025,13,1
00-0032775,2024,10,2
00-0036326,2021,18,2
00-0030578,2019,15,1
00-0036415,2021,20,2
00-0037292,2024,6,1
00-0034854,2021,6,1
00-0036232,2021,10,1
00-0033471,2021,13,1
00-0033857,2020,17,1
00-0036252,2021,9,1
00-0035644,2021,17,2
00-0038994,2024,16,1
00-0033908,2019,17,3
00-0033009,2020,7,7
00-0037545,2025,4,1
00-0036963,2024,13,1
00-0039032,2025,16,2
00-0038115,2022,13,1
00-0033421,2021,14,1
00-0035311,2020,8,1
00-0034418,2025,18,1
00-0038977,2023,10,5
00-0036360,2022,1,2
00-0034775,2022,19,1
00-0038977,2024,7,2
00-0030670,2019,3,1
00-0033856,2020,10,1
00-0036555,2021,3,2
00-0038124,2024,8,1
00-0036309,2020,15,2
00-0035676,2019,6,1
00-0036182,2021,4,3
00-0033118,2021,9,2
00-0033288,2022,11,1
00-0031376,2021,21,1
00-0031544,2021,8,2
00-0033932,2019,4,3
00-0032208,2021,6,1
00-0027685,2021,9,1
00-0031381,2021,12,1
00-0024243,2021,18,1
00-0033681,2020,6,1
00-0036955,2022,9,1
00-0033009,2024,8,2
00-0033589,2024,18,1
,2022,16,27
00-0037348,2025,3,1
00-0036255,2020,12,1
00-0035229,2025,7,3
00-0034597,2020,8,1
00-0035640,2021,14,2
00-0035640,2022,13,2
00-0034975,2023,5,1
00-0033246,2024,9,1
00-0036980,2022,14,1
00-0039919,2025,10,2
00-0034272,2021,3,1
00-0035676,2020,18,2
00-0035259,2022,10,1
00-0039384,2024,9,1
00-0037086,2025,18,2
00-0040727,2025,6,1
00-0035217,2020,13,1
00-0031273,2021,8,1
00-0036919,2021,13,2
00-0031588,2022,10,2
00-0036261,2023,18,1
00-0035216,2023,15,1
00-0036912,2024,2,2
00-0031610,2019,15,1
00-0040187,2025,7,1
00-0031585,2023,6,1
00-0036620,2022,7,1
00-0031236,2022,12,1
00-0040129,2025,8,1
00-0035562,2019,13,1
00-0036955,2022,6,1
00-0031167,2019,12,1
00-0034765,2019,17,1
00-0036259,2021,2,1
00-0034830,2022,5,3
00-0030035,2021,12,2
00-0034981,2021,13,1
00-0036427,2021,3,1
00-0034777,2019,12,2
00-0033881,2019,8,1
00-0034365,2019,12,1
00-0034011,2019,15,1
00-0032980,2019,10,1
00-0033681,2021,8,2
00-0035126,2021,17,2
00-0027981,2020,12,1
00-0035659,2019,13,1
00-0029000,2021,17,3
00-0036271,2021,16,1
00-0030564,2023,18,1
00-0031610,2020,1,1
00-0036328,2022,7,2
00-0035229,2023,9,3
00-0036223,2024,13,1
00-0035685,2020,12,3
00-0027656,2021,12,1
00-0030279,2019,2,1
,2019,4,16
00-0032062,2023,1,1
00-0034798,2023,1,1
00-0034960,2020,13,1
00-0034521,2025,5,1
00-0022127,2019,5,1
00-0039921,2025,2,2
00-0034297,2021,18,1
00-0031588,2020,3,2
00-0035662,2020,8,2
00-0037740,2022,1,3
00-0038933,2024,3,2
00-0033893,2019,15,1
00-0032394,2021,12,1
,2019,14,21
00-0033090,2020,1,2
00-0033572,2022,4,2
00-0027966,2021,11,1
00-0036554,2022,12,1
00-0033536,2023,1,1
00-0033288,2022,17,2
00-0033251,2019,10,2
00-0036196,2024,2,2
00-0036233,2022,1,1
00-0036244,2024,4,2
00-0034753,2024,6,2
00-0031544,2024,7,1
00-0039491,2024,8,3
00-0036900,2024,16,1
00-0030061,2023,5,1
00-0036630,2025,2,1
00-0040715,2025,7,1
00-0034844,2025,1,1
00-0034386,2024,2,1
00-0027656,2020,6,2
00-0027981,2019,6,1
00-0027793,2021,6,1
00-0035329,2023,3,2
00-0032764,2020,1,1
00-0034766,2020,4,1
,2021,13,10
00-0036963,2023,21,3
00-0030035,2023,8,2
00-0031921,2020,13,1
00-0036875,2024,8,3
00-0036555,2025,11,1
00-0033873,2020,12,1
00-0030035,2025,1,1
00-0036223,2022,4,1
00-0032464,2023,5,1
00-0035216,2022,13,1
00-0036970,2022,6,1
00-0034613,2019,9,1
00-0034652,2020,13,1
00-0034351,2025,6,2
00-0036290,2025,20,1
00-0034983,2021,9,3
00-0028002,2022,16,1
00-0031325,2019,15,1
00-0035298,2019,12,1
00-0034521,2024,6,2
00-0031381,2024,16,4
00-0032398,2025,5,1
00-0034521,2020,1,1
00-0038543,2025,16,3
00-0031236,2019,7,1
00-0033307,2021,8,1
00-0036849,2023,11,1
00-0031381,2019,13,5
00-0036963,2023,15,4
00-0036196,2024,4,1
00-0031549,2020,4,1
00-0031236,2023,16,1
00-0038621,2024,5,1
00-0036407,2023,5,1
00-0025418,2019,11,1
00-0037247,2025,3,3
00-0040134,2025,13,1
00-0033576,2025,18,1
00-0039521,2025,12,1
00-0035644,2019,14,1
00-0032881,2021,16,1
00-0035535,2025,2,1
00-0030279,2020,12,2
00-0035659,2020,14,1
00-0036963,2024,6,2
00-0038933,2023,17,1
00-0035298,2020,7,2
00-0032211,2021,4,1
00-0033885,2023,7,2
00-0033885,2024,14,3
00-0038619,2025,18,1
00-0035644,2021,3,1
00-0030564,2024,3,1
00-0038979,2024,8,2
00-0038440,2025,18,1
00-0036322,2022,13,2
00-0035547,2022,2,1
00-0031610,2021,2,3
00-0033387,2020,17,1
00-0031511,2019,17,1
00-0035593,2021,8,2
00-0034521,2021,17,1
00-0034418,2023,8,1
00-0038977,2024,1,1
00-0031763,2021,8,1
00-0036244,2025,7,1
00-0036322,2022,16,2
00-0036020,2023,8,2
00-0034981,2024,15,2
00-0033854,2025,15,3
00-0039880,2025,10,1
00-0039521,2025,17,1
00-0040782,2025,6,1
00-0030663,2019,11,1
00-0036358,2023,14,1
00-0038543,2025,12,5
00-0036875,2022,18,2
00-0037241,2025,15,1
00-0035662,2022,16,1
00-0032764,2021,2,1
00-0035216,2023,16,1
00-0030414,2019,15,1
00-0034830,2020,15,1
00-0036360,2023,18,1
00-0035689,2021,2,1
00-0033955,2025,13,2
00-0034930,2021,4,1
00-0036900,2024,3,2
00-0034521,2022,9,5
00-0032434,2020,13,1
00-0035099,2023,8,1
,2019,13,19
00-0038994,2024,17,2
00-0033282,2022,7,1
00-0033118,2021,3,1
00-0035261,2022,16,3
00-0033858,2019,8,1
00-0031260,2020,3,2
00-0035406,2025,6,2
00-0035537,2025,14,1
00-0030506,2019,10,1
00-0036233,2022,14,1
00-0037239,2025,7,1
00-0034753,2025,10,1
00-0037801,2025,16,1
00-0034827,2021,9,1
00-0034407,2024,9,1
00-0033090,2023,14,1
00-0038619,2024,9,1
00-0036439,2021,7,1
00-0031273,2020,20,1
00-0036265,2025,18,1
00-0031549,2023,7,1
00-0035719,2019,1,1
00-0036345,2022,19,1
00-0038933,2023,14,2
00-0033881,2022,15,1
00-0030456,2020,10,2
00-0040128,2025,14,4
00-0032211,2020,7,3
00-0036550,2021,15,1
00-0033421,2021,5,1
00-0033555,2022,8,2
00-0030288,2022,16,2
00-0031376,2020,16,1
00-0032419,2020,21,1
00-0033045,2020,7,1
00-0033217,2021,10,1
00-0037248,2024,5,1
00-0030035,2020,1,2
00-0033387,2020,12,1
00-0035703,2019,15,1
00-0035700,2023,7,2
00-0036358,2023,19,2
00-0037311,2023,15,1
00-0033251,2019,16,1
00-0036261,2023,16,1
00-0038129,2024,3,1
00-0031062,2019,17,1
00-0027874,2019,7,2
00-0033307,2019,20,1
00-0034837,2020,17,2
00-0036261,2021,3,3
00-0035831,2020,4,1
00-0033881,2020,4,1
00-0036398,2020,5,1
00-0034364,2020,14,1
00-0034798,2020,11,1
00-0036613,2023,5,4
00-0034132,2019,13,1
00-0033921,2021,1,4
00-0033040,2023,7,1
00-0040218,2025,9,1
00-0035685,2021,9,1
00-0038996,2025,4,2
00-0040138,2025,12,1
00-0033856,2020,11,1
00-0033576,2025,16,1
00-0036980,2021,9,2
00-0034983,2023,9,1
00-0039793,2025,5,3
00-0035676,2020,13,1
00-0035973,2024,16,1
00-0031951,2019,4,2
00-0036259,2024,5,2
00-0035250,2021,16,1
00-0033856,2022,2,1
00-0033296,2020,14,1
00-0034411,2022,15,5
00-0032355,2021,2,1
00-0036275,2024,1,1
00-0035329,2021,10,1
00-0031585,2023,8,1
00-0038619,2024,2,2
00-0038996,2024,11,1
00-0036415,2021,14,1
00-0032392,2022,9,1
00-0038041,2025,3,2
00-0038120,2023,14,1
00-0033307,2020,13,2
00-0033925,2022,9,1
00-0033288,2024,5,6
00-0033466,2021,17,1
00-0032257,2019,19,1
00-0031598,2020,3,1
00-0035140,2021,4,1
00-0033466,2020,17,3
00-0022921,2019,2,3
00-0035216,2021,8,5
00-0036415,2021,22,1
00-0037256,2023,4,1
00-0031381,2023,5,2
00-0033591,2023,6,2
00-0028002,2021,12,2
00-0031382,2022,13,1
00-0030279,2019,16,2
00-0036410,2023,2,4
00-0034386,2023,9,1
00-0036875,2023,10,1
00-0037569,2022,15,1
00-0037666,2024,3,1
00-0036410,2024,13,3
00-0030279,2020,1,1
00-0040718,2025,2,1
00-0033858,2025,8,1
00-0038046,2024,5,1
00-0036620,2021,16,2
00-0033921,2023,2,2
00-0033536,2021,12,1
00-0036358,2023,6,1
00-0033908,2025,4,1
00-0039146,2023,3,4
00-0033923,2025,14,1
00-0034860,2022,4,1
00-0031585,2022,17,1
00-0036309,2023,14,1
00-0031235,2019,6,1
00-0036252,2020,2,2
00-0039543,2024,11,1
00-0038543,2025,17,1
00-0034854,2021,17,2
00-0036360,2022,4,1
,2021,1,18
00-0038090,2023,3,1
00-0031558,2021,4,1
00-0036358,2025,8,3
00-0033110,2021,17,1
00-0030279,2021,3,4
00-0031381,2019,15,1
00-0034837,2019,8,1
00-0028002,2019,7,1
00-0030181,2020,11,1
00-0032200,2020,17,1
00-0038120,2024,8,1
00-0035298,2023,12,1
00-0035659,2024,4,1
00-0029293,2019,9,1
00-0034829,2021,11,1
00-0037746,2024,19,1
00-0033854,2019,4,1
00-0036223,2023,7,1
00-0032144,2020,10,1
00-0034521,2020,12,1
00-0031285,2021,12,1
00-0027981,2022,8,1
00-0034975,2024,1,2
00-0038396,2024,5,2
00-0033699,2022,5,2
,2024,19,10
00-0034351,2025,4,2
00-0034418,2023,14,1
00-0034383,2021,12,1
00-0033891,2022,12,2
00-0036906,2024,3,1
00-0037654,2024,11,1
00-0036387,2022,5,1
00-0031547,2020,17,5
00-0029608,2021,16,1
00-0036233,2022,11,1
00-0033943,2020,1,1
00-0035140,2020,2,1
00-0030061,2019,7,2
00-0037840,2025,3,1
00-0040122,2025,9,1
00-0037239,2023,17,1
00-0038129,2024,6,2
00-0036232,2020,15,1
00-0038117,2024,17,1
00-0036924,2022,17,1
00-0030404,2020,2,2
00-0039424,2024,8,1
00-0036275,2022,9,1
00-0036894,2024,5,2
00-0031558,2019,5,1
00-0036410,2024,14,2
00-0031325,2019,1,1
00-0030431,2024,10,1
00-0035662,2022,17,1
00-0038543,2023,3,1
00-0034521,2023,10,1
00-0038041,2023,13,4
00-0033591,2022,2,1
00-0036906,2023,11,1
00-0035640,2023,17,2
00-0034981,2024,10,1
00-0034983,2021,14,4
00-0032054,2021,18,1
00-0039075,2023,1,1
00-0037091,2024,19,1
00-0039066,2025,6,1
00-0037261,2025,10,1
00-0031235,2019,17,1
00-0034844,2021,14,1
00-0032980,2019,14,1
00-0030279,2021,16,1
00-0035703,2020,17,1
00-0029000,2021,3,5
00-0034351,2024,2,1
00-0034521,2021,12,2
00-0038977,2024,3,2
00-0030279,2023,11,4
00-0034827,2024,8,1
00-0031381,2025,13,2
00-0034270,2023,5,1
00-0032134,2023,9,1
00-0036936,2021,5,1
00-0030506,2021,9,1
00-0034777,2019,8,3
00-0034827,2019,13,2
00-0036554,2023,12,1
00-0036322,2024,4,1
00-0036427,2024,10,1
00-0032897,2019,10,1
00-0033857,2020,12,4
00-0035535,2023,8,1
00-0033110,2022,11,1
00-0034777,2019,5,2
00-0035261,2021,13,1
00-0034777,2022,12,1
00-0036457,2021,2,1
00-0030525,2020,16,1
00-0035973,2023,15,2
00-0030035,2023,3,1
00-0036407,2024,13,1
00-0036912,2022,22,1
00-0034510,2020,14,1
00-0032160,2021,1,1
00-0031868,2020,12,1
00-0031408,2021,7,5
00-0028002,2021,9,1
00-0034960,2019,14,1
00-0032062,2022,17,1
00-0031260,2020,7,2
00-0032602,2019,14,1
00-0035662,2020,13,2
00-0034597,2020,9,1
00-0036365,2022,1,1
00-0026189,2022,17,1
00-0037304,2024,5,1
00-0034411,2021,12,1
00-0032775,2024,12,1
00-0035406,2023,15,2
00-0039361,2024,19,1
00-0033009,2024,14,1
00-0039919,2025,3,1
00-0036741,2025,3,1
00-0034981,2019,14,1
00-0030147,2019,3,3
00-0034753,2020,8,1
00-0031260,2022,16,1
00-0037746,2023,1,1
00-0036252,2022,16,1
00-0036550,2023,21,1
00-0031547,2020,13,3
00-0031588,2025,6,1
00-0029293,2019,8,1
00-0040162,2025,2,1
00-0039868,2025,14,1
00-0038543,2025,7,1
00-0031763,2022,7,1
00-0033871,2020,16,1
00-0037741,2025,18,2
00-0036963,2025,10,3
00-0030564,2019,8,1
00-0027696,2020,18,1
00-0030506,2025,5,2
00-0031408,2019,4,1
00-0032214,2020,3,4
00-0033921,2020,21,1
00-0036219,2022,6,1
00-0034054,2023,17,1
00-0038559,2024,9,1
00-0039065,2024,20,1
00-0035644,2021,7,3
00-0036309,2020,8,1
00-0039075,2023,8,2
00-0033857,2019,17,1
00-0034613,2019,8,1
00-0035216,2024,2,1
00-0037666,2024,5,3
00-0034613,2025,6,2
00-0037664,2025,14,1
00-0032392,2025,18,1
00-0034764,2020,8,1
00-0038994,2023,3,1
00-0032227,2019,2,1
00-0035662,2022,14,3
00-0032688,2022,1,1
00-0035659,2024,19,3
00-0036407,2020,6,1
00-0030710,2019,8,1
00-0033528,2019,11,1
00-0033110,2020,13,1
00-0031951,2019,1,1
00-0032058,2021,16,1
00-0027981,2019,3,1
00-0034777,2021,2,1
00-0034777,2023,9,1
00-0033375,2020,3,1
00-0036398,2020,6,1
00-0035414,2020,2,2
00-0034970,2020,15,1
00-0035329,2021,5,1
00-0033856,2021,14,3
00-0035657,2022,1,2
00-0030181,2020,6,1
00-0033293,2021,3,1
00-0032688,2024,2,2
00-0031051,2019,9,1
00-0034011,2020,17,1
00-0038090,2023,6,2
00-0034753,2023,11,1
00-0038621,2025,9,1
00-0033881,2023,15,1
00-0036187,2020,2,1
00-0038597,2025,14,1
00-0033923,2023,14,1
00-0036754,2024,9,1
00-0036875,2022,5,1
00-0034348,2025,2,1
00-0039032,2025,6,1
00-0036407,2023,16,1
00-0040126,2025,8,1
00-0039040,2025,9,1
,2025,10,11
00-0028411,2020,2,1
00-0036358,2025,13,2
00-0030431,2021,9,2
00-0036182,2021,18,1
00-0033906,2020,15,1
00-0033110,2022,4,2
00-0030669,2019,8,1
00-0039021,2023,8,1
00-0033110,2025,20,1
00-0031558,2020,9,1
00-0038821,2024,10,1
00-0031941,2023,9,1
00-0033881,2025,13,2
00-0033080,2019,16,1
00-0034440,2019,1,1
,2022,5,16
00-0033040,2024,12,2
00-0033733,2021,4,2
00-0034365,2020,7,1
00-0034370,2019,1,1
00-0036252,2023,5,1
00-0032778,2019,5,1
00-0033948,2019,16,1
,2020,1,22
00-0030288,2020,3,3
00-0030431,2021,2,1
00-0033908,2019,10,1
00-0035662,2019,12,6
00-0034272,2019,16,1
00-0027944,2022,9,2
00-0033110,2022,16,4
00-0034960,2021,3,1
00-0034370,2019,16,1
00-0037267,2023,3,1
00-0036387,2023,8,1
00-0032980,2022,18,1
00-0034857,2020,10,1
00-0032211,2022,6,1
00-0037569,2024,11,1
00-0036331,2022,1,1
00-0033439,2022,11,1
00-0039901,2025,1,4
00-0034348,2025,1,1
00-0034827,2025,7,1
00-0033357,2023,17,1
00-0033288,2024,7,1
00-0036322,2022,1,3
00-0040124,2025,3,1
00-0037239,2025,3,2
00-0039146,2024,4,1
00-0036569,2022,14,1
00-0035628,2020,13,1
00-0038134,2025,14,1
00-0034348,2025,15,2
00-0027656,2020,21,2
00-0029892,2023,5,3
00-0036554,2023,8,1
00-0032208,2019,11,2
00-0039064,2025,10,1
00-0031325,2021,13,2
00-0034351,2022,9,2
00-0036414,2022,2,1
00-0027981,2021,6,2
00-0031408,2025,3,2
00-0033895,2022,7,3
00-0033528,2021,18,1
00-0032688,2022,14,1
00-0032688,2020,16,1
00-0031585,2024,16,1
00-0032104,2024,14,1
00-0038606,2023,15,1
00-0027944,2022,13,1
00-0036988,2023,2,3
00-0035806,2021,17,1
00-0034521,2022,16,3
00-0032464,2021,4,2
00-0033110,2020,15,1
00-0032765,2019,6,5
00-0026035,2021,18,2
00-0037256,2022,8,1
00-0038393,2023,8,1
00-0035640,2022,9,3
00-0033921,2023,1,1
00-0034981,2021,2,1
00-0033217,2024,6,1
00-0040666,2025,17,1
00-0038997,2025,17,1
00-0036997,2021,5,1
00-0031236,2021,9,4
00-0031236,2020,2,1
00-0033885,2022,16,2
00-0035231,2021,15,1
00-0033885,2024,16,1
00-0030564,2023,3,1
00-0037755,2025,16,1
00-0033127,2019,6,1
00-0033699,2019,7,1
00-0035562,2019,12,1
00-0034981,2020,3,1
00-0035689,2020,13,2
00-0036912,2022,12,3
00-0031235,2024,12,1
00-0040584,2025,13,2
00-0040406,2025,18,1
00-0030061,2020,4,1
00-0030549,2020,11,1
00-0033307,2020,5,1
00-0036613,2021,5,1
00-0033908,2021,13,1
00-0037239,2022,12,1
00-0036427,2021,11,1
00-0034383,2024,4,1
00-0030874,2019,21,2
00-0035261,2019,12,2
00-0035685,2020,15,1
00-0036415,2021,4,1
00-0032951,2022,13,1
00-0035644,2022,16,1
00-0030564,2019,14,3
00-0035659,2021,10,1
00-0033307,2023,1,2
00-0035603,2021,13,1
00-0033526,2023,2,1
00-0037261,2023,5,1
00-0026035,2020,13,1
00-0030506,2023,6,1
00-0036988,2021,14,3
00-0038573,2023,11,1
00-0035640,2023,11,1
00-0035719,2019,14,2
00-0035640,2019,17,4
00-0027942,2022,2,3
00-0030404,2019,16,1
00-0035359,2022,5,1
00-0031062,2019,12,1
00-0034348,2023,8,1
00-0037838,2022,5,1
00-0035259,2020,5,1
00-0037239,2024,2,1
00-0032977,2019,9,1
00-0033110,2023,12,2
00-0035243,2019,14,1
00-0035719,2019,5,1
00-0035261,2019,9,2
00-0029892,2024,6,1
00-0036233,2022,15,1
00-0037837,2024,8,1
00-0034829,2024,14,1
00-0031381,2021,7,3
00-0031549,2024,10,1
00-0030279,2024,15,3
00-0040739,2025,2,1
00-0039868,2024,6,1
00-0037311,2022,12,1
00-0034860,2022,15,1
00-0031381,2025,6,3
00-0034827,2020,11,2
00-0031610,2020,10,1
00-0031387,2019,11,1
00-0033110,2019,4,1
00-0036309,2021,13,1
00-0036290,2024,12,2
00-0036259,2025,13,2
00-0038117,2025,4,2
00-0029293,2020,8,3
00-0037741,2022,15,2
00-0032464,2023,8,2
00-0033555,2025,4,1
00-0033466,2022,14,1
00-0029892,2025,10,1
00-0035125,2022,13,1
00-0031381,2021,3,3
00-0039916,2025,1,2
00-0037666,2025,3,3
00-0027061,2020,11,1
00-0035259,2022,9,1
00-0034830,2020,9,1
00-0031376,2022,22,1
00-0036322,2021,15,1
00-0027793,2019,2,5
00-0027944,2022,1,1
00-0034753,2022,5,1
00-0027891,2019,17,1
00-0027942,2021,14,1
00-0036991,2022,16,1
00-0031408,2022,19,1
00-0036900,2025,7,3
00-0038935,2025,18,1
00-0035216,2022,18,3
00-0031260,2022,18,1
00-0033857,2025,7,1
00-0029293,2022,15,1
00-0035229,2025,15,1
00-0034775,2019,10,1
00-0038563,2025,6,1
00-0036590,2025,18,1
00-0035689,2022,18,1
00-0033217,2022,2,1
00-0030035,2020,10,3
00-0038496,2023,13,1
00-0027061,2020,3,1
00-0033906,2023,6,1
00-0036613,2021,12,2
00-0035208,2022,15,1
00-0038129,2024,4,1
00-0036963,2025,2,4
00-0039868,2025,3,1
00-0036290,2024,14,1
00-0033895,2024,17,1
00-0037666,2023,9,1
00-0036252,2020,12,1
00-0038933,2024,17,1
00-0034775,2020,15,1
00-0038614,2025,9,1
00-0033040,2021,1,2
00-0031273,2019,4,1
00-0035249,2025,1,1
00-0040705,2025,15,2
00-0036219,2020,7,2
00-0034440,2019,9,1
00-0033280,2019,10,2
00-0036228,2022,2,1
00-0033856,2020,12,1
00-0035719,2021,8,1
00-0036232,2022,10,1
00-0035216,2020,2,1
00-0036182,2025,8,2
00-0040705,2025,14,2
00-0033895,2021,14,1
00-0034837,2020,8,1
00-0036900,2021,3,1
00-0036165,2022,14,3
00-0038543,2024,9,2
00-0036429,2025,15,1
00-0036425,2021,16,1
00-0030108,2021,12,1
00-0032134,2020,2,1
00-0031235,2019,3,1
00-0033699,2019,10,1
00-0030288,2020,11,1
00-0031381,2020,17,2
00-0033854,2024,16,1
,2019,10,14
00-0035624,2021,15,1
00-0030710,2019,4,1
00-0032398,2022,15,1
00-0033932,2022,18,1
00-0036970,2023,3,1
00-0033439,2020,17,2
00-0036415,2024,14,1
00-0034827,2021,8,2
00-0034830,2023,4,1
00-0037267,2025,6,1
00-0033897,2022,3,2
00-0038621,2024,13,2
00-0035676,2024,14,1
00-0037382,2023,4,1
00-0030506,2023,11,2
00-0033854,2024,9,1
00-0035659,2020,11,2
00-0039880,2025,8,1
00-0035676,2022,5,2
00-0033891,2019,11,1
00-0040736,2025,8,5
00-0035229,2022,16,4
00-0037740,2022,3,1
00-0033246,2022,2,1
00-0036422,2024,15,1
00-0035414,2021,17,1
00-0036387,2020,16,2
00-0034798,2019,17,1
00-0036265,2023,11,1
00-0040663,2025,14,1
00-0034613,2020,7,1
00-0033921,2021,12,1
00-0036414,2022,18,1
00-0037256,2023,7,1
00-0034829,2025,16,1
00-0032764,2019,14,1
00-0035640,2022,18,1
00-0031408,2022,4,3
00-0039144,2023,9,1
00-0035216,2021,11,4
00-0030061,2019,2,7
00-0039066,2023,9,1
00-0036358,2023,12,3
00-0037840,2024,3,1
00-0031588,2025,7,1
00-0030061,2020,3,1
00-0035208,2022,18,2
00-0030431,2023,19,1
00-0035685,2024,2,1
00-0031235,2021,4,1
00-0037744,2024,12,1
00-0034351,2025,17,3
00-0033526,2022,5,1
00-0034975,2024,4,2
00-0037838,2025,11,1
00-0036165,2022,19,3
00-0027656,2020,9,1
00-0036936,2021,3,1
00-0033906,2023,8,1
00-0039893,2025,2,3
00-0036196,2022,13,2
00-0038547,2023,11,1
00-0031544,2020,1,2
00-0036410,2020,6,1
00-0032135,2021,12,1
00-0031273,2019,1,1
00-0034777,2020,15,1
00-0036919,2022,20,1
00-0032778,2019,7,1
00-0033906,2020,3,3
00-0032688,2021,5,1
00-0033858,2022,15,1
00-0034349,2020,8,1
00-0030670,2019,9,2
00-0036187,2022,3,1
00-0034317,2023,1,1
00-0032134,2023,6,1
00-0034837,2020,6,1
00-0033293,2019,14,1
00-0027944,2020,13,1
00-0031544,2021,16,3
00-0030061,2022,4,2
00-0035864,2022,12,2
00-0036255,2020,7,2
00-0033895,2023,7,2
00-0032778,2021,15,1
00-0034972,2023,3,3
00-0038041,2023,10,3
00-0033466,2019,14,1
00-0039868,2024,3,2
00-0035500,2024,17,2
00-0036423,2021,14,1
00-0031236,2021,3,1
00-0027029,2020,6,1
00-0037741,2023,16,1
00-0038496,2024,1,1
00-0033858,2024,9,1
00-0030506,2023,22,2
00-0033466,2020,3,1
00-0032392,2024,16,1
00-0036862,2023,13,1
00-0039875,2024,18,1
00-0034348,2024,18,2
00-0036345,2023,9,1
00-0034364,2021,16,1
00-0037256,2025,7,1
00-0040730,2025,21,1
00-0033589,2023,12,1
00-0035659,2021,4,2
00-0034383,2024,18,1
00-0031610,2019,11,3
00-0036247,2021,12,1
00-0027944,2023,16,1
00-0035537,2024,7,1
,2021,8,21
00-0035624,2022,8,1
00-0039074,2025,9,2
00-0038041,2023,8,1
00-0029892,2024,17,1
00-0038608,2025,3,1
00-0039165,2025,16,1
00-0037239,2023,3,1
00-0039165,2025,7,1
00-0036963,2021,16,3
00-0033943,2021,18,2
00-0036290,2024,3,3
00-0035249,2024,8,1
00-0030279,2025,5,2
00-0038115,2025,7,1
00-0034970,2019,15,1
00-0029293,2020,12,2
00-0034816,2021,16,1
00-0033090,2023,9,1
00-0030578,2024,3,1
00-0033858,2024,7,1
00-0033110,2025,18,1
00-0034830,2022,21,2
00-0034317,2023,3,1
00-0033357,2020,5,1
00-0039793,2025,21,2
00-0036422,2023,17,1
00-0038543,2024,14,1
00-0036290,2023,6,1
00-0038117,2025,7,1
00-0037247,2024,13,1
00-0037247,2022,8,1
00-0032187,2021,9,2
00-0039868,2025,10,2
00-0035250,2019,12,1
00-0033858,2023,2,2
00-0036997,2022,4,1
00-0036345,2023,4,1
00-0036331,2022,3,1
00-0032392,2022,13,1
00-0038996,2024,19,1
00-0033921,2025,5,1
00-0033908,2019,3,3
00-0035689,2020,20,5
00-0039880,2025,18,1
00-0040078,2025,12,1
00-0034073,2025,13,2
00-0033943,2023,18,3
00-0036139,2024,18,2
00-0035311,2019,10,1
00-0031381,2025,9,3
00-0035659,2025,2,1
00-0033127,2020,3,2
00-0038621,2023,7,1
00-0034593,2019,17,1
00-0034764,2021,11,2
00-0034081,2019,17,1
00-0033908,2020,11,3
00-0034829,2019,16,2
00-0030506,2019,4,1
00-0037741,2024,1,1
00-0035350,2020,1,1
00-0038543,2023,6,2
00-0033943,2020,6,1
00-0035148,2019,21,1
00-0030578,2021,15,1
00-0034830,2021,14,1
00-0034960,2021,1,1
00-0030288,2019,1,1
00-0031387,2020,13,1
00-0036423,2021,17,1
00-0026189,2021,19,1
00-0031588,2022,5,3
00-0033881,2023,12,1
00-0035021,2022,1,2
00-0035500,2024,7,1
00-0039064,2023,16,3
00-0034775,2024,4,1
00-0039907,2024,10,1
00-0036988,2024,13,1
00-0038563,2025,17,1
00-0038542,2025,9,1
00-0039075,2024,11,2
00-0033090,2024,9,4
00-0039338,2024,2,1
00-0035659,2021,8,1
00-0039893,2024,7,2
00-0035311,2020,16,1
00-0035229,2022,5,2
00-0033757,2020,3,1
00-0038994,2023,11,1
00-0038935,2023,17,2
00-0032135,2020,3,2
00-0033553,2019,2,1
00-0037120,2023,15,1
00-0038597,2025,15,1
00-0032058,2021,12,1
00-0034286,2022,13,1
00-0031382,2019,12,2
00-0035311,2021,7,2
00-0033879,2019,14,1
00-0031544,2020,13,2
00-0030710,2020,12,1
00-0035140,2023,22,1
00-0034827,2024,4,3
00-0035208,2025,4,2
00-0034983,2022,16,1
00-0033110,2021,1,1
00-0033891,2021,13,1
00-0031549,2020,13,1
00-0033857,2019,8,1
00-0032104,2021,8,1
00-0031690,2022,1,1
00-0036912,2021,5,2
00-0035544,2022,9,1
00-0034775,2019,11,1
00-0030414,2019,14,1
00-0038120,2025,3,2
00-0034844,2023,10,1
00-0036912,2023,1,1
00-0031588,2023,11,1
00-0037247,2023,1,2
00-0032211,2024,6,3
00-0034834,2024,15,1
00-0038496,2025,12,1
00-0037614,2025,14,2
00-0034764,2020,6,2
00-0039798,2024,14,2
00-0038618,2025,5,3
00-0036912,2022,4,2
00-0036345,2023,3,1
00-0030549,2020,3,1
00-0032394,2020,1,1
00-0036556,2021,14,1
00-0036219,2021,17,1
00-0035208,2023,3,1
00-0035700,2021,11,1
00-0039356,2025,8,1
,2022,12,20
00-0039890,2025,15,1
00-0035644,2020,3,1
00-0034109,2019,2,2
00-0032464,2025,10,1
00-0034411,2019,6,1
00-0031588,2025,8,3
00-0035631,2022,1,1
00-0033375,2021,1,2
00-0034383,2022,14,1
00-0037273,2023,10,1
00-0032775,2020,11,1
00-0036422,2023,1,2
00-0030663,2021,1,1
00-0035140,2021,21,1
00-0033288,2025,16,2
00-0034867,2021,16,1
00-0035659,2022,2,1
00-0033040,2021,6,3
00-0036275,2020,7,1
,2021,18,15
00-0036232,2022,2,1
00-0033556,2019,12,1
00-0037304,2022,13,1
00-0039847,2025,9,1
00-0037238,2025,10,2
00-0036407,2024,17,2
00-0033576,2024,16,1
00-0030456,2019,8,1
00-0033307,2021,5,1
00-0034348,2024,15,1
00-0033293,2024,15,1
00-0035689,2020,4,2
00-0037261,2024,1,1
00-0033921,2021,8,1
00-0039146,2024,18,1
00-0036244,2021,16,1
00-0034052,2020,7,1
00-0037238,2024,1,1
00-0033906,2021,1,2
00-0036309,2022,8,2
00-0037740,2024,6,4
00-0034827,2024,6,2
00-0033885,2021,10,1
00-0038046,2022,18,1
00-0035704,2021,17,1
00-0036410,2024,6,1
00-0033280,2025,3,1
00-0032063,2019,1,1
00-0034348,2023,15,1
00-0036628,2025,7,1
00-0035685,2024,11,1
00-0036970,2024,2,1
00-0033908,2021,1,2
00-0033293,2023,19,1
00-0039040,2024,8,2
00-0033908,2019,16,1
00-0035659,2022,12,2
00-0038608,2023,1,2
00-0036252,2023,9,1
00-0033854,2024,8,1
00-0032385,2021,2,3
00-0033009,2021,21,2
00-0035229,2022,2,1
00-0033576,2022,5,1
00-0036040,2022,10,1
00-0036414,2023,7,1
00-0037614,2024,18,1
00-0031941,2020,14,1
00-0036326,2021,9,2
00-0036862,2021,18,1
00-0030578,2024,16,1
00-0034765,2020,4,2
00-0035726,2021,8,1
,2021,21,6
00-0036407,2024,18,2
00-0030288,2019,16,1
00-0040058,2025,10,1
00-0036620,2021,13,1
00-0038619,2025,5,1
00-0030564,2021,4,2
00-0033040,2021,5,2
00-0037840,2023,15,2
00-0035399,2019,14,1
00-0036970,2021,3,1
00-0032775,2022,9,1
00-0027696,2023,14,2
00-0036997,2021,4,1
00-0032211,2023,3,3
00-0035676,2019,4,1
00-0036196,2021,19,1
00-0038589,2024,10,1
00-0036912,2021,19,2
00-0040782,2025,5,2
00-0034775,2025,10,1
00-0039424,2024,13,2
00-0037291,2025,15,2
00-0035860,2023,2,1
00-0032104,2022,8,1
00-0038606,2025,16,2
00-0034253,2021,11,2
00-0038597,2025,8,1
00-0037112,2025,8,1
00-0038115,2022,5,1
00-0027944,2019,12,2
00-0034860,2024,15,1
00-0039868,2024,18,1
00-0037614,2025,13,1
00-0038976,2025,17,1
00-0039075,2025,18,3
00-0034777,2020,6,3
00-0031588,2022,8,1
00-0032135,2019,9,1
00-0036955,2023,8,1
00-0032128,2024,7,1
00-0025394,2019,6,1
00-0036876,2025,18,1
00-0033090,2021,10,2
00-0034348,2023,4,2
00-0036410,2021,7,2
00-0030506,2024,8,3
00-0037261,2023,17,1
00-0033553,2019,6,1
00-0031588,2022,15,1
00-0036040,2023,16,1
00-0033891,2023,1,2
00-0035957,2020,15,1
00-0038117,2023,9,1
00-0036554,2024,16,1
00-0033009,2022,18,2
00-0039849,2025,2,2
00-0039040,2023,4,2
00-0035250,2023,10,1
00-0031273,2021,2,1
00-0032775,2022,1,1
00-0036590,2022,5,1
00-0033387,2019,19,1
00-0031763,2022,5,1
00-0033555,2022,3,5
00-0029293,2019,13,2
00-0036628,2021,17,1
00-0037240,2025,16,2
00-0034827,2020,1,1
00-0033893,2021,4,1
00-0033881,2019,1,1
00-0037267,2025,7,1
00-0034844,2019,3,1
00-0027656,2020,10,1
00-0038041,2023,19,4
00-0036328,2023,10,1
00-0039355,2025,5,1
00-0037742,2023,2,1
00-0022921,2019,11,1
00-0036290,2023,14,1
00-0035535,2019,15,1
00-0028002,2023,18,1
00-0035700,2024,4,2
00-0030279,2023,7,1
00-0036754,2024,1,1
00-0040129,2025,13,1
00-0036410,2024,3,3
00-0035657,2021,8,1
00-0024389,2019,6,1
00-0027685,2020,18,1
00-0036427,2021,20,2
00-0033858,2025,18,1
00-0039890,2024,4,1
00-0038393,2023,1,1
00-0034407,2024,3,1
00-0027942,2021,17,1
00-0038134,2024,6,2
00-0035644,2022,13,2
00-0040126,2025,12,1
00-0026986,2019,2,1
00-0033921,2020,16,1
00-0034928,2019,15,1
00-0027061,2021,14,4
00-0034775,2022,7,1
00-0034960,2020,14,1
00-0028002,2023,5,1
00-0039067,2023,20,2
00-0039915,2025,5,2
00-0035689,2020,12,1
00-0038129,2023,16,1
00-0033857,2020,5,1
00-0033589,2020,13,1
00-0034827,2022,3,1
00-0030513,2023,2,1
00-0031549,2020,8,1
00-0026035,2019,14,2
00-0029608,2020,4,1
00-0030035,2021,16,1
00-0037740,2024,8,1
00-0036358,2023,16,2
00-0038597,2025,13,2
00-0034753,2019,7,2
00-0036913,2022,2,1
00-0036331,2021,15,2
00-0033594,2020,7,2
00-0030035,2020,14,1
00-0037809,2024,16,1
00-0039890,2024,6,1
00-0037666,2025,1,1
00-0030874,2019,6,1
00-0035535,2019,17,1
00-0033591,2020,4,1
00-0036252,2022,15,1
00-0027944,2019,15,4
00-0033881,2020,10,1
00-0033215,2021,16,1
00-0030279,2023,2,3
00-0034132,2020,15,1
00-0038994,2023,6,1
00-0036919,2021,2,1
00-0031687,2023,15,1
00-0033357,2020,15,1
00-0036876,2024,17,2
00-0036427,2025,17,1
00-0036900,2024,18,3
00-0035216,2022,5,3
00-0031588,2020,14,2
00-0031382,2019,2,1
00-0038544,2025,9,2
00-0036331,2021,5,1
00-0029239,2021,4,2
00-0032141,2021,9,1
00-0034159,2023,13,1
00-0034777,2019,11,1
00-0030279,2021,13,2
00-0033217,2025,18,1
00-0034383,2024,11,1
00-0038979,2023,17,3
00-0032986,2019,4,1
00-0022921,2019,5,1
00-0030506,2021,8,1
00-0034383,2023,1,1
00-0033897,2024,11,2
00-0033009,2019,13,1
00-0036450,2020,4,2
00-0035140,2021,16,2
00-0033943,2022,17,1
00-0038129,2022,16,3
00-0040715,2025,8,1
00-0024243,2022,13,1
00-0031381,2025,10,2
00-0038465,2024,19,1
00-0036841,2025,13,1
00-0038933,2023,2,2
00-0031544,2023,11,1
00-0036550,2024,5,1
00-0039491,2024,10,1
00-0036919,2024,14,1
00-0036387,2021,11,1
00-0036980,2021,10,2
00-0036613,2021,2,1
00-0033555,2019,7,1
00-0033090,2023,1,1
00-0031941,2019,6,2
00-0036358,2021,3,1
00-0032063,2020,7,1
00-0037228,2022,8,1
00-0031260,2023,8,1
00-0039793,2024,16,1
00-0039847,2025,5,4
00-0029000,2021,9,2
00-0029664,2019,5,1
00-0032688,2021,6,2
00-0035500,2022,17,3
00-0035229,2021,13,1
00-0033943,2022,16,1
00-0033040,2021,17,2
00-0031051,2020,20,2
00-0034764,2019,9,1
00-0035662,2021,13,2
00-0034115,2020,17,3
00-0036328,2021,3,1
00-0036427,2021,5,1
00-0036988,2023,16,1
00-0036970,2024,3,1
00-0033536,2024,8,1
00-0036427,2021,18,1
00-0040130,2025,7,1
00-0040189,2025,9,1
00-0033307,2022,12,1
00-0036290,2024,6,1
00-0025418,2020,1,1
00-0034772,2019,8,1
00-0034837,2023,16,3
00-0033871,2020,15,1
00-0035359,2025,13,1
00-0027656,2021,13,1
00-0034351,2020,12,3
00-0036887,2024,5,1
00-0031763,2022,19,1
00-0038544,2025,16,1
00-0027061,2020,13,1
00-0031558,2020,12,1
00-0027696,2021,15,1
00-0032392,2019,14,1
00-0033288,2019,2,1
00-0031285,2020,6,1
00-0038720,2024,2,2
00-0033040,2024,13,1
00-0033282,2025,5,1
00-0031610,2020,15,1
00-0035021,2025,8,1
00-0036322,2022,9,3
00-0032464,2019,9,1
00-0030035,2025,3,1
00-0034383,2025,7,1
00-0035250,2019,8,1
00-0035006,2019,10,1
00-0027150,2019,16,1
00-0032791,2021,2,1
00-0034829,2020,14,1
00-0028002,2020,10,2
00-0033251,2019,7,3
00-0038124,2022,1,1
00-0037197,2024,20,1
00-0037664,2022,3,1
00-0033932,2019,1,2
00-0039880,2025,5,2
00-0031595,2020,16,1
00-0038619,2024,13,1
00-0030506,2025,13,1
00-0033885,2023,12,1
00-0035640,2025,10,1
00-0033921,2025,17,1
00-0034860,2022,6,1
00-0031376,2022,21,1
00-0033536,2019,8,2
00-0036900,2021,8,4
00-0033879,2022,8,1
00-0033921,2023,8,1
00-0037838,2022,18,2
00-0033040,2020,20,2
00-0030279,2025,3,4
00-0036261,2023,2,2
00-0036613,2024,5,1
00-0033040,2019,20,3
00-0039146,2023,13,1
00-0035689,2024,21,1
00-0039792,2025,2,1
00-0034972,2022,5,1
00-0034753,2020,10,1
00-0033251,2021,18,1
00-0034272,2023,3,1
00-0038627,2023,7,1
00-0034830,2022,7,1
00-0037267,2025,14,1
00-0036913,2021,8,1
00-0033839,2019,17,3
00-0032897,2022,12,1
00-0031585,2021,5,1
00-0033307,2022,18,1
00-0038544,2024,10,1
00-0032977,2019,12,1
00-0037744,2025,1,1
00-0035662,2025,13,1
00-0032009,2021,6,1
00-0033856,2022,6,1
00-0039893,2024,13,1
00-0027942,2022,11,2
00-0038797,2025,4,1
00-0027656,2020,8,1
00-0038041,2025,7,3
00-0031595,2019,11,1
00-0033080,2019,9,1
00-0034837,2019,13,1
00-0035341,2022,18,1
00-0038994,2023,1,1
00-0032688,2021,18,1
00-0033921,2022,15,2
00-0030061,2020,5,1
00-0033090,2025,10,1
00-0038558,2025,4,1
00-0032602,2021,12,2
00-0033881,2019,4,1
00-0032392,2021,16,1
00-0036988,2022,1,1
00-0033611,2019,15,3
00-0033251,2022,3,1
00-0034383,2023,15,2
00-0034753,2022,12,3
00-0033908,2025,20,1
00-0036268,2020,4,1
00-0033757,2020,13,1
00-0033040,2020,9,3
00-0035535,2019,8,3
00-0036252,2021,2,3
00-0035640,2021,5,1
00-0036290,2022,17,1
00-0036415,2025,8,1
,2023,6,19
00-0028002,2023,3,1
00-0036988,2021,16,1
00-0039890,2024,5,1
00-0031428,2021,18,1
00-0035676,2025,12,2
00-0038933,2025,15,2
00-0034753,2024,16,2
00-0034317,2021,8,1
00-0034208,2019,17,1
00-0035640,2022,3,5
00-0036410,2020,15,2
00-0028237,2020,4,3
00-0031381,2022,3,5
00-0029632,2019,9,2
00-0036261,2023,17,2
00-0030431,2019,7,1
00-0036290,2022,8,2
00-0040194,2025,8,1
00-0035719,2019,11,1
00-0034753,2020,11,1
00-0036244,2022,17,3
00-0034272,2023,12,1
00-0029000,2019,14,2
00-0027902,2020,15,1
00-0035640,2020,4,1
00-0032980,2021,11,1
00-0031588,2019,4,1
00-0038720,2025,1,1
00-0032764,2025,14,1
00-0036271,2023,13,1
00-0032688,2021,15,1
00-0036232,2021,17,1
00-0038608,2025,21,1
00-0033387,2021,16,1
00-0036410,2022,3,1
00-0035700,2022,11,1
00-0036309,2021,9,1
00-0036980,2023,13,1
00-0037744,2024,9,2
00-0035341,2022,14,1
00-0039893,2024,1,1
00-0034829,2021,16,1
00-0033856,2021,1,1
00-0038115,2025,1,1
00-0027981,2020,3,1
00-0034353,2020,12,1
00-0036900,2023,2,4
00-0037248,2025,15,1
00-0030061,2025,11,1
00-0033376,2022,19,1
00-0033895,2021,18,1
00-0028074,2019,15,1
00-0039075,2025,2,1
00-0037801,2025,15,1
00-0027966,2020,2,2
00-0036358,2021,14,1
00-0033681,2019,13,1
00-0031544,2023,2,1
00-0033357,2023,7,1
00-0037256,2023,16,1
00-0035719,2019,16,3
00-0033090,2024,5,2
00-0037545,2025,7,1
00-0036970,2025,16,2
00-0036894,2024,10,2
00-0030035,2020,16,1
00-0031273,2019,6,1
00-0037256,2022,12,1
00-0034764,2022,18,1
00-0033908,2022,1,1
00-0032380,2022,12,1
00-0030506,2020,4,2
00-0032134,2020,1,1
,2023,8,16
00-0036980,2021,2,1
00-0032398,2021,8,1
00-0033893,2022,14,1
00-0036139,2025,6,1
00-0031051,2019,7,1
00-0035406,2023,2,1
00-0034830,2021,4,1
00-0037238,2023,2,2
00-0036252,2024,17,2
00-0036887,2025,4,1
00-0038544,2025,11,1
00-0037248,2022,3,2
00-0027061,2019,6,1
,2021,5,22
00-0033908,2025,18,1
00-0034928,2020,18,2
00-0034681,2021,17,1
00-0033858,2023,9,1
00-0036182,2024,8,2
00-0038558,2025,7,3
00-0038977,2024,6,1
00-0031547,2021,18,2
00-0030506,2019,15,1
00-0033292,2020,6,1
00-0034827,2021,12,1
00-0031382,2022,3,1
00-0030564,2024,17,1
00-0040122,2025,4,2
00-0038542,2025,16,2
00-0032464,2022,8,1
00-0036360,2020,9,1
00-0031941,2020,9,1
00-0034367,2020,18,1
00-0034798,2021,11,1
00-0034521,2021,4,1
00-0033879,2021,6,1
00-0038979,2024,7,2
00-0030155,2019,3,2
00-0034411,2019,10,1
00-0029000,2019,12,3
00-0033282,2020,14,3
00-0033375,2025,12,1
00-0031787,2019,8,1
00-0033280,2019,12,3
00-0031484,2025,18,1
00-0035208,2024,17,1
00-0036410,2023,16,1
00-0036912,2021,16,1
00-0033589,2019,6,1
00-0034827,2022,16,2
00-0033375,2024,6,1
00-0040737,2025,21,1
00-0032775,2020,5,1
00-0031549,2022,2,1
00-0038129,2025,7,1
00-0038794,2023,4,2
00-0034521,2024,3,1
00-0033217,2023,18,1
00-0034854,2021,3,1
00-0031236,2023,14,1
00-0027944,2020,6,4
00-0035287,2020,12,1
00-0036894,2023,1,3
00-0033955,2020,3,1
00-0034960,2020,8,1
00-0033288,2019,19,3
00-0029572,2019,10,1
00-0031382,2019,17,2
00-0033375,2020,9,2
00-0034830,2020,16,1
00-0032918,2020,17,1
00-0035593,2021,18,1
00-0031285,2019,6,2
00-0031585,2022,18,2
00-0038465,2023,3,1
00-0034348,2023,10,3
00-0039139,2024,6,1
00-0036345,2024,10,1
00-0033307,2024,11,1
00-0036555,2024,12,3
00-0033282,2021,5,1
00-0038809,2023,17,1
00-0034521,2025,8,1
00-0036247,2020,5,1
00-0035662,2021,2,3
00-0037525,2024,3,1
00-0033879,2019,12,1
00-0032765,2022,1,2
00-0038104,2022,17,2
00-0036550,2024,15,1
00-0040179,2025,2,1
00-0033387,2019,9,2
,2020,18,6
00-0039067,2023,4,3
00-0038933,2023,7,1
00-0040128,2025,6,3
00-0035208,2025,9,2
00-0030564,2021,5,2
00-0038563,2025,11,2
00-0034646,2020,16,1
00-0033871,2022,13,4
00-0034753,2025,12,1
00-0036913,2023,6,2
00-0035639,2022,2,1
00-0032398,2022,9,1
00-0040122,2025,14,1
00-0033757,2022,1,1
00-0038041,2023,3,1
00-0036275,2023,15,1
00-0036963,2025,15,7
00-0032208,2019,3,1
00-0030431,2023,5,1
00-0033955,2020,6,2
00-0035685,2019,7,1
00-0029892,2020,7,1
00-0034983,2022,2,2
00-0031408,2021,18,2
00-0030035,2021,9,3
00-0037239,2022,11,1
00-0032775,2024,20,1
00-0036290,2022,10,1
00-0036358,2022,11,1
00-0036251,2023,4,1
00-0033288,2024,17,1
00-0036407,2022,5,1
00-0033858,2020,2,2
00-0034286,2020,9,3
00-0032775,2020,21,1
00-0035562,2021,5,1
00-0033572,2022,19,1
00-0033090,2022,12,1
00-0033009,2021,8,2
00-0032940,2019,10,1
,2024,3,14
00-0033293,2021,7,1
00-0029608,2019,2,1
00-0030663,2019,5,2
00-0036261,2024,2,2
00-0033217,2024,18,1
00-0032104,2023,1,1
00-0039810,2024,10,2
00-0032211,2019,15,4
00-0038041,2024,18,1
00-0037291,2025,10,2
00-0034367,2019,10,2
00-0039146,2025,19,2
00-0038543,2025,20,2
00-0036036,2021,16,1
00-0034339,2019,8,1
00-0032392,2019,15,3
00-0036040,2021,17,2
00-0036900,2021,21,3
00-0038996,2023,4,1
00-0035535,2019,9,1
00-0032543,2019,10,1
00-0036196,2023,9,1
00-0037248,2023,20,2
00-0037291,2024,8,1
00-0031687,2025,16,1
00-0037228,2024,17,1
00-0027966,2019,12,1
00-0034411,2022,18,2
00-0034844,2022,17,1
00-0035659,2022,3,1
00-0040669,2025,16,4
00-0033858,2023,6,1
00-0028074,2019,20,1
00-0035250,2020,3,1
00-0034418,2021,3,1
00-0033307,2022,5,1
00-0037741,2025,6,1
00-0033757,2023,17,1
00-0035544,2021,16,1
00-0038996,2023,15,2
00-0036410,2024,11,3
00-0037157,2025,11,1
00-0033893,2019,10,1
00-0035342,2019,10,1
00-0030061,2025,10,1
00-0037247,2022,17,1
00-0040134,2025,4,1
00-0035671,2019,14,1
00-0039163,2024,9,1
00-0036259,2025,1,2
00-0029293,2022,12,1
00-0036219,2021,3,1
00-0035640,2021,11,2
00-0034383,2021,5,1
00-0034775,2021,1,1
00-0036232,2023,13,1
00-0035640,2021,10,1
00-0031376,2021,20,1
00-0028002,2019,15,1
00-0028237,2021,1,1
00-0038720,2023,3,1
,2022,10,18
00-0031610,2021,11,1
00-0037840,2023,3,4
00-0034054,2024,18,1
00-0030279,2021,8,2
00-0038129,2025,13,1
00-0035261,2023,19,2
,2021,11,16
00-0038041,2024,8,2
00-0036407,2022,14,3
00-0033110,2023,6,1
00-0036741,2021,8,1
00-0030404,2019,3,1
00-0034830,2019,9,1
00-0031408,2021,4,2
00-0024243,2021,16,1
00-0035640,2024,4,1
00-0033282,2022,16,1
00-0034827,2024,16,4
00-0039384,2025,17,2
00-0026035,2019,6,1
00-0036331,2021,4,1
00-0032355,2019,5,1
00-0034331,2019,5,1
00-0037816,2023,19,2
00-0039074,2024,10,1
00-0039890,2025,12,1
00-0036244,2024,15,1
00-0033280,2023,8,1
00-0033908,2023,17,1
00-0034351,2022,10,1
00-0036857,2022,13,1
00-0038559,2025,6,1
00-0036963,2025,17,1
00-0034272,2023,5,2
00-0034798,2023,12,1
00-0039356,2024,10,2
00-0032144,2021,17,1
00-0031588,2023,5,2
00-0033308,2021,12,1
00-0033858,2023,18,1
00-0037240,2025,10,1
00-0034364,2022,15,3
00-0036261,2020,13,2
00-0030279,2019,10,3
00-0031408,2021,11,2
00-0033090,2021,12,2
00-0036963,2023,20,4
00-0033009,2024,2,1
00-0034960,2025,5,2
00-0034960,2025,11,1
00-0030821,2019,14,1
00-0033923,2022,14,1
00-0040138,2025,7,1
00-0034798,2021,7,1
00-0035700,2025,9,1
00-0034827,2025,17,1
00-0033375,2021,5,2
00-0039075,2025,9,2
00-0035249,2025,14,2
00-0032543,2019,15,1
00-0036988,2021,17,3
00-0035249,2023,9,1
00-0034378,2020,1,2
00-0036165,2022,13,1
00-0033733,2019,12,1
00-0033857,2020,2,1
00-0037239,2025,15,1
00-0032009,2020,2,1
00-0031549,2019,2,2
00-0037256,2023,9,2
00-0030431,2020,11,1
00-0034827,2021,4,3
00-0035250,2021,6,2
00-0034753,2024,13,2
00-0036331,2024,15,1
00-0036259,2024,12,1
00-0039342,2025,1,1
00-0031687,2019,13,1
00-0034753,2020,9,1
00-0037112,2025,16,1
00-0033293,2022,11,1
00-0033045,2021,11,1
00-0030035,2023,13,1
00-0035250,2020,7,1
00-0036259,2021,12,2
00-0036407,2023,17,1
00-0036429,2023,14,1
00-0040130,2025,8,2
00-0036590,2023,11,1
00-0035644,2020,11,2
00-0039793,2024,4,1
00-0030061,2024,8,1
00-0039916,2025,3,1
00-0028002,2019,11,2
00-0034686,2019,4,2
00-0034838,2020,3,1
00-0029892,2021,12,1
00-0033576,2022,1,1
00-0036963,2022,15,2
00-0030061,2021,2,1
00-0032098,2019,11,1
00-0033757,2020,16,1
00-0029608,2021,12,2
00-0037005,2025,11,1
00-0030279,2021,1,4
00-0034753,2019,14,1
00-0039075,2023,6,2
00-0035659,2021,2,1
00-0038120,2024,10,1
00-0038129,2022,18,1
00-0034348,2025,11,2
00-0029419,2019,20,1
00-0033045,2020,1,1
00-0033293,2021,16,1
00-0037120,2024,6,1
00-0039064,2024,12,2
00-0035719,2023,2,1
00-0036410,2024,17,4
00-0033040,2021,15,4
00-0040236,2025,19,1
00-0033382,2019,7,1
00-0034646,2020,9,1
00-0033757,2021,3,1
00-0035659,2024,7,1
00-0037238,2024,17,1
00-0030404,2019,1,1
00-0036963,2022,5,1
00-0040124,2025,11,4
00-0033908,2019,4,1
00-0038797,2024,1,1
00-0035229,2025,13,1
00-0030506,2025,17,1
00-0031549,2020,12,1
00-0038976,2024,13,1
00-0039040,2024,13,1
00-0038544,2023,2,1
00-0033839,2020,3,1
00-0030279,2023,4,2
00-0036219,2022,7,2
00-0036997,2024,16,1
00-0036187,2021,3,1
00-0036970,2025,4,1
00-0034171,2022,11,1
00-0031325,2019,9,2
00-0034829,2022,6,4
00-0031408,2023,17,1
00-0033757,2022,13,1
00-0033536,2020,9,3
00-0036988,2024,6,1
00-0035659,2024,20,2
00-0038543,2025,3,2
00-0032211,2019,4,1
,2020,8,13
00-0033536,2021,15,4
00-0031408,2022,17,1
00-0031598,2019,13,1
00-0036259,2024,11,2
00-0033280,2024,13,2
00-0037741,2025,3,1
00-0030068,2022,14,1
00-0035311,2021,11,1
00-0032211,2019,3,3
00-0030155,2020,4,1
00-0036182,2021,12,1
00-0033591,2023,13,1
00-0037098,2025,18,1
00-0033908,2022,2,4
00-0031588,2021,20,2
00-0035771,2023,17,1
00-0032791,2021,13,1
00-0038705,2024,9,1
,2023,5,14
00-0036040,2022,4,1
00-0035250,2025,11,1
00-0039040,2025,11,2
00-0034844,2025,12,1
00-0036252,2020,14,2
00-0039066,2025,17,1
00-0033009,2021,17,1
00-0030181,2019,16,1
00-0037569,2023,1,1
00-0037746,2025,17,1
00-0032058,2021,13,2
00-0025396,2019,8,1
00-0039064,2023,1,4
00-0039920,2025,18,1
00-0034521,2022,6,1
00-0037545,2023,1,2
00-0036963,2022,12,1
00-0039050,2023,12,1
00-0037746,2025,6,1
00-0032940,2020,7,1
00-0033045,2022,13,1
00-0038090,2022,22,1
00-0036527,2024,7,1
00-0036410,2024,5,2
00-0037239,2025,6,2
00-0037744,2025,11,3
00-0035660,2020,13,1
00-0030061,2020,1,1
00-0036407,2023,3,1
00-0037664,2025,1,1
00-0033251,2020,4,2
00-0036427,2021,4,1
00-0035644,2024,13,1
00-0034383,2025,10,1
00-0031260,2020,12,4
00-0030549,2019,8,2
00-0036963,2024,2,2
00-0036358,2024,6,3
00-0036415,2024,8,1
00-0031484,2023,3,1
00-0037614,2025,16,1
00-0034830,2020,2,1
00-0035215,2021,9,2
00-0032009,2020,3,1
00-0036158,2020,11,1
00-0033555,2023,2,1
00-0033943,2023,7,1
00-0036410,2023,9,2
00-0039361,2024,5,1
00-0036410,2025,5,1
00-0025418,2019,2,1
00-0032187,2019,3,2
00-0036290,2020,14,1
00-0032741,2021,15,1
00-0038608,2024,8,2
00-0031484,2024,9,1
00-0034777,2019,4,1
00-0035659,2023,13,1
00-0035350,2020,2,2
00-0039040,2024,14,2
00-0040128,2025,2,1
00-0033908,2025,21,1
00-0034270,2024,5,1
00-0037666,2024,14,1
00-0038996,2024,14,2
00-0033040,2025,3,2
00-0037261,2025,8,1
00-0035662,2021,9,1
00-0031062,2021,2,1
00-0032128,2019,7,2
00-0031610,2022,2,2
00-0030279,2020,14,3
00-0038618,2024,18,1
00-0033466,2021,6,1
00-0031428,2019,1,1
00-0036358,2022,13,3
00-0036196,2021,12,1
00-0034837,2020,12,4
00-0037816,2023,16,1
00-0034960,2025,13,1
00-0037744,2025,13,1
00-0031387,2020,12,3
00-0035831,2021,6,1
00-0031744,2019,14,1
00-0034799,2019,13,1
00-0035250,2022,2,2
00-0033288,2022,16,2
00-0030431,2023,2,3
00-0037263,2023,4,1
00-0037801,2024,17,1
00-0035297,2019,17,2
00-0033923,2025,8,1
00-0028112,2019,2,1
00-0039915,2024,4,1
00-0031941,2020,1,1
00-0031544,2022,3,2
00-0036613,2022,15,1
00-0036251,2023,2,1
00-0035208,2025,7,2
00-0038476,2023,9,1
00-0038124,2023,10,3
00-0027029,2019,4,2
00-0035719,2022,20,1
00-0033881,2024,13,3
,2025,1,19
00-0034419,2025,8,1
00-0034676,2020,3,1
00-0036875,2023,8,1
00-0035719,2019,20,1
00-0029000,2020,7,1
00-0034970,2019,10,2
00-0035216,2023,9,1
00-0027061,2021,2,1
00-0037664,2024,2,1
00-0033699,2024,19,2
00-0033555,2022,17,1
00-0036360,2022,5,2
00-0032688,2020,17,2
00-0033891,2022,15,3
00-0033293,2021,20,2
00-0036407,2022,16,1
00-0033357,2019,10,1
00-0035140,2019,19,1
00-0032977,2021,4,1
00-0031408,2023,16,1
00-0033526,2025,5,1
00-0034983,2025,3,1
00-0035719,2019,8,2
00-0037838,2025,8,1
00-0036919,2025,12,1
00-0033658,2019,7,1
00-0037005,2022,1,1
00-0029293,2021,8,1
00-0036862,2022,10,1
00-0034844,2024,17,1
00-0036223,2020,18,2
00-0034349,2020,6,1
00-0039894,2024,5,1
00-0034270,2023,16,2
00-0039065,2024,10,2
00-0037261,2025,13,1
00-0037238,2025,6,2
00-0034777,2022,2,1
00-0033288,2020,1,1
00-0037228,2022,15,1
00-0036040,2023,9,3
00-0033881,2023,17,1
00-0030578,2019,9,1
00-0039384,2024,16,1
00-0034272,2022,21,1
00-0039065,2024,8,4
00-0034830,2020,8,1
00-0029239,2021,7,3
00-0039041,2024,8,1
00-0033536,2022,6,2
00-0037304,2023,1,1
00-0036997,2023,10,2
00-0037666,2023,10,2
00-0036407,2021,10,1
00-0039491,2024,18,1
00-0034753,2024,8,2
00-0033040,2024,15,1
00-0033908,2025,15,2
00-0035140,2022,7,1
00-0038994,2025,13,1
00-0033881,2020,15,2
00-0032918,2021,16,1
00-0036328,2021,18,1
00-0037240,2025,11,1
00-0034521,2019,17,1
00-0032392,2021,8,2
00-0036894,2021,12,1
00-0035644,2022,1,1
00-0038738,2025,18,1
00-0033906,2022,12,1
00-0034960,2024,16,1
00-0030061,2023,4,3
00-0039146,2024,3,1
00-0035006,2019,11,1
00-0036247,2021,11,1
00-0034827,2023,17,2
00-0033217,2024,11,1
00-0036973,2024,15,1
00-0029608,2020,1,1
00-0033885,2020,14,1
00-0031595,2023,16,1
00-0035645,2025,10,2
00-0039074,2024,9,3
00-0033217,2020,18,2
00-0035676,2019,14,1
00-0036223,2021,1,1
00-0030513,2023,20,1
00-0033376,2023,17,1
00-0036963,2024,11,2
00-0033040,2020,12,1
00-0036133,2021,15,1
00-0036894,2024,17,2
00-0040184,2025,6,1
00-0030663,2019,14,1
00-0029632,2019,15,1
00-0030506,2022,18,2
00-0035208,2021,15,1
00-0034272,2021,2,1
00-0040729,2025,14,2
00-0039064,2025,12,1
00-0031763,2023,5,1
00-0031260,2019,9,2
00-0037741,2022,16,2
00-0038124,2024,6,1
00-0031588,2021,11,2
00-0035664,2021,2,1
00-0036252,2021,13,1
00-0033357,2019,15,1
00-0027944,2021,2,1
00-0034272,2024,10,1
00-0036252,2024,11,1
00-0033375,2024,14,2
00-0033526,2024,9,1
00-0033839,2019,13,4
00-0034364,2021,1,2
00-0036020,2023,6,1
00-0027685,2019,13,1
00-0036936,2021,9,2
00-0033856,2020,15,1
00-0033307,2020,8,3
00-0036158,2020,19,1
00-0025396,2019,7,1
00-0022921,2019,15,1
00-0037664,2022,18,1
00-0036360,2021,1,1
00-0033217,2023,15,3
00-0032104,2023,18,1
00-0037261,2024,15,1
00-0030513,2021,15,2
00-0039065,2024,18,1
00-0038129,2024,9,2
00-0031235,2021,22,1
00-0036261,2022,17,3
00-0038542,2024,6,1
00-0039356,2025,3,1
00-0033857,2025,15,1
00-0031588,2025,17,1
00-0039391,2025,6,2
00-0033293,2019,7,2
00-0034827,2023,5,2
00-0033280,2025,2,2
00-0027685,2021,4,1
00-0027696,2020,5,2
00-0040563,2025,17,1
00-0027939,2020,17,1
00-0035535,2021,1,1
00-0036142,2020,14,1
00-0033308,2021,10,2
00-0031236,2020,11,2
00-0030431,2020,4,1
00-0031387,2020,11,1
00-0033282,2022,6,4
00-0033110,2022,13,2
00-0035602,2024,6,1
00-0031549,2019,11,1
00-0036259,2023,22,1
00-0039342,2024,13,2
00-0034983,2019,9,2
00-0031585,2022,12,1
00-0036637,2025,1,1
00-0036900,2021,9,2
00-0036345,2022,8,1
,2025,9,19
00-0033908,2023,7,1
00-0036261,2024,1,2
00-0038129,2024,7,1
00-0034775,2020,10,1
00-0031595,2024,11,1
00-0036182,2022,2,1
00-0033733,2020,6,1
00-0033307,2020,1,1
00-0037740,2023,1,1
00-0033555,2022,15,1
00-0034975,2023,17,1
00-0032741,2021,13,1
00-0036912,2025,8,1
00-0031951,2020,2,1
00-0032775,2025,9,1
00-0033293,2019,6,1
00-0033553,2022,3,1
00-0034854,2020,17,2
00-0033040,2021,20,1
00-0037744,2023,15,1
00-0037248,2023,15,2
00-0035140,2022,9,4
00-0035644,2019,15,1
00-0033699,2024,8,1
00-0034960,2021,16,2
00-0030549,2019,3,1
00-0040735,2025,2,1
00-0030181,2021,12,1
00-0029293,2021,5,2
00-0033885,2021,1,1
00-0036438,2021,16,1
00-0033307,2023,6,2
00-0036613,2025,4,2
00-0035659,2022,18,3
00-0039794,2024,2,1
00-0031558,2019,14,1
00-0033045,2020,13,1
00-0036182,2021,3,2
00-0038976,2025,18,1
00-0031325,2022,1,1
00-0031381,2019,4,4
00-0032214,2021,8,1
00-0032144,2021,10,1
00-0034753,2020,5,2
00-0037838,2022,1,1
00-0036900,2023,14,1
00-0036959,2022,9,1
00-0035500,2021,17,1
00-0036550,2023,5,1
00-0031376,2023,3,2
00-0039067,2023,9,1
00-0037740,2025,1,1
00-0037816,2022,16,1
00-0033879,2020,1,2
00-0030085,2019,15,2
00-0036613,2021,13,1
00-0034440,2022,16,1
00-0034777,2019,2,2
00-0036261,2022,10,1
00-0036988,2024,4,1
00-0029892,2021,14,1
00-0034753,2023,9,2
00-0040138,2025,13,1
00-0034301,2020,5,2
00-0027942,2021,4,1
00-0031408,2019,5,1
00-0031428,2023,4,1
00-0033923,2020,3,1
00-0029892,2025,2,1
00-0039052,2023,4,2
00-0033858,2024,11,2
00-0034837,2019,12,2
00-0031598,2019,3,2
00-0022127,2019,10,1
00-0038996,2025,2,2
00-0034613,2020,21,1
00-0036322,2023,4,1
00-0032135,2020,6,1
00-0036936,2023,16,1
00-0033885,2024,13,4
00-0033555,2019,5,1
00-0030669,2019,16,1
00-0033681,2020,16,1
00-0031549,2023,16,2
00-0034972,2024,18,1
00-0038994,2025,14,1
00-0030564,2023,8,1
00-0033090,2023,15,1
00-0036950,2022,9,1
00-0030513,2019,10,1
00-0036182,2021,8,1
00-0036414,2022,14,1
00-0040218,2025,5,1
00-0033009,2024,7,2
00-0036894,2025,12,1
00-0036424,2023,4,1
00-0033251,2020,1,1
00-0033040,2022,19,2
00-0036259,2024,17,1
00-0034983,2023,7,1
00-0033908,2023,8,2
00-0033699,2021,2,1
00-0035689,2022,4,1
00-0036386,2021,11,1
00-0039065,2023,19,2
00-0034970,2022,3,1
00-0033943,2022,8,1
00-0036251,2023,14,1
00-0032211,2019,7,3
00-0036358,2021,5,1
00-0038997,2024,5,2
00-0035676,2024,16,3
00-0031236,2019,2,1
00-0037277,2022,9,1
00-0033925,2021,14,1
00-0037816,2022,8,1
00-0036988,2022,18,1
00-0031687,2022,17,1
00-0029293,2019,6,1
00-0038120,2023,16,2
00-0037805,2025,11,1
00-0038129,2025,18,2
00-0038563,2024,17,1
00-0033293,2019,20,2
00-0032688,2020,15,1
00-0034487,2022,8,1
00-0035329,2020,4,1
00-0037816,2024,6,2
00-0035510,2020,5,2
00-0034521,2020,19,3
00-0036894,2022,10,1
00-0034272,2022,12,1
00-0033943,2020,7,1
00-0037261,2024,11,2
00-0037247,2023,4,1
00-0031941,2021,5,2
00-0031236,2022,16,1
00-0034169,2020,2,1
00-0034364,2021,9,1
00-0036252,2024,13,2
00-0033536,2021,3,4
00-0033280,2019,14,2
00-0032009,2021,15,1
00-0036345,2021,16,3
00-0030404,2019,14,1
00-0034829,2020,16,1
00-0033906,2022,13,2
00-0030506,2023,3,2
00-0034829,2023,6,1
00-0036997,2023,16,1
00-0033857,2019,3,1
00-0034378,2020,12,3
00-0039342,2024,3,2
00-0036555,2024,16,1
00-0039794,2025,2,1
00-0036407,2025,6,3
00-0036407,2022,4,2
00-0036322,2024,1,1
00-0034272,2022,13,1
00-0033251,2019,13,1
00-0031382,2019,4,1
00-0035685,2021,2,1
00-0033699,2020,2,1
00-0034366,2020,17,3
00-0032392,2025,7,1
00-0035535,2019,10,1
00-0034419,2020,2,1
00-0033251,2020,15,2
00-0034753,2023,5,2
00-0033455,2025,16,1
00-0035662,2023,8,3
00-0038563,2023,15,1
00-0034366,2020,13,1
00-0034351,2022,3,1
00-0034521,2024,18,1
00-0035537,2025,2,1
00-0033881,2020,9,1
00-0022127,2020,16,3
00-0038938,2025,11,1
00-0034383,2022,4,1
00-0032392,2019,3,3
00-0037840,2024,4,1
00-0037742,2025,16,1
00-0030506,2022,3,5
00-0034365,2022,12,1
00-0034798,2023,4,1
00-0032602,2022,7,1
00-0039144,2024,17,1
00-0034109,2019,14,1
00-0039074,2025,16,1
00-0034681,2019,2,1
00-0036032,2023,8,1
00-0035298,2022,7,1
00-0027696,2019,10,1
00-0032211,2020,11,1
00-0038597,2025,9,1
00-0033040,2020,13,3
00-0035640,2021,1,1
00-0030035,2022,6,2
00-0038544,2023,4,1
00-0039868,2024,9,1
00-0036924,2025,14,2
00-0035208,2021,10,1
00-0032355,2021,20,1
00-0035500,2022,11,1
00-0037247,2025,18,2
00-0035229,2022,3,1
00-0030108,2022,16,1
00-0036999,2021,16,1
00-0027061,2021,1,2
00-0033118,2020,6,1
00-0037247,2025,14,2
00-0033757,2021,4,1
00-0033110,2022,1,1
00-0036414,2021,18,1
00-0032187,2019,16,1
00-0033871,2022,3,1
00-0036422,2022,4,1
00-0037238,2024,5,1
00-0032725,2021,1,1
00-0035662,2023,12,1
00-0031595,2024,16,1
00-0030035,2022,9,1
00-0035676,2022,16,1
00-0034753,2019,16,1
00-0034845,2019,7,1
00-0034011,2020,4,1
00-0031408,2020,4,1
00-0039894,2024,10,1
00-0027966,2021,10,3
00-0039067,2023,8,1
00-0039139,2024,2,4
00-0037247,2025,6,1
00-0036309,2024,5,1
00-0040238,2025,15,1
00-0036277,2021,2,1
00-0036196,2021,20,2
00-0038619,2024,17,1
00-0039894,2024,17,2
00-0040124,2025,9,1
00-0033906,2022,6,4
00-0031235,2020,4,1
00-0030035,2022,2,2
00-0036358,2023,10,4
00-0033885,2025,8,1
00-0036900,2022,14,3
00-0035640,2022,19,3
00-0037741,2022,10,1
00-0033908,2023,13,1
00-0033536,2020,12,1
00-0036988,2022,2,2
00-0035243,2019,13,1
00-0038979,2025,10,1
00-0036422,2023,15,1
00-0035645,2022,11,1
00-0034753,2024,10,1
00-0035806,2024,7,1
00-0039880,2025,17,1
00-0033217,2022,18,1
00-0036422,2023,16,1
00-0036360,2021,20,1
00-0031285,2020,4,2
00-0039849,2024,18,3
00-0033025,2021,7,2
00-0036244,2025,9,1
00-0030710,2020,10,1
00-0033881,2024,8,1
00-0030470,2019,11,1
00-0032775,2025,5,1
00-0037805,2023,4,1
00-0031544,2021,17,2
00-0036145,2022,19,1
00-0033466,2019,7,1
00-0036290,2020,1,1
00-0038752,2023,3,2
00-0032098,2019,17,1
00-0027944,2021,15,1
00-0032765,2019,3,1
00-0039074,2023,12,1
00-0034981,2024,9,2
00-0037816,2025,13,3
00-0037837,2023,19,1
00-0036407,2020,11,1
00-0035350,2021,7,1
00-0031062,2019,1,1
00-0028097,2020,16,1
00-0031273,2021,12,2
00-0034981,2019,5,2
00-0034171,2021,15,1
00-0036040,2023,2,1
00-0032741,2019,11,1
00-0033857,2024,1,1
00-0034764,2020,14,1
00-0031549,2020,10,1
00-0032385,2020,17,1
00-0033871,2022,6,1
00-0036309,2025,2,2
00-0039919,2025,11,1
00-0032688,2020,3,1
00-0036637,2024,1,1
00-0037091,2023,20,1
00-0037086,2024,14,1
00-0034348,2024,9,2
00-0035208,2024,10,1
00-0036252,2024,2,1
00-0036900,2025,17,2
00-0037331,2022,1,1
00-0027061,2019,11,1
00-0036358,2020,9,1
00-0035125,2023,1,1
00-0037816,2025,16,2
,2025,20,4
00-0033110,2019,1,2
00-0032728,2019,12,2
00-0036912,2021,17,1
00-0027966,2022,12,1
00-0033009,2020,14,3
00-0032392,2024,18,1
00-0036261,2020,7,1
00-0036387,2021,7,1
00-0034418,2021,18,1
00-0034383,2022,7,1
00-0034270,2024,3,1
00-0034348,2025,13,2
00-0035639,2019,9,1
00-0033280,2020,9,1
00-0033293,2021,17,2
00-0035676,2025,17,1
00-0033885,2022,5,1
00-0034401,2021,8,1
00-0038997,2023,6,4
00-0034838,2019,2,1
00-0030710,2020,5,1
00-0032626,2019,8,1
00-0031428,2021,1,2
00-0036626,2023,13,1
00-0039919,2024,9,1
00-0034351,2023,3,1
00-0034383,2025,15,2
00-0034351,2025,19,2
00-0032063,2021,4,1
00-0034349,2019,6,1
00-0035640,2020,18,1
00-0033879,2019,1,1
00-0035639,2019,14,1
00-0033857,2020,3,1
00-0032128,2021,11,1
00-0033891,2022,13,2
00-0034829,2024,8,1
00-0030506,2020,21,2
00-0036309,2025,14,1
00-0033526,2022,13,1
00-0034440,2022,11,1
00-0039032,2024,15,1
00-0033009,2021,4,1
00-0033118,2019,4,1
00-0032602,2020,10,3
00-0036626,2024,10,1
00-0038115,2025,17,1
00-0039064,2023,9,1
00-0036550,2023,15,1
00-0030279,2021,9,2
00-0030564,2024,10,1
00-0036251,2021,4,1
00-0039410,2025,11,1
00-0034348,2024,12,2
00-0031610,2025,15,3
00-0033009,2023,6,1
00-0031381,2020,20,8
00-0033246,2023,8,1
00-0038393,2025,13,1
00-0035689,2022,9,1
00-0032134,2021,20,1
00-0033090,2019,6,3
00-0034272,2020,14,1
00-0036924,2022,18,1
00-0033375,2020,13,3
00-0033891,2023,14,1
00-0035229,2022,15,1
00-0036427,2024,2,2
00-0033251,2020,16,1
00-0036900,2025,2,3
00-0036637,2021,16,1
00-0033858,2020,10,3
00-0033280,2025,18,1
00-0033923,2020,7,1
00-0036414,2024,3,1
00-0031598,2019,6,1
00-0035216,2020,12,1
00-0029293,2023,4,1
00-0033555,2025,9,1
00-0036244,2025,14,3
00-0034829,2024,10,2
00-0033858,2024,17,1
00-0037348,2025,8,1
00-0035356,2021,18,1
00-0031376,2022,2,1
00-0027696,2019,4,4
00-0033307,2020,17,2
00-0036936,2023,18,2
00-0038129,2023,20,1
00-0031547,2020,14,1
00-0032211,2020,3,3
00-0036857,2021,18,2
00-0033757,2022,5,1
00-0033891,2025,6,1
00-0036427,2023,18,1
00-0032543,2019,7,2
00-0037239,2023,7,3
00-0033895,2020,11,1
00-0036290,2023,8,1
00-0034353,2020,1,1
00-0032187,2020,2,1
00-0031382,2020,4,1
00-0030472,2020,13,1
00-0036410,2021,21,1
00-0031690,2022,18,1
00-0040669,2025,1,1
00-0039064,2025,5,1
00-0034286,2022,16,1
00-0030506,2020,11,1
00-0028002,2021,10,1
00-0033009,2020,2,2
00-0032764,2024,5,1
00-0030431,2023,6,1
00-0032404,2020,3,1
00-0034681,2020,4,2
00-0035662,2025,1,3
00-0040737,2025,13,1
00-0027061,2020,5,1
00-0034960,2021,5,1
00-0032980,2021,10,1
00-0031806,2020,1,1
00-0035689,2020,18,1
00-0034297,2021,15,2
00-0034753,2021,6,1
00-0036900,2022,18,2
00-0034521,2022,18,1
00-0031588,2022,18,1
00-0035208,2023,6,1
00-0036613,2023,8,1
00-0032208,2022,17,1
00-0036290,2024,8,1
00-0035261,2019,2,1
00-0036973,2024,13,1
00-0039847,2025,4,1
00-0031382,2019,9,3
00-0027942,2021,15,3
00-0036919,2021,19,1
00-0032211,2023,6,2
00-0030155,2019,6,1
00-0040730,2025,11,1
00-0039410,2025,16,1
00-0035250,2023,12,1
00-0036322,2021,16,1
00-0040122,2025,11,1
,2022,7,6
00-0030470,2020,18,1
00-0037248,2022,9,1
00-0031570,2019,7,1
00-0033906,2020,1,2
00-0033288,2023,1,1
00-0036407,2023,14,1
00-0038996,2023,20,2
00-0033923,2024,4,1
00-0027150,2019,11,1
00-0036893,2022,11,1
00-0034830,2021,5,1
00-0036360,2020,8,1
00-0035719,2023,10,1
00-0034764,2020,13,2
00-0035624,2019,14,1
00-0033217,2020,10,1
00-0037838,2022,11,1
00-0033127,2020,6,2
00-0037306,2025,3,1
00-0036407,2023,11,2
00-0027685,2019,8,1
00-0037085,2025,7,1
00-0035639,2023,4,1
00-0031558,2019,6,1
00-0033110,2025,9,2
00-0035719,2022,11,1
00-0034364,2019,2,1
00-0030431,2020,13,1
00-0032626,2019,5,2
00-0036265,2020,16,1
00-0036020,2021,12,1
00-0039146,2023,2,3
00-0029892,2022,13,1
00-0033045,2020,4,1
00-0034383,2021,4,3
00-0031941,2020,13,3
00-0035719,2019,19,1
00-0036628,2023,2,1
00-0034827,2023,7,2
00-0033526,2022,14,2
00-0032141,2019,1,1
00-0034799,2020,9,1
00-0035268,2019,4,1
00-0036912,2021,1,1
00-0033856,2021,7,3
00-0034286,2020,17,1
00-0033118,2022,13,1
00-0039424,2024,16,1
00-0034829,2024,18,1
00-0037525,2024,6,1
00-0036754,2023,5,1
00-0035643,2025,15,1
00-0034272,2022,6,1
00-0031235,2023,16,2
00-0036894,2021,10,3
00-0034386,2024,13,1
00-0033455,2021,17,2
00-0027944,2021,7,2
00-0035342,2021,11,1
00-0030061,2022,7,2
00-0027985,2019,10,1
00-0030300,2019,6,3
00-0032626,2019,2,1
00-0033921,2019,5,1
00-0027685,2021,3,2
00-0034798,2023,8,1
00-0036259,2023,13,1
00-0039338,2024,14,1
00-0036182,2023,2,1
00-0033367,2019,9,2
00-0036556,2021,9,1
00-0022127,2020,11,1
00-0035215,2021,18,1
00-0036590,2024,9,1
00-0038558,2024,11,1
00-0037837,2025,18,1
00-0035329,2023,6,1
00-0036628,2021,16,1
00-0037816,2025,1,2
00-0031941,2019,10,2
00-0034775,2022,4,1
00-0027981,2021,7,2
00-0035676,2021,8,1
00-0036613,2022,9,1
00-0033932,2020,3,2
00-0037746,2023,11,1
00-0028112,2019,14,1
00-0029293,2021,11,1
00-0033591,2023,16,1
00-0030431,2022,5,1
00-0037247,2025,2,4
00-0036040,2024,11,1
00-0035689,2025,10,1
00-0038752,2025,21,2
00-0038976,2024,11,1
00-0039064,2023,12,1
00-0033932,2021,14,1
00-0038606,2024,15,1
00-0034753,2025,3,1
00-0030564,2020,2,3
00-0036345,2022,3,1
00-0035676,2024,10,1
00-0038794,2024,19,1
00-0035659,2020,9,1
00-0030431,2020,14,1
00-0035592,2020,4,1
00-0031260,2020,10,1
00-0033556,2020,3,1
00-0038124,2022,13,1
00-0036534,2022,16,3
00-0031235,2023,2,1
00-0031325,2021,3,2
00-0036640,2024,13,1
00-0036358,2021,2,1
00-0035329,2021,1,1
00-0033885,2022,14,3
00-0034827,2021,5,1
00-0033699,2021,12,2
00-0034827,2022,6,1
00-0035624,2020,4,2
00-0038543,2023,2,1
00-0036637,2024,12,1
00-0032104,2020,17,1
00-0035831,2022,7,1
00-0033591,2022,15,3
00-0033217,2025,2,1
00-0036550,2025,14,2
00-0040126,2025,16,2
00-0033282,2024,11,2
00-0029892,2021,11,1
00-0036900,2022,3,2
00-0036328,2022,8,1
00-0035120,2023,18,1
00-0038124,2022,16,3
00-0039337,2024,3,2
00-0037291,2022,17,1
00-0034827,2024,11,1
00-0033871,2019,7,1
00-0038393,2023,14,1
00-0033307,2020,14,1
,2023,16,18
00-0039901,2025,14,1
00-0040730,2025,14,2
00-0036275,2022,16,2
00-0031381,2025,4,2
00-0031273,2021,10,1
00-0034975,2024,19,1
00-0031598,2021,17,1
00-0033536,2020,10,1
00-0035537,2021,14,1
00-0034367,2022,7,2
00-0038544,2023,8,2
00-0034270,2024,8,1
00-0034983,2019,16,1
00-0034351,2020,1,1
00-0036407,2020,17,1
00-0035261,2022,4,1
00-0037078,2023,3,3
00-0038976,2024,18,1
00-0032602,2020,1,2
00-0036556,2022,7,2
00-0036252,2024,5,2
00-0034753,2023,4,2
00-0037238,2023,3,2
00-0036876,2021,13,2
00-0034764,2022,4,1
00-0036493,2022,6,1
00-0033908,2025,13,1
00-0033282,2023,12,1
00-0033288,2021,12,1
00-0034775,2019,1,2
00-0033045,2019,10,1
00-0034799,2019,10,1
00-0030669,2019,13,2
00-0032602,2020,16,1
00-0033885,2024,11,1
00-0033908,2021,4,2
00-0039361,2024,17,1
00-0031588,2023,8,2
00-0036554,2024,19,1
00-0036410,2021,16,3
00-0037263,2023,7,1
00-0031376,2020,8,2
00-0036626,2025,5,2
00-0026035,2019,10,1
00-0036322,2020,15,2
00-0031381,2025,2,5
00-0038393,2025,3,1
00-0036275,2023,4,1
00-0030506,2020,2,1
00-0034983,2021,17,2
00-0034578,2021,16,1
00-0032211,2021,5,1
00-0031941,2021,13,2
00-0036410,2022,16,3
00-0040170,2025,9,1
00-0033591,2023,17,1
00-0034857,2019,18,1
00-0033045,2019,6,2
00-0036387,2020,12,1
00-0033921,2022,4,1
00-0039893,2024,4,1
00-0030506,2023,7,1
00-0036358,2024,14,2
00-0036290,2020,18,1
00-0036219,2021,18,1
00-0034270,2022,8,2
00-0039793,2024,18,2
00-0033009,2023,14,2
00-0033246,2020,7,1
00-0038090,2022,12,1
00-0031585,2020,8,1
00-0036040,2022,11,1
00-0033111,2019,11,2
00-0033375,2024,12,1
00-0036988,2025,1,2
00-0034816,2020,4,1
00-0040122,2025,2,2
00-0030155,2020,1,1
00-0033895,2019,7,2
00-0035126,2021,16,2
00-0035662,2019,10,1
00-0038589,2023,10,2
00-0038994,2025,5,2
00-0031610,2020,17,2
00-0038393,2024,14,2
00-0038794,2023,15,2
00-0036963,2025,12,2
00-0030710,2020,6,1
00-0039165,2023,4,1
00-0033943,2024,5,1
00-0035689,2019,3,1
00-0031382,2022,4,1
00-0030874,2019,7,1
00-0034837,2020,2,3
00-0039847,2025,16,1
00-0034764,2019,2,1
00-0035243,2019,9,1
00-0031687,2023,6,1
00-0035644,2025,17,1
00-0029664,2021,8,1
00-0035261,2023,1,1
00-0032009,2021,16,1
00-0027696,2023,13,1
00-0035215,2020,7,1
00-0031382,2022,11,3
00-0036555,2023,5,1
00-0031325,2019,4,2
00-0032211,2025,17,1
00-0030035,2020,13,1
00-0039901,2025,6,1
00-0032385,2019,5,1
00-0038589,2023,9,1
00-0037240,2024,20,1
00-0033217,2024,5,3
00-0036980,2023,17,2
00-0027793,2021,5,1
00-0033280,2023,3,1
00-0034420,2019,17,1
00-0039075,2024,13,2
00-0038597,2025,16,2
00-0033948,2022,1,1
00-0036275,2022,15,3
00-0035125,2024,3,1
00-0033376,2024,18,1
00-0032104,2024,5,1
00-0031549,2021,1,1
00-0036427,2024,1,1
00-0032063,2021,14,1
00-0033455,2021,18,1
00-0034686,2020,11,1
00-0033591,2024,9,1
00-0031941,2021,9,1
00-0039875,2024,15,1
00-0033921,2022,6,2
00-0037240,2023,21,1
00-0034270,2024,7,1
00-0034159,2019,4,2
00-0031381,2024,14,2
00-0039075,2024,20,2
00-0030578,2022,18,1
00-0034750,2019,13,2
00-0037838,2023,9,2
00-0032211,2023,18,2
00-0036924,2023,12,1
00-0035229,2019,1,1
00-0038597,2025,1,1
00-0038117,2024,8,1
00-0034827,2025,3,1
00-0038041,2025,6,3
00-0037157,2025,7,1
00-0034358,2019,13,1
00-0037239,2025,1,1
00-0040663,2025,15,2
00-0031235,2023,5,2
00-0036219,2022,3,1
00-0034351,2021,1,3
00-0031382,2021,14,1
00-0035689,2021,5,1
00-0039338,2024,6,1
00-0030968,2023,7,1
00-0038393,2024,13,1
00-0022127,2019,12,1
00-0027061,2020,9,2
00-0037801,2023,4,1
00-0039040,2024,1,2
00-0037801,2024,3,1
00-0030506,2025,3,1
00-0033921,2023,16,2
,2023,12,17
00-0033858,2019,6,1
00-0032392,2019,7,1
00-0027696,2021,1,1
00-0036407,2024,12,1
00-0032257,2019,6,2
00-0033106,2024,4,1
00-0037005,2024,12,2
00-0030279,2020,2,1
00-0034418,2024,7,1
00-0039338,2025,4,1
00-0038935,2023,6,2
00-0033908,2024,20,2
00-0034753,2019,1,1
00-0039356,2025,2,4
00-0033908,2019,6,1
00-0034109,2020,1,1
00-0033375,2021,10,2
00-0034521,2021,16,2
00-0036894,2022,11,1
00-0039074,2025,2,1
00-0039075,2025,13,2
00-0036410,2020,16,1
00-0036741,2022,3,1
00-0031934,2019,4,1
00-0034827,2024,18,1
00-0040705,2025,3,2
00-0036275,2020,4,2
00-0035126,2021,15,2
00-0038542,2025,4,2
00-0036261,2022,20,1
00-0030035,2025,17,1
00-0033536,2022,5,1
00-0039075,2025,16,2
00-0036963,2025,4,2
00-0035216,2019,5,1
,2023,1,18
00-0031325,2020,4,1
00-0035659,2019,14,1
00-0036613,2021,18,1
00-0035662,2023,3,2
00-0038608,2024,13,2
00-0036275,2020,1,1
00-0034981,2024,1,1
00-0036173,2021,3,1
00-0028087,2020,8,3
00-0033293,2021,4,1
00-0033282,2019,17,2
00-0038117,2023,6,1
00-0034983,2020,1,1
00-0033908,2021,3,3
00-0032392,2019,5,2
00-0035592,2020,16,1
00-0032775,2023,17,1
00-0039065,2024,16,2
00-0040078,2025,11,2
00-0037664,2025,16,2
00-0033471,2021,7,1
00-0035689,2025,16,1
00-0033857,2019,4,1
00-0033948,2019,9,2
00-0036360,2020,4,1
00-0036407,2024,6,1
00-0035261,2023,11,1
,2022,17,12
00-0038606,2025,17,2
00-0038935,2024,2,1
00-0033094,2020,2,1
00-0038543,2023,15,1
00-0029632,2019,5,2
00-0030181,2019,17,2
00-0032602,2021,5,1
00-0038041,2022,6,1
00-0036233,2022,2,1
00-0034104,2022,7,1
00-0032764,2024,7,1
00-0031610,2025,4,2
00-0036652,2021,3,1
00-0036959,2025,15,1
00-0034960,2021,19,3
00-0033466,2022,13,1
00-0033439,2020,6,1
00-0037240,2023,7,1
00-0035592,2020,7,2
00-0038547,2025,6,1
00-0037838,2025,14,3
00-0033757,2020,14,1
00-0036415,2021,13,2
00-0034159,2023,18,1
00-0030155,2020,7,1
00-0033288,2021,18,1
00-0034521,2020,20,1
00-0039139,2023,14,1
00-0030456,2021,7,1
00-0035631,2020,2,4
00-0029608,2020,17,2
00-0032063,2020,9,1
00-0036275,2021,7,2
00-0027981,2019,9,3
00-0036358,2020,12,1
00-0036309,2021,2,1
00-0032626,2021,7,1
00-0035689,2022,19,2
00-0033858,2020,3,2
00-0032200,2019,6,1
00-0036251,2021,8,1
00-0033376,2020,13,1
00-0032398,2022,7,2
00-0033921,2022,17,2
00-0034764,2021,14,1
00-0038496,2023,16,1
00-0033466,2022,12,3
00-0033908,2023,19,4
00-0031558,2019,9,1
00-0035685,2020,17,2
00-0036415,2022,12,2
00-0035537,2024,3,2
00-0034960,2024,8,2
00-0031387,2020,14,2
00-0030431,2020,18,1
00-0036980,2024,7,1
00-0036244,2024,3,1
00-0030578,2024,12,1
00-0034753,2024,7,2
00-0038120,2024,16,2
00-0035120,2019,7,1
00-0034279,2021,17,1
00-0033895,2022,9,1
00-0039530,2024,2,1
00-0039342,2024,4,1
00-0032211,2022,3,1
00-0035229,2023,12,1
00-0040663,2025,5,1
00-0029293,2021,9,1
00-0033466,2021,18,1
00-0035500,2025,11,2
00-0033858,2019,7,1
00-0039391,2025,14,1
00-0039868,2025,17,1
00-0039623,2025,16,1
00-0035659,2019,3,2
00-0033251,2023,4,2
00-0039066,2023,6,2
00-0033090,2021,6,1
00-0036422,2023,14,2
00-0039144,2023,3,2
00-0036963,2023,7,1
00-0030472,2020,15,3
00-0039849,2024,17,1
00-0036414,2024,17,2
00-0031408,2020,20,1
00-0039847,2025,10,1
00-0038618,2023,17,1
00-0036410,2025,9,2
00-0036963,2025,1,2
00-0034426,2019,14,3
00-0038839,2025,13,2
00-0036255,2021,8,1
00-0035659,2025,14,1
00-0034367,2019,4,1
00-0034521,2022,7,1
00-0034775,2022,14,3
00-0034827,2024,13,2
00-0039065,2023,2,1
00-0037291,2025,2,1
00-0033282,2024,6,1
00-0037247,2025,4,1
00-0036406,2025,13,1
00-0031236,2025,20,1
00-0037261,2025,20,3
00-0030456,2020,13,1
00-0036322,2022,18,2
00-0036360,2021,3,1
00-0037247,2024,3,1
00-0027029,2019,3,2
00-0034830,2023,2,1
00-0031382,2019,6,2
00-0034419,2022,13,2
00-0034775,2022,1,3
00-0035261,2021,6,1
00-0033699,2023,1,1
00-0032134,2021,16,4
00-0031381,2023,4,5
00-0035689,2024,17,1
00-0036358,2025,14,1
00-0031806,2020,5,1
00-0037545,2025,22,1
00-0033572,2020,14,1
00-0035689,2020,1,2
00-0037257,2024,2,1
,2021,4,18
00-0031408,2019,9,2
00-0030506,2021,18,2
00-0034348,2019,4,2
00-0034348,2019,16,3
00-0037545,2022,11,1
00-0034487,2022,3,1
00-0033110,2019,2,1
00-0034837,2023,11,3
00-0034764,2023,3,2
00-0036427,2021,16,1
00-0032062,2019,19,1
00-0035639,2022,6,2
00-0038951,2025,5,1
00-0034011,2020,11,1
00-0033891,2021,9,2
00-0035229,2025,3,3
00-0033589,2019,13,2
00-0038685,2024,9,1
00-0036963,2021,8,1
00-0028002,2020,6,2
00-0029239,2021,18,1
00-0035250,2020,16,1
00-0031381,2019,10,2
00-0030035,2019,18,1
00-0030506,2019,21,1
00-0035664,2021,7,2
00-0035249,2022,6,1
00-0034960,2023,3,2
00-0038559,2023,15,1
00-0030279,2025,1,1
00-0034613,2025,8,1
00-0038543,2025,11,2
00-0038041,2023,4,2
00-0033896,2020,2,1
00-0034418,2020,9,1
00-0038115,2025,5,1
00-0031941,2019,9,4
00-0030061,2019,15,3
00-0039342,2024,1,1
00-0039146,2023,14,2
00-0036988,2025,18,2
00-0035662,2023,1,1
00-0036322,2024,10,3
00-0035676,2022,12,1
00-0040583,2025,18,1
00-0033871,2019,20,1
00-0033127,2021,3,1
00-0027874,2019,14,2
00-0033699,2023,17,1
00-0034011,2019,17,2
00-0036423,2020,8,1
00-0033589,2020,9,2
00-0030506,2019,13,1
00-0036271,2020,15,1
00-0033293,2019,17,1
00-0036328,2021,13,2
00-0031544,2021,14,2
00-0029293,2021,18,3
00-0036671,2022,3,1
00-0035250,2021,14,1
00-0031273,2022,10,1
00-0034791,2021,11,1
00-0036261,2023,21,2
00-0033357,2020,8,1
00-0039901,2024,8,2
00-0038597,2024,8,1
00-0033681,2020,14,3
00-0040078,2025,3,1
00-0039849,2024,2,2
00-0031763,2024,3,2
00-0035631,2020,14,1
00-0034753,2022,16,1
00-0039067,2023,5,2
00-0033589,2019,5,1
00-0027150,2019,3,2
00-0031260,2020,16,2
00-0034764,2019,7,1
00-0036332,2024,3,1
,2019,7,13
00-0033699,2021,8,1
00-0032211,2020,13,1
00-0033895,2021,12,1
00-0036893,2021,14,1
00-0036252,2025,3,1
00-0040739,2025,7,2
00-0031588,2022,20,2
00-0027061,2021,16,1
00-0033280,2025,7,1
00-0037248,2025,3,1
00-0036252,2025,4,1
00-0032208,2022,7,1
00-0031260,2020,2,2
00-0033118,2021,2,1
00-0036322,2025,5,1
00-0034983,2019,10,1
,2020,16,18
00-0034970,2022,18,1
00-0039139,2024,15,2
00-0033908,2019,14,2
00-0031588,2020,16,2
00-0033885,2022,12,2
00-0035025,2019,16,1
00-0035664,2021,6,1
00-0033526,2020,14,1
00-0035676,2025,6,2
00-0036268,2021,5,2
00-0036900,2024,8,4
00-0035644,2025,1,1
00-0030506,2021,4,1
00-0030513,2019,11,1
00-0036331,2021,17,1
00-0030506,2024,2,1
00-0036309,2023,16,1
00-0027891,2020,15,1
00-0033090,2019,10,3
00-0037261,2025,12,1
00-0036322,2024,9,1
00-0036297,2023,10,1
00-0032765,2020,19,2
00-0033090,2019,17,2
00-0031687,2019,17,1
00-0031381,2024,13,2
00-0034613,2023,17,1
00-0039491,2025,16,1
00-0033950,2019,1,1
00-0035229,2021,10,1
00-0036271,2021,10,2
00-0037755,2022,3,2
00-0033897,2023,11,3
00-0033906,2019,15,1
00-0033699,2019,8,2
00-0034970,2022,19,1
00-0033948,2019,6,2
00-0037098,2023,14,1
00-0033110,2023,4,1
00-0030035,2023,6,1
00-0036637,2023,16,1
00-0032054,2020,6,1
00-0033885,2020,7,1
00-0035640,2020,11,1
00-0034351,2024,10,2
00-0037801,2024,13,2
00-0037240,2025,14,1
00-0036970,2021,5,2
00-0037238,2024,2,3
00-0038705,2025,4,1
00-0039064,2023,14,2
00-0030035,2020,3,2
00-0028142,2019,14,1
00-0038542,2023,5,1
00-0027150,2019,4,1
00-0032775,2020,7,1
00-0036271,2020,17,1
00-0035261,2021,1,1
00-0036271,2023,18,1
00-0036410,2021,5,1
00-0032257,2020,9,1
00-0032141,2021,14,1
00-0034975,2024,13,1
00-0036261,2022,2,1
00-0037816,2022,15,1
00-0039793,2025,4,1
00-0034988,2019,17,1
00-0034960,2021,8,3
00-0035229,2021,8,2
00-0027696,2023,15,1
00-0040669,2025,14,1
00-0027656,2020,15,2
00-0032214,2019,15,1
00-0035676,2023,16,1
00-0038935,2025,16,3
00-0031610,2025,6,1
00-0027061,2019,18,1
00-0032764,2022,15,1
00-0037740,2022,17,1
00-0040727,2025,8,1
00-0036900,2022,6,2
00-0031544,2021,2,2
00-0034988,2020,2,2
00-0034970,2023,2,1
00-0036422,2024,12,1
00-0034301,2020,17,1
00-0037840,2025,7,1
00-0035261,2020,9,1
00-0037238,2024,7,2
00-0038996,2025,7,2
00-0032392,2025,1,1
00-0037120,2024,10,1
00-0034646,2022,6,3
00-0038563,2025,18,1
00-0038606,2023,13,1
00-0034383,2020,4,1
00-0035216,2021,17,2
00-0031387,2020,2,1
00-0036554,2024,11,1
00-0035624,2020,1,1
00-0039064,2023,2,1
00-0031610,2022,3,3
00-0033455,2023,21,1
00-0035664,2021,8,2
00-0036326,2022,11,1
00-0036963,2023,3,2
00-0036309,2021,15,3
00-0038134,2024,9,1
00-0035676,2022,6,2
00-0033904,2019,16,1
00-0034383,2023,9,3
00-0035590,2020,9,1
00-0031763,2022,17,1
00-0039075,2023,15,2
00-0034765,2021,15,1
00-0038041,2023,15,1
00-0038941,2023,17,2
00-0036415,2024,1,1
00-0031610,2021,4,1
00-0034270,2023,9,2
00-0033009,2023,5,1
00-0037744,2024,18,1
00-0040128,2025,7,2
00-0033455,2019,13,1
00-0038104,2022,6,2
00-0039919,2025,2,2
00-0037157,2025,13,1
00-0038542,2025,15,1
00-0034676,2021,3,2
00-0033591,2022,10,1
00-0028002,2023,14,1
00-0034331,2019,9,3
00-0030564,2021,14,3
00-0036387,2021,10,1
00-0039052,2023,18,1
00-0037664,2025,2,1
00-0035719,2022,4,1
00-0034676,2019,10,2
00-0035414,2023,12,1
00-0031428,2019,5,2
00-0032392,2024,5,2
00-0033908,2019,12,2
00-0035644,2022,7,1
00-0040705,2025,8,1
00-0036158,2022,4,1
00-0034777,2019,16,3
00-0028292,2019,16,1
00-0032980,2022,6,1
00-0037475,2023,11,1
00-0035676,2020,17,1
00-0034348,2019,3,2
00-0027685,2020,13,1
00-0033118,2022,14,1
00-0037614,2024,10,1
00-0033471,2019,15,1
00-0036550,2022,7,1
00-0037740,2023,3,2
00-0038589,2023,4,1
00-0038994,2025,8,1
00-0040129,2025,11,1
00-0033921,2025,13,2
00-0037261,2025,17,2
00-0034764,2023,14,1
00-0031273,2021,14,1
00-0030564,2021,1,2
00-0033908,2021,2,2
00-0037261,2024,3,1
00-0034827,2021,18,1
00-0038597,2024,15,2
00-0033885,2022,15,3
00-0036849,2023,5,1
00-0030431,2019,13,4
00-0033757,2021,7,1
00-0036261,2020,3,2
00-0032134,2022,15,1
00-0037248,2022,2,1
00-0036919,2022,4,1
00-0031376,2022,18,1
00-0032394,2024,3,1
00-0039067,2023,22,2
00-0040128,2025,1,2
00-0037741,2023,4,4
00-0030578,2021,2,2
00-0035831,2022,1,1
00-0033857,2023,12,1
00-0035229,2019,4,2
00-0036358,2021,15,1
00-0034845,2019,3,1
00-0031408,2020,12,1
00-0033681,2020,10,1
00-0035329,2021,9,1
00-0037816,2023,7,2
00-0034970,2020,14,1
00-0037261,2022,16,1
00-0035628,2024,3,1
00-0035715,2021,18,1
00-0033376,2020,10,1
00-0032775,2024,5,1
00-0034301,2021,18,1
00-0036613,2025,8,1
00-0034364,2019,16,2
00-0037239,2025,10,1
00-0034370,2019,14,1
00-0030061,2021,8,1
00-0029608,2020,14,1
00-0036261,2022,8,1
00-0038606,2023,14,1
00-0037197,2023,20,1
00-0031387,2020,16,3
00-0033537,2019,13,1
00-0033040,2024,4,1
00-0034419,2020,8,1
00-0031376,2020,9,1
00-0033858,2020,17,2
00-0036182,2022,10,1
00-0032918,2019,16,2
00-0036322,2024,8,2
00-0034775,2024,6,2
00-0039384,2024,8,1
00-0034267,2019,17,1
00-0036251,2024,8,1
00-0030431,2023,4,2
00-0034777,2023,5,3
00-0038393,2024,17,1
00-0033375,2024,20,1
00-0027656,2020,12,1
00-0028042,2019,3,1
00-0029137,2020,11,1
00-0033757,2019,4,1
00-0032134,2023,5,1
00-0035414,2023,10,2
00-0035685,2020,1,1
00-0033118,2020,11,1
00-0033699,2021,5,1
00-0037197,2024,2,1
00-0034301,2021,3,1
00-0036754,2025,2,1
00-0033455,2025,13,1
00-0035308,2021,6,1
00-0036358,2020,2,1
00-0034411,2021,18,3
00-0032385,2024,12,1
00-0036894,2021,8,2
00-0030710,2020,9,1
00-0031381,2021,11,2
00-0036410,2021,1,2
00-0033110,2021,9,2
00-0032211,2024,4,2
00-0036252,2025,7,3
00-0035229,2020,6,4
00-0036232,2023,12,1
00-0040669,2025,17,1
00-0038041,2025,18,1
00-0035125,2023,16,1
00-0032398,2022,11,2
00-0033932,2021,1,1
00-0036936,2022,5,1
00-0033110,2019,12,1
00-0038839,2025,2,1
00-0033307,2019,11,1
00-0033251,2021,1,2
00-0036410,2021,12,1
00-0039376,2025,4,1
00-0035006,2020,12,1
00-0033009,2019,12,1
00-0033858,2021,5,1
00-0033611,2019,4,1
00-0031381,2021,5,2
00-0031610,2021,9,3
00-0036345,2021,13,3
00-0036328,2022,2,2
00-0036196,2022,20,1
00-0037666,2024,9,2
00-0038597,2024,10,1
00-0034753,2025,2,2
00-0036326,2023,3,1
00-0035676,2025,16,1
00-0033009,2019,16,3
00-0031279,2025,16,1
00-0034972,2023,9,1
00-0030288,2022,17,1
00-0034975,2022,19,1
00-0032257,2020,12,1
00-0034764,2022,11,1
,2020,11,15
00-0036196,2024,7,1
00-0034383,2022,17,2
00-0033921,2025,16,1
00-0031382,2020,19,5
00-0031273,2019,17,1
00-0031588,2022,3,2
00-0033288,2019,5,2
00-0033110,2019,15,1
00-0040194,2025,3,1
00-0034367,2019,3,1
00-0033893,2022,16,1
00-0028237,2020,1,1
00-0033572,2022,15,1
00-0022921,2019,14,2
00-0035359,2021,18,1
00-0034860,2022,8,1
00-0029738,2019,16,1
00-0034860,2022,16,1
00-0033943,2023,19,1
00-0030279,2024,6,2
00-0036527,2024,12,1
,2019,2,9
00-0034367,2020,5,2
00-0035659,2024,13,2
00-0038492,2025,1,1
00-0031257,2019,3,2
00-0034766,2020,2,1
00-0033908,2019,13,1
00-0033932,2020,4,2
00-0035216,2021,14,4
00-0035298,2022,9,2
00-0034367,2022,11,1
00-0033895,2021,8,1
00-0038621,2023,8,2
00-0038558,2024,2,1
00-0035594,2019,16,1
00-0033288,2020,4,3
00-0039855,2024,8,1
00-0033357,2024,11,2
00-0035659,2020,3,2
00-0033553,2023,10,1
00-0038041,2025,4,1
00-0036482,2022,2,2
00-0037238,2025,1,2
00-0034829,2025,2,1
00-0031382,2019,11,1
00-0022127,2020,4,1
00-0037801,2024,9,1
00-0036613,2024,18,2
00-0035659,2021,11,1
00-0036407,2024,7,1
00-0033536,2021,1,2
00-0036183,2021,17,2
00-0035250,2020,1,2
00-0037838,2024,7,3
00-0034054,2020,15,1
00-0031941,2021,4,5
00-0033045,2021,8,2
00-0031544,2022,2,1
00-0033897,2022,6,2
00-0034348,2022,18,2
00-0030061,2021,7,1
00-0030061,2022,9,1
00-0036875,2023,6,1
00-0038783,2024,11,1
00-0033288,2024,2,2
00-0039894,2024,14,1
00-0034367,2020,10,2
00-0036875,2022,3,1
00-0037239,2023,14,1
00-0032211,2024,14,1
00-0034370,2019,2,1
00-0037240,2024,16,2
00-0033863,2024,15,1
00-0039796,2025,14,1
00-0040583,2025,7,2
00-0035719,2024,17,1
00-0039491,2025,11,1
00-0036196,2022,16,3
00-0035250,2022,1,1
00-0039325,2024,3,2
00-0039650,2024,15,1
00-0030404,2020,3,1
00-0034676,2020,14,1
00-0032104,2023,16,1
00-0033293,2019,2,2
00-0031260,2020,13,1
00-0031868,2021,12,1
00-0035021,2022,13,1
00-0033376,2020,18,1
00-0039919,2024,15,4
00-0036244,2022,16,1
00-0033567,2019,10,2
00-0034983,2020,16,1
00-0036040,2022,16,1
00-0035208,2024,13,1
00-0033906,2025,4,2
00-0040126,2025,9,2
00-0030496,2020,16,1
00-0038997,2025,12,1
00-0039146,2024,15,1
00-0036913,2023,15,1
00-0039075,2023,18,1
00-0032144,2020,17,1
00-0033948,2024,3,2
00-0034366,2019,6,1
00-0036900,2025,6,2
00-0031610,2020,4,2
00-0033881,2020,7,1
00-0034827,2019,11,2
00-0036550,2024,20,1
00-0036875,2021,10,2
00-0034837,2020,15,1
00-0036244,2024,17,1
00-0037238,2024,6,3
00-0038544,2025,17,2
00-0035659,2019,11,1
00-0030288,2020,2,1
00-0031382,2019,15,2
00-0034960,2022,9,1
00-0027944,2019,2,1
00-0033897,2022,21,1
00-0031235,2023,7,1
00-0037838,2024,5,2
00-0033897,2019,3,1
00-0038563,2025,3,2
00-0034364,2022,12,1
00-0033280,2019,11,1
00-0033611,2021,4,1
00-0037311,2023,1,1
00-0039810,2024,8,1
00-0031428,2022,2,2
00-0033943,2023,4,1
00-0036290,2025,10,1
00-0034983,2025,2,5
00-0031381,2020,19,1
00-0029738,2019,3,1
00-0036365,2021,5,2
00-0032782,2019,2,2
00-0031585,2021,4,1
00-0037239,2023,5,1
00-0033699,2023,14,1
00-0028097,2020,3,1
00-0036407,2024,1,2
00-0036309,2024,2,1
00-0035700,2024,7,2
00-0037238,2024,10,3
00-0033856,2019,4,1
00-0032211,2019,9,5
00-0036741,2023,3,1
00-0036534,2022,9,1
00-0034830,2020,3,1
00-0039893,2024,8,1
00-0033528,2019,17,1
00-0035022,2021,10,1
00-0038124,2022,10,1
00-0030564,2019,19,1
00-0031325,2019,8,1
00-0033217,2023,14,1
00-0032778,2019,8,1
00-0031588,2020,8,1
00-0036457,2021,5,1
00-0033948,2020,8,1
00-0031235,2021,17,3
00-0037011,2022,10,1
00-0033553,2023,12,1
00-0036407,2024,11,1
00-0036912,2024,11,1
00-0032765,2019,8,2
00-0036980,2023,9,1
00-0037197,2025,4,3
00-0031235,2021,20,1
00-0036251,2023,13,2
00-0032392,2025,17,1
00-0037741,2024,19,2
00-0036963,2024,3,1
00-0038454,2023,10,1
00-0036326,2020,10,4
00-0033080,2019,7,1
00-0033040,2020,6,1
00-0034983,2021,4,1
00-0033251,2021,12,2
00-0036322,2020,13,1
00-0036973,2022,10,1
00-0034829,2023,7,1
00-0036326,2020,18,3
00-0036407,2024,3,2
00-0039344,2024,13,2
00-0038720,2025,6,1
00-0037816,2022,3,2
00-0032951,2022,17,1
00-0030564,2022,11,1
00-0035700,2019,9,1
00-0036613,2023,13,1
00-0036410,2020,2,1
00-0027061,2019,13,1
00-0030506,2019,19,5
00-0033893,2019,19,1
00-0037838,2023,14,1
00-0030564,2019,1,2
00-0039384,2024,3,1
00-0031547,2019,15,2
00-0027061,2019,16,1
00-0036358,2024,12,1
00-0036912,2025,6,1
00-0040734,2025,11,1
00-0035876,2025,11,1
00-0036332,2025,18,1
00-0032980,2022,7,2
00-0039907,2024,5,1
00-0035535,2024,2,1
00-0035689,2024,19,1
,2023,15,17
00-0036261,2020,4,2
00-0031051,2020,1,3
00-0034272,2021,12,1
00-0035640,2023,2,2
00-0028087,2019,8,1
00-0033288,2022,18,3
00-0039880,2025,14,1
00-0040126,2025,6,1
00-0032104,2021,16,2
00-0032128,2023,18,1
00-0031062,2020,9,1
00-0032009,2021,7,1
00-0038933,2024,1,1
00-0031260,2020,15,1
00-0036590,2022,15,1
00-0034960,2023,7,2
00-0036142,2020,6,1
00-0033085,2020,13,1
00-0031381,2024,15,4
00-0034981,2025,10,1
00-0033923,2025,15,1
00-0031763,2020,1,1
00-0036370,2021,12,1
00-0039919,2024,2,1
00-0032392,2020,12,1
00-0035243,2020,5,1
00-0034845,2021,9,2
00-0035414,2021,15,1
00-0040739,2025,4,1
00-0036259,2021,15,1
00-0033118,2019,17,2
00-0037256,2023,11,1
00-0036626,2024,6,1
00-0033858,2019,10,1
00-0030456,2020,1,1
00-0036567,2022,19,3
00-0037261,2025,3,2
00-0036510,2024,11,1
00-0038738,2025,6,1
00-0029892,2020,16,2
00-0035640,2022,8,1
00-0034981,2022,12,2
00-0031585,2022,13,1
00-0033090,2024,10,1
00-0034386,2019,16,1
00-0031273,2022,6,1
00-0031544,2020,4,3
00-0029608,2019,3,3
00-0035527,2020,3,2
00-0031428,2022,5,1
00-0038041,2023,9,2
00-0036963,2023,2,1
00-0031763,2019,17,2
00-0036849,2023,3,2
00-0030035,2021,11,1
00-0025418,2019,6,1
00-0036646,2023,8,1
00-0040730,2025,13,1
00-0038840,2025,19,1
00-0035700,2021,9,1
00-0034383,2025,19,1
00-0037239,2025,17,2
00-0030496,2020,13,2
00-0033555,2024,9,1
00-0035659,2020,1,1
00-0036970,2021,15,3
00-0036261,2020,10,2
00-0031381,2024,3,1
00-0036412,2020,10,1
00-0035644,2021,13,1
00-0033699,2022,10,3
00-0034348,2024,3,1
00-0035250,2022,10,1
00-0033376,2020,11,1
00-0036254,2020,3,1
00-0024221,2019,1,1
00-0031344,2019,16,2
00-0040583,2025,14,2
00-0031236,2022,2,2
00-0038597,2025,18,1
00-0034830,2019,7,1
00-0033908,2019,15,1
00-0027656,2021,16,1
00-0036572,2022,17,1
00-0035676,2023,9,1
00-0027685,2020,3,1
00-0038120,2024,3,1
00-0039849,2024,14,1
00-0035657,2021,9,1
00-0033897,2021,19,2
00-0036970,2023,6,1
00-0038720,2023,17,1
00-0034419,2020,3,1
00-0031236,2024,3,1
00-0034351,2025,5,1
00-0035640,2025,9,2
00-0033923,2020,5,2
00-0036040,2025,3,1
00-0032200,2021,1,1
00-0031610,2019,3,1
00-0035140,2021,11,2
00-0036554,2023,2,1
00-0035537,2020,15,1
00-0032160,2019,4,2
00-0033040,2020,3,2
00-0033040,2020,15,1
00-0033090,2021,4,1
00-0033895,2023,13,1
00-0035644,2024,14,1
00-0037816,2022,1,1
00-0034830,2023,6,1
00-0031428,2022,3,3
00-0033217,2021,13,1
00-0038619,2023,18,2
00-0033455,2020,6,2
00-0032385,2019,14,2
00-0032385,2022,2,1
00-0028237,2019,17,1
00-0032602,2019,9,1
00-0031588,2023,2,2
00-0032211,2024,12,1
00-0033881,2023,11,1
00-0036322,2020,12,4
00-0033856,2020,16,1
00-0034418,2023,17,1
00-0037475,2024,15,1
00-0033217,2021,17,1
00-0033555,2021,12,1
00-0032128,2020,2,2
00-0037247,2023,5,1
00-0032794,2019,4,1
00-0032009,2019,12,1
00-0036554,2024,18,1
00-0032918,2019,15,1
00-0036069,2020,15,1
00-0031547,2022,18,2
00-0036982,2023,4,1
00-0031381,2023,15,1
00-0036919,2021,7,1
00-0035719,2025,10,4
,2019,12,30
00-0034829,2023,1,1
00-0038559,2025,13,2
00-0032214,2020,9,1
00-0033555,2025,2,1
00-0035249,2019,8,1
00-0033288,2019,14,1
,2022,14,13
00-0035640,2019,7,2
00-0034109,2021,1,1
00-0035222,2021,19,1
00-0036427,2025,6,1
00-0037740,2024,14,2
00-0034777,2019,9,1
00-0033293,2022,3,1
00-0033871,2020,8,1
00-0034418,2025,8,1
00-0036328,2020,12,1
00-0032775,2022,16,1
00-0036556,2021,8,1
00-0034753,2021,13,3
00-0036407,2022,1,2
00-0022127,2019,1,2
00-0032466,2019,15,1
00-0038124,2025,19,1
00-0036407,2025,11,1
00-0033110,2025,19,1
00-0035229,2020,9,3
00-0037664,2024,13,1
00-0036900,2025,15,1
00-0031260,2019,3,1
00-0031051,2020,17,1
00-0033943,2021,4,1
00-0030564,2019,7,2
00-0037545,2024,2,1
00-0039074,2023,14,1
00-0036196,2020,15,2
00-0037247,2025,11,2
00-0034829,2021,4,1
00-0033009,2022,9,1
00-0034386,2023,16,1
00-0039041,2024,2,1
00-0030279,2020,10,2
00-0028002,2019,2,1
00-0035676,2021,1,1
00-0037740,2022,13,4
00-0036849,2022,14,1
00-0035021,2022,15,1
00-0033895,2023,2,1
00-0034613,2025,15,1
00-0035184,2020,15,1
00-0036913,2022,16,1
00-0033857,2022,2,1
00-0033908,2020,3,2
00-0033455,2019,15,2
00-0039139,2025,10,1
00-0039890,2025,17,1
00-0034521,2022,5,2
00-0033923,2019,13,1
00-0033893,2021,14,1
00-0033090,2021,5,1
00-0037816,2023,10,1
00-0038134,2025,21,1
00-0037247,2023,17,1
00-0032214,2019,11,1
00-0037744,2024,5,2
00-0035719,2024,16,1
00-0040581,2025,17,1
00-0037261,2025,19,2
00-0031285,2019,15,1
00-0034383,2021,17,1
00-0034411,2020,3,1
00-0035120,2023,17,1
00-0037085,2025,11,1
00-0038544,2024,6,1
00-0032211,2020,2,1
00-0036963,2023,10,2
00-0034351,2023,19,1
00-0036345,2023,16,2
00-0028097,2021,15,1
00-0029892,2021,3,2
00-0033881,2019,5,3
00-0034353,2020,13,1
00-0035869,2020,16,2
00-0033908,2022,4,2
00-0034827,2022,12,1
00-0033288,2024,14,1
00-0034578,2020,4,1
00-0031408,2022,16,1
,2024,13,23
00-0034286,2019,3,1
00-0035639,2019,4,1
00-0035350,2020,3,1
00-0035208,2021,4,2
00-0032392,2021,14,2
00-0029892,2022,12,1
00-0033858,2020,1,1
00-0031687,2023,3,1
,2024,14,8
00-0036973,2025,10,1
00-0037614,2024,11,1
00-0036924,2023,15,1
00-0033589,2019,3,1
00-0032211,2019,6,1
00-0036196,2021,18,3
00-0030181,2020,4,1
00-0037740,2024,13,2
00-0039065,2023,17,2
00-0038996,2025,6,1
00-0032977,2020,12,1
00-0034353,2020,9,1
00-0034829,2021,10,2
00-0030061,2019,16,1
00-0036345,2024,1,2
00-0031544,2021,19,2
00-0036554,2023,16,2
00-0031285,2021,11,1
00-0036407,2020,9,2
00-0024243,2022,5,1
00-0035414,2021,18,1
00-0030279,2022,19,4
00-0033553,2020,3,2
00-0031610,2020,11,2
00-0031610,2019,7,3
00-0036326,2020,5,2
00-0034798,2022,12,1
00-0031376,2020,3,1
00-0036259,2024,3,2
00-0036182,2024,6,1
00-0034799,2019,4,1
00-0033528,2019,4,1
00-0034351,2020,11,1
00-0034753,2020,3,1
00-0031408,2020,1,2
00-0029293,2021,16,3
00-0031951,2020,7,1
00-0034487,2022,1,1
00-0038563,2023,17,1
00-0038393,2024,6,1
00-0034366,2020,14,1
00-0036626,2025,2,3
00-0034348,2021,3,3
00-0030035,2020,4,2
00-0036407,2025,4,1
00-0031382,2021,11,1
00-0036567,2021,17,1
00-0035249,2025,4,1
00-0031408,2019,11,1
00-0033757,2020,20,1
00-0033040,2023,16,2
00-0037261,2024,8,1
00-0035848,2020,11,1
00-0032392,2024,8,1
,2025,7,19
00-0039032,2025,8,1
00-0040187,2025,12,1
00-0029664,2019,3,2
00-0031260,2023,13,1
00-0035535,2021,13,1
00-0039849,2025,1,1
00-0035208,2025,14,1
00-0030061,2024,20,3
00-0035261,2022,11,1
00-0039849,2025,10,5
00-0036973,2025,15,3
00-0035689,2025,17,1
00-0039648,2025,6,1
00-0034054,2020,9,2
00-0035291,2025,15,1
00-0033293,2024,4,3
00-0039894,2025,8,1
00-0033881,2023,16,2
00-0028002,2021,8,4
00-0037525,2024,4,1
00-0031588,2021,15,2
00-0039337,2024,18,2
,2025,6,18
00-0033858,2019,19,2
00-0033923,2025,6,1
00-0036244,2022,15,1
00-0032058,2019,17,1
00-0036232,2023,19,1
00-0039139,2024,9,1
00-0035662,2025,5,1
00-0033280,2025,8,1
00-0031382,2020,8,3
00-0034348,2022,1,1
00-0036252,2022,1,2
00-0031068,2019,2,1
00-0033375,2024,15,2
00-0036963,2022,13,4
00-0036254,2020,5,2
00-0035644,2024,18,1
00-0038559,2024,17,1
00-0036876,2023,1,1
00-0035261,2021,12,2
00-0034208,2022,1,1
00-0035261,2020,17,1
00-0038117,2024,1,3
00-0032214,2019,18,1
00-0031273,2020,10,1
00-0033611,2021,8,2
00-0039424,2024,11,1
00-0037239,2024,4,1
00-0036040,2025,2,1
00-0037256,2024,10,1
00-0036630,2025,3,1
00-0033110,2019,13,3
00-0037742,2022,17,1
00-0038618,2024,20,1
00-0034272,2022,5,1
00-0034753,2019,15,1
00-0031588,2021,8,1
00-0040126,2025,7,1
00-0037654,2025,19,1
00-0040128,2025,12,1
00-0034827,2022,14,2
00-0033526,2022,6,1
00-0037664,2022,6,1
00-0036322,2023,3,3
00-0038994,2023,16,1
00-0036894,2021,9,2
00-0035806,2021,9,1
00-0036223,2025,10,1
00-0034775,2025,11,2
00-0031941,2020,12,1
00-0036887,2021,4,1
00-0033895,2022,5,1
00-0033293,2020,1,4
00-0032956,2021,4,1
00-0032062,2021,19,1
00-0036875,2024,9,1
00-0039146,2024,16,1
,2021,6,13
00-0035535,2023,10,1
00-0038685,2025,1,1
00-0038705,2025,3,1
00-0034364,2020,12,1
00-0036963,2022,18,1
00-0033589,2024,1,1
00-0033881,2019,2,1
00-0030513,2020,8,1
00-0033908,2021,15,1
00-0037744,2024,8,1
00-0035249,2025,5,1
00-0036244,2025,18,2
00-0038606,2024,18,1
00-0036196,2020,19,2
00-0030288,2019,18,1
00-0036754,2024,4,1
00-0026035,2019,15,1
00-0030470,2019,8,1
00-0040234,2025,17,1
00-0033627,2020,6,1
00-0033858,2021,6,2
00-0032602,2022,5,2
00-0031408,2022,12,1
00-0032355,2021,18,1
00-0031381,2021,14,2
00-0038612,2023,18,2
00-0033045,2019,7,1
00-0033536,2024,3,1
00-0034426,2020,1,1
00-0039146,2025,1,1
00-0033556,2020,1,1
00-0033908,2021,6,2
00-0034827,2025,4,1
00-0031547,2019,11,1
00-0033858,2024,13,1
00-0032211,2023,10,1
00-0033921,2024,4,2
00-0036228,2021,16,1
00-0039032,2025,12,2
00-0027696,2023,3,1
00-0034972,2022,4,1
00-0034830,2021,1,1
00-0036613,2025,1,1
00-0037238,2025,18,2
00-0033854,2019,13,1
00-0036572,2022,4,1
00-0032688,2019,2,1
00-0036223,2020,1,2
00-0035216,2023,8,2
00-0036875,2022,9,2
00-0027150,2019,5,1
00-0035592,2020,8,1
00-0033386,2021,12,2
00-0034960,2022,16,1
00-0039884,2025,18,1
00-0034365,2020,4,2
00-0034386,2022,17,1
00-0036386,2020,5,1
00-0039568,2025,20,1
00-0038647,2023,16,1
00-0039849,2024,16,1
00-0036331,2021,9,2
00-0033858,2023,17,1
00-0040734,2025,9,1
00-0033387,2021,5,1
00-0032257,2020,7,2
00-0035261,2022,3,1
00-0034348,2023,7,1
00-0033879,2019,10,3
00-0034829,2020,2,3
00-0031408,2020,19,2
00-0034286,2022,14,1
00-0034301,2022,2,1
00-0037741,2023,11,1
00-0033572,2021,5,2
00-0033858,2019,14,2
00-0035806,2021,7,1
00-0032688,2021,10,2
00-0033217,2019,10,1
00-0031544,2019,5,1
00-0031588,2023,1,2
00-0037286,2023,18,1
00-0039165,2024,8,1
00-0030584,2020,3,1
00-0034272,2024,18,1
00-0034753,2022,2,1
00-0039139,2024,14,2
00-0032775,2024,18,3
00-0039361,2025,1,1
00-0033858,2022,3,2
00-0039338,2025,3,2
00-0034365,2022,14,1
00-0037838,2025,9,1
00-0036900,2022,5,3
00-0040162,2025,14,1
00-0040311,2025,18,1
00-0036040,2020,8,1
00-0035689,2021,18,1
00-0033090,2025,21,1
00-0038559,2023,4,2
00-0030496,2020,19,2
00-0035406,2024,9,2
00-0033658,2021,2,1
00-0033857,2022,14,2
00-0033681,2021,14,1
00-0035572,2022,2,1
00-0034798,2021,6,1
00-0036628,2024,17,1
00-0036407,2023,12,1
00-0030108,2019,6,2
00-0034681,2020,7,2
00-0034766,2021,6,1
00-0033854,2021,12,1
00-0032398,2022,10,2
00-0036358,2022,12,1
00-0031763,2022,14,1
00-0034383,2020,15,1
00-0033045,2022,12,1
00-0031941,2020,6,1
00-0036365,2022,2,1
00-0036924,2021,16,1
,2022,9,16
00-0034317,2023,15,1
00-0030279,2024,9,1
00-0033466,2020,5,1
00-0034775,2022,9,2
00-0039066,2025,9,1
00-0030061,2020,16,1
00-0037292,2025,13,1
00-0036893,2023,18,2
00-0036387,2021,8,1
00-0033896,2021,7,1
00-0037382,2023,1,1
00-0039337,2024,17,2
00-0036900,2025,13,2
00-0036223,2025,5,1
00-0027685,2021,6,1
00-0038797,2024,8,1
00-0038597,2024,17,1
00-0033881,2022,3,2
00-0035908,2020,8,1
00-0035659,2019,16,1
00-0036637,2021,4,1
00-0027061,2020,7,1
00-0033921,2019,6,1
00-0034837,2020,7,4
00-0030663,2021,5,1
00-0036244,2024,2,1
00-0039338,2025,11,2
00-0036637,2022,15,1
00-0038129,2023,14,1
00-0031428,2022,4,1
00-0033090,2022,13,1
00-0036275,2021,1,1
00-0033280,2023,16,1
00-0039342,2024,6,1
00-0038120,2024,6,2
00-0037840,2025,20,2
00-0032392,2019,16,1
00-0035719,2021,4,1
00-0033858,2020,9,1
00-0030061,2022,5,1
00-0031273,2022,19,1
00-0037744,2023,13,2
00-0038040,2023,15,1
00-0038489,2024,9,1
00-0034011,2022,5,1
00-0037263,2025,2,1
00-0038041,2023,11,1
00-0035689,2021,3,1
00-0034867,2021,11,1
00-0036259,2022,19,1
00-0038542,2025,11,1
00-0033591,2025,1,1
00-0034159,2022,9,1
00-0037801,2023,13,1
00-0036309,2023,15,1
00-0036637,2024,15,1
00-0036875,2025,21,1
00-0027944,2019,16,1
00-0035689,2025,6,1
00-0036963,2022,10,1
00-0034775,2023,4,1
00-0032392,2020,15,2
00-0036970,2021,9,2
00-0035689,2024,6,1
00-0022127,2019,13,2
00-0037292,2024,12,1
00-0038606,2025,4,1
00-0034364,2019,14,1
00-0034348,2023,3,2
00-0031806,2022,14,1
00-0033282,2025,20,2
00-0033293,2024,9,1
00-0035719,2022,5,3
00-0033110,2024,17,1
00-0033871,2020,13,1
00-0038393,2023,19,1
00-0036265,2022,18,1
00-0039894,2024,8,2
00-0036875,2024,12,1
00-0034960,2021,15,2
00-0037005,2023,8,1
00-0039793,2024,13,1
00-0032977,2021,5,1
00-0034348,2023,2,2
00-0037258,2024,18,1
00-0029239,2021,5,1
00-0037291,2025,3,1
00-0037256,2025,12,1
00-0039919,2025,13,1
00-0030181,2021,9,1
00-0037745,2022,8,1
00-0039032,2023,3,1
00-0033375,2024,13,1
00-0033699,2021,11,4
00-0035216,2019,4,1
00-0039337,2024,14,1
00-0035628,2024,7,1
00-0035956,2021,16,1
00-0034510,2019,17,1
00-0032986,2020,15,1
00-0036894,2021,13,1
00-0039754,2025,15,1
00-0036261,2021,8,2
00-0036936,2022,6,1
00-0032765,2019,10,2
00-0030470,2019,5,1
00-0033110,2021,5,1
00-0029137,2020,14,1
00-0026498,2023,8,1
00-0033288,2023,11,2
00-0033288,2023,12,1
00-0032054,2020,16,1
00-0038710,2024,4,2
00-0036382,2020,3,2
00-0033906,2024,9,1
00-0032134,2021,6,1
00-0034860,2024,18,2
,2025,4,16
00-0034928,2019,12,1
00-0036554,2021,14,2
00-0038996,2024,9,2
00-0036251,2024,4,1
00-0030670,2019,10,1
00-0033127,2019,15,1
00-0034351,2021,11,1
00-0027944,2023,17,1
00-0033293,2023,20,2
00-0037614,2024,13,1
00-0040122,2025,5,2
00-0038612,2023,10,1
00-0034301,2021,14,1
00-0034407,2021,16,2
00-0034351,2022,2,1
00-0039144,2023,19,1
00-0033553,2022,10,1
00-0033293,2021,8,2
,2021,16,25
00-0030456,2021,19,1
00-0033293,2022,8,1
00-0033288,2022,12,1
00-0038597,2023,6,1
00-0039075,2023,14,1
00-0039901,2024,1,2
00-0037744,2024,13,3
00-0040170,2025,2,1
00-0039064,2025,9,1
00-0036550,2021,9,1
00-0036628,2025,18,1
00-0033280,2022,6,1
00-0037261,2025,16,1
00-0035298,2022,3,1
00-0040189,2025,17,3
00-0032385,2025,5,1
00-0039915,2025,13,2
00-0036554,2025,15,2
00-0035329,2022,5,1
00-0034753,2020,1,4
00-0034420,2020,4,1
00-0032257,2020,6,1
00-0035350,2020,4,2
00-0032355,2021,3,1
00-0036223,2025,8,2
00-0034777,2022,1,1
00-0030496,2019,7,3
00-0036980,2022,2,1
00-0037157,2022,13,2
,2020,3,14
,2019,5,25
00-0030506,2019,5,1
00-0033921,2022,10,1
00-0035676,2021,20,1
00-0039032,2023,1,1
00-0033879,2021,7,1
00-0033288,2023,3,1
00-0034383,2021,14,1
00-0037816,2023,18,1
00-0038996,2024,4,3
00-0034777,2020,5,2
00-0039868,2025,15,1
00-0033923,2021,4,1
00-0032104,2022,18,2
00-0035216,2024,3,4
00-0036252,2021,11,1
00-0022921,2020,2,1
00-0031235,2020,2,1
00-0033293,2021,2,4
00-0038558,2023,14,2
00-0036261,2020,8,3
00-0032104,2022,10,2
00-0035229,2021,12,1
00-0033895,2022,2,1
00-0031547,2022,3,1
00-0032765,2019,7,2
00-0035229,2022,11,2
00-0031588,2023,4,3
00-0033251,2022,13,1
00-0032141,2023,10,1
00-0039075,2023,4,1
00-0035659,2020,7,3
00-0036398,2020,1,1
00-0034115,2020,13,1
00-0033757,2019,14,1
00-0034521,2023,11,1
00-0030279,2022,13,1
00-0034983,2023,14,1
00-0035208,2025,16,1
00-0037239,2022,5,1
00-0036671,2022,9,1
00-0036251,2023,6,1
00-0029119,2019,15,1
00-0027685,2019,16,1
00-0028002,2021,5,1
00-0035249,2021,1,1
00-0033943,2022,1,1
00-0032200,2021,2,1
,2025,22,1
00-0030061,2021,11,3
00-0031547,2020,8,1
00-0034339,2019,2,1
00-0031408,2020,10,5
00-0035719,2022,10,1
00-0034972,2022,10,1
00-0035140,2019,3,1
00-0028002,2019,4,1
00-0032144,2019,17,1
00-0036358,2022,18,1
00-0036358,2022,19,1
00-0036252,2023,7,2
00-0034975,2024,6,1
00-0035208,2025,13,1
00-0038839,2025,12,1
00-0038619,2024,16,1
00-0034270,2021,6,1
00-0036290,2021,15,1
00-0035406,2023,1,1
00-0039847,2024,3,1
00-0028087,2020,10,1
00-0030431,2021,8,5
00-0036255,2020,13,2
00-0031598,2020,2,1
00-0037755,2022,12,1
00-0029892,2019,21,2
00-0039890,2024,13,1
00-0038621,2024,15,1
00-0035500,2022,2,1
00-0036290,2025,4,2
00-0031610,2020,8,1
00-0034753,2021,16,1
00-0036991,2022,9,1
00-0036862,2022,4,1
00-0032200,2022,1,1
00-0036407,2024,9,2
00-0034829,2021,6,1
00-0033906,2022,8,1
00-0033699,2019,3,1
00-0037741,2022,4,1
00-0033591,2023,15,3
00-0033858,2020,11,2
00-0039907,2024,7,1
00-0037664,2024,17,2
00-0038041,2024,6,2
00-0036219,2020,5,1
00-0034857,2021,6,1
00-0036410,2022,13,1
00-0034270,2021,12,2
00-0031610,2022,18,3
00-0036232,2023,8,1
00-0035208,2021,9,2
00-0037838,2024,8,1
00-0034411,2021,1,1
00-0040187,2025,4,1
00-0036554,2022,11,1
,2021,12,12
00-0028002,2022,13,1
00-0034959,2023,19,1
00-0031408,2019,3,4
00-0034184,2019,5,1
00-0034286,2022,11,1
00-0031235,2024,11,2
00-0032211,2022,7,1
00-0028087,2019,1,1
00-0036894,2023,14,1
00-0030663,2020,11,3
00-0040628,2025,18,1
00-0033699,2022,19,1
00-0038542,2023,1,2
00-0037248,2023,9,1
00-0038997,2025,2,2
00-0036900,2024,11,5
00-0033555,2024,13,1
00-0036040,2024,13,2
00-0034383,2022,11,2
00-0032918,2022,15,1
00-0033857,2022,18,1
00-0035689,2020,14,1
00-0036955,2023,4,1
00-0023564,2019,1,1
00-0027966,2022,7,1
00-0032764,2020,18,1
00-0029608,2020,11,1
00-0039424,2025,13,2
00-0032775,2019,4,1
00-0033906,2019,16,1
00-0034798,2024,18,1
00-0039146,2025,15,1
00-0030549,2020,5,1
00-0036145,2022,11,1
00-0037840,2025,18,1
00-0031235,2021,5,1
00-0035644,2019,11,4
00-0034348,2019,7,1
00-0036849,2024,18,1
00-0036613,2025,2,1
00-0034351,2025,8,2
00-0039021,2024,12,1
00-0038935,2025,14,2
00-0033439,2019,6,1
00-0032257,2019,7,1
00-0035640,2019,18,1
00-0036415,2023,18,1
00-0038953,2025,15,1
00-0027793,2020,16,1
00-0025396,2019,14,1
00-0032257,2019,13,1
00-0033307,2020,4,1
00-0036251,2023,15,1
00-0039067,2024,3,2
00-0036322,2023,17,4
00-0034439,2020,3,1
,2025,2,22
00-0033881,2025,5,1
00-0033681,2020,13,1
00-0036358,2022,8,1
00-0035662,2023,6,3
00-0035640,2025,4,1
00-0034844,2019,9,1
00-0040242,2025,5,1
00-0030061,2022,8,2
00-0030874,2019,1,3
00-0034411,2020,17,1
,2024,1,21
00-0034414,2021,12,1
00-0033040,2024,1,2
00-0027981,2020,6,1
00-0038933,2024,8,2
00-0026189,2022,15,1
00-0040009,2025,1,1
00-0029293,2020,6,1
00-0037257,2023,19,1
00-0034279,2021,18,1
00-0035662,2023,2,2
00-0032775,2020,9,1
00-0030525,2019,6,1
00-0034959,2019,16,1
00-0033856,2020,19,1
00-0032062,2021,17,1
00-0033526,2024,20,1
00-0033357,2019,8,1
00-0033908,2025,3,1
00-0038542,2025,7,1
00-0032385,2025,12,1
00-0033293,2021,15,1
00-0032062,2020,9,1
00-0038977,2023,9,2
00-0031382,2021,10,2
00-0033009,2023,2,1
00-0033460,2019,1,1
00-0034521,2025,15,2
00-0030181,2019,4,2
00-0033932,2021,16,2
00-0031384,2020,7,2
00-0036261,2023,10,1
00-0036414,2020,11,1
00-0036182,2022,15,1
00-0031381,2020,1,3
00-0037664,2023,1,1
00-0033466,2019,18,1
00-0037742,2025,17,1
00-0028097,2020,13,1
00-0031868,2020,9,1
00-0035719,2025,8,2
00-0031408,2020,17,1
00-0035685,2020,7,1
00-0033090,2021,7,1
00-0035287,2019,1,2
00-0027891,2019,10,1
00-0037257,2022,5,1
00-0037238,2022,10,1
00-0034972,2021,5,1
00-0032385,2023,10,4
00-0038129,2023,11,2
00-0037291,2024,2,2
00-0035703,2019,4,1
00-0031744,2019,16,1
00-0033757,2022,2,1
00-0035249,2022,15,1
00-0035659,2020,17,1
,2022,15,17
00-0038129,2025,2,1
00-0040584,2025,6,1
00-0037238,2023,6,1
00-0033293,2022,2,1
00-0036383,2021,18,1
00-0040236,2025,17,2
00-0030108,2021,13,1
00-0034753,2021,2,1
00-0036963,2025,3,2
00-0036370,2020,8,1
00-0032775,2024,2,1
00-0038685,2024,13,2
00-0040784,2025,16,1
00-0033567,2019,11,1
00-0032398,2021,5,1
00-0034960,2025,2,3
00-0030874,2019,5,1
00-0035500,2024,12,1
00-0034844,2021,1,2
00-0038124,2022,15,3
00-0037005,2022,17,1
00-0036410,2022,6,1
00-0033858,2025,1,1
00-0030181,2021,15,1
00-0033854,2019,1,1
00-0039901,2024,9,2
00-0033293,2020,4,1
00-0031381,2025,12,2
00-0032602,2020,15,2
00-0035644,2019,13,1
00-0036196,2023,10,1
00-0030035,2019,5,2
00-0032543,2020,13,1
00-0034775,2021,17,1
00-0037525,2025,9,1
00-0035125,2019,10,1
00-0031236,2023,13,2
00-0031408,2022,7,2
00-0034678,2025,6,1
00-0035215,2020,10,2
00-0036365,2020,11,1
00-0036040,2025,10,1
00-0036970,2025,15,4
00-0027150,2020,3,1
00-0039338,2024,13,1
00-0037197,2022,17,1
00-0031408,2024,18,2
00-0040583,2025,8,1
00-0033955,2021,4,1
00-0033282,2019,3,3
00-0033908,2024,1,3
00-0034970,2019,9,2
00-0035216,2019,9,1
00-0033280,2022,3,1
00-0036244,2023,6,2
00-0033288,2019,16,2
00-0033881,2020,8,3
00-0036261,2022,7,3
00-0038997,2025,8,1
00-0036970,2024,6,1
00-0032257,2019,16,2
00-0031408,2020,8,2
00-0039919,2024,16,1
00-0037239,2022,8,2
00-0033376,2021,12,1
00-0035311,2020,5,3
00-0035640,2023,9,2
00-0036196,2025,13,1
00-0030874,2019,19,4
00-0032187,2021,11,1
00-0031585,2023,4,1
00-0035719,2024,10,1
00-0039139,2025,16,4
00-0024243,2020,12,1
00-0034631,2019,14,1
00-0035243,2024,6,1
00-0033921,2022,8,2
00-0029293,2019,4,1
00-0039855,2024,7,2
00-0039384,2024,2,1
00-0030279,2021,17,3
00-0037614,2024,17,1
,2020,20,3
00-0034798,2021,12,2
00-0036275,2020,14,2
00-0032392,2022,5,1
00-0036259,2024,4,1
,2022,20,4
00-0036963,2021,6,1
00-0039894,2025,12,1
00-0038542,2025,6,1
00-0035640,2019,4,3
00-0033090,2021,8,2
00-0032464,2021,14,1
00-0034972,2023,1,2
00-0030216,2019,11,2
00-0038997,2024,18,1
00-0034777,2020,4,2
00-0036973,2025,5,1
00-0032764,2025,12,1
00-0036900,2023,11,1
00-0040184,2025,15,1
00-0031588,2021,14,1
00-0029572,2019,16,1
00-0038129,2024,10,1
00-0036415,2024,15,1
00-0032134,2023,4,1
00-0031376,2022,17,3
00-0033293,2024,16,1
00-0036142,2020,10,1
00-0036232,2023,1,1
00-0034765,2022,7,1
00-0031273,2020,17,1
00-0036527,2024,5,1
00-0039849,2024,15,1
00-0036894,2025,2,1
00-0033923,2021,6,1
,2021,2,10
00-0032780,2019,1,1
00-0037282,2022,9,1
00-0037545,2025,9,1
00-0037664,2025,18,2
00-0032394,2019,9,1
00-0035022,2022,10,1
00-0040126,2025,18,2
00-0031273,2019,16,1
00-0029293,2021,3,1
00-0033110,2021,18,2
00-0030035,2020,9,1
00-0034753,2025,17,1
00-0035216,2023,12,2
00-0035771,2023,15,1
00-0034837,2020,1,3
00-0034383,2025,5,2
00-0031610,2025,5,1
00-0030288,2022,12,1
00-0037741,2025,14,1
00-0032141,2022,12,1
00-0032764,2023,9,1
00-0028042,2019,1,1
00-0038611,2025,13,1
,2020,17,22
00-0033375,2020,17,1
00-0038115,2022,14,1
00-0027150,2019,9,4
00-0032187,2020,5,1
00-0031408,2023,6,1
00-0037005,2025,4,2
00-0033885,2025,4,1
00-0036912,2023,5,1
00-0036970,2023,5,1
00-0028002,2019,9,1
00-0035631,2020,7,1
,2020,12,22
00-0027942,2021,5,1
00-0033923,2024,8,1
00-0035639,2022,13,1
00-0031408,2021,3,1
00-0034827,2020,12,2
00-0036196,2023,4,1
00-0038041,2023,14,1
00-0033906,2021,8,2
00-0036290,2023,4,1
00-0031585,2020,1,1
00-0032775,2022,13,1
00-0035657,2020,14,1
,2022,22,2
00-0032765,2019,12,1
00-0033536,2021,18,2
00-0027696,2020,10,2
00-0036613,2022,19,1
00-0033881,2023,8,2
00-0030506,2019,2,1
00-0035350,2019,9,3
00-0034960,2021,6,1
00-0033553,2021,19,1
00-0030663,2019,1,1
00-0035229,2021,2,2
00-0035624,2019,18,1
00-0036232,2022,1,1
00-0034829,2024,17,1
00-0030181,2021,8,1
00-0032398,2022,16,1
00-0031585,2019,8,1
00-0033923,2024,10,4
00-0036912,2025,5,1
00-0036590,2025,13,1
00-0036322,2022,4,2
00-0034351,2024,4,1
00-0030155,2019,9,1
00-0031387,2020,6,1
00-0038608,2025,13,1
00-0034386,2025,2,2
00-0030506,2022,13,1
00-0037487,2023,11,1
00-0036613,2024,2,1
00-0031325,2020,13,1
00-0034367,2021,8,1
00-0035287,2019,2,1
00-0035726,2020,9,1
00-0033906,2019,4,1
00-0034928,2019,7,1
00-0035640,2019,13,1
00-0034972,2021,16,1
00-0036268,2021,4,1
00-0030404,2019,2,1
00-0035644,2020,10,1
00-0033009,2019,17,1
00-0039067,2025,11,3
00-0035406,2021,12,1
00-0036196,2024,6,3
00-0039912,2025,10,1
00-0031428,2019,13,2
00-0034829,2020,3,1
00-0033090,2021,15,4
00-0033110,2021,21,1
00-0035229,2019,3,2
00-0027874,2019,12,1
00-0027150,2020,2,2
00-0034631,2019,15,1
00-0033118,2022,8,1
00-0034378,2020,14,1
00-0033536,2023,2,1
00-0029738,2020,6,1
00-0032208,2019,4,1
00-0029892,2020,2,1
00-0033896,2021,9,1
00-0039064,2023,6,1
00-0037238,2023,14,2
00-0031381,2023,16,1
00-0036422,2024,7,1
00-0034445,2020,15,1
00-0034798,2020,15,2
00-0031273,2021,11,4
00-0038129,2024,8,3
00-0038752,2024,18,1
00-0037248,2024,11,1
00-0034115,2022,9,2
00-0027891,2019,8,1
00-0036322,2021,11,1
00-0035685,2025,1,1
00-0029892,2025,3,1
00-0033288,2025,11,2
00-0038997,2025,14,3
00-0033293,2019,13,2
00-0034272,2023,20,1
00-0040189,2025,8,1
00-0029892,2025,17,1
00-0038794,2024,1,1
00-0033908,2025,22,1
00-0036331,2020,16,1
00-0040730,2025,8,1
00-0033908,2019,7,2
00-0033567,2020,4,1
00-0033293,2022,1,1
00-0033932,2020,6,1
00-0031588,2021,12,1
00-0034270,2019,18,1
00-0031544,2023,8,2
00-0032211,2024,7,2
00-0040129,2025,2,2
00-0040237,2025,12,2
00-0033921,2022,14,1
00-0035345,2022,5,1
00-0036158,2023,1,1
00-0031588,2019,2,2
00-0037261,2023,20,2
,2024,4,13
00-0033839,2021,5,1
00-0039894,2024,21,2
00-0038933,2025,1,2
00-0039139,2025,5,1
00-0033280,2025,19,2
00-0036196,2021,13,3
00-0037742,2022,11,1
00-0034386,2024,21,1
00-0038933,2023,9,1
00-0033943,2024,18,1
00-0035537,2024,15,1
00-0024389,2019,1,2
00-0036415,2021,8,1
00-0039066,2025,18,1
00-0031941,2021,11,2
00-0036252,2023,3,2
00-0033376,2023,16,1
00-0032104,2025,7,1
00-0034383,2023,11,2
00-0034827,2024,14,1
00-0039074,2024,19,1
00-0035216,2020,15,1
00-0037228,2024,14,2
00-0033296,2020,2,1
00-0032765,2019,14,1
00-0033923,2020,2,1
00-0033553,2020,2,1
00-0032385,2020,8,1
00-0036427,2020,10,1
00-0035216,2020,16,1
00-0031428,2021,2,2
00-0039337,2024,4,1
00-0031428,2019,16,1
00-0036963,2023,13,2
00-0034383,2024,2,1
00-0038547,2024,3,1
00-0033288,2024,6,2
00-0032211,2021,17,1
00-0033725,2021,14,1
00-0035662,2019,4,2
00-0030035,2023,2,2
00-0030564,2020,6,1
00-0027696,2020,16,2
00-0028097,2019,5,1
00-0030561,2021,16,1
00-0035719,2025,11,1
00-0033382,2020,16,1
00-0036326,2020,8,1
00-0031408,2024,12,1
00-0036555,2024,14,2
00-0033553,2021,14,1
00-0032054,2021,17,1
00-0037740,2023,5,3
00-0039893,2024,6,2
00-0037838,2022,17,2
00-0031376,2021,10,1
00-0033955,2021,2,1
00-0034407,2023,4,1
00-0033699,2022,9,2
00-0034272,2023,22,1
00-0029608,2020,13,1
00-0032602,2019,11,1
00-0036741,2021,10,1
00-0031376,2023,9,1
00-0039901,2025,20,2
00-0035125,2019,13,1
00-0028002,2020,7,1
00-0027944,2021,18,1
00-0033589,2020,11,1
00-0033555,2021,10,2
00-0036345,2023,8,1
00-0034370,2019,15,1
00-0035500,2023,12,1
00-0031235,2021,12,1
00-0036322,2022,8,1
00-0037382,2023,17,1
00-0036970,2021,1,1
00-0033658,2021,6,2
00-0035689,2025,2,1
00-0033699,2019,17,1
00-0032778,2021,18,2
00-0033387,2020,16,1
00-0036261,2023,1,2
00-0039337,2025,2,1
00-0036973,2025,2,2
00-0032134,2019,11,1
00-0033699,2024,20,1
00-0031376,2023,15,1
00-0036900,2024,4,2
00-0036980,2024,8,1
00-0035399,2022,5,1
00-0032054,2020,14,1
00-0036233,2023,13,1
00-0031381,2025,3,3
00-0035406,2020,15,1
00-0037816,2025,12,1
00-0031428,2020,14,3
00-0037666,2024,16,1
00-0038559,2023,8,1
00-0035685,2023,15,1
00-0037740,2024,1,3
00-0035140,2019,5,1
00-0034286,2019,2,1
00-0036326,2020,17,1
00-0036271,2022,12,1
00-0033891,2022,14,1
00-0031934,2019,3,1
00-0038977,2023,3,1
00-0037805,2024,9,1
00-0034521,2021,18,2
00-0038619,2024,3,2
00-0036252,2023,14,1
00-0033948,2023,17,1
00-0027942,2020,2,2
00-0039893,2025,5,1
00-0034791,2020,18,1
00-0037239,2025,13,1
00-0033282,2022,3,1
00-0035216,2022,8,4
00-0040583,2025,4,1
00-0036252,2025,18,2
00-0035229,2024,14,2
00-0034378,2019,4,1
00-0029000,2019,3,2
00-0034837,2019,14,1
00-0035676,2021,9,1
00-0031384,2022,1,1
00-0036913,2022,17,2
00-0035973,2023,3,1
00-0030506,2023,16,2
00-0038606,2024,13,3
00-0027981,2020,11,1
00-0038608,2025,2,1
00-0033009,2021,11,1
00-0036326,2022,1,1
00-0034521,2024,2,1
00-0037247,2024,6,1
00-0033885,2023,1,1
00-0031428,2019,14,2
00-0033282,2022,2,1
00-0033591,2022,4,1
00-0035689,2025,14,3
00-0035659,2019,8,2
00-0036247,2021,10,1
00-0033923,2022,3,1
00-0031763,2022,18,2
00-0033288,2022,4,1
00-0033040,2023,14,1
00-0036182,2024,15,1
00-0033110,2025,2,1
00-0038117,2025,5,1
00-0031260,2020,17,1
00-0037569,2022,7,1
00-0035689,2022,2,1
00-0034348,2022,4,2
00-0031376,2022,9,2
00-0032602,2022,1,1
00-0033293,2021,6,1
00-0029892,2023,4,1
00-0038997,2024,4,2
00-0037011,2022,5,1
00-0031544,2019,2,1
00-0038117,2023,12,1
00-0036345,2022,15,3
00-0036980,2024,1,1
00-0029892,2019,3,1
00-0037816,2024,8,1
,2024,9,32
00-0039894,2025,6,2
00-0033906,2021,5,1
00-0034837,2021,7,3
00-0036233,2022,10,1
00-0037563,2022,17,1
00-0035719,2023,16,1
00-0035140,2024,5,2
00-0034521,2024,5,3
00-0030506,2020,8,1
00-0035311,2021,9,1
00-0038393,2024,9,1
00-0036358,2020,4,1
00-0031387,2020,3,1
00-0040705,2025,9,1
00-0040129,2025,18,1
00-0033943,2020,8,1
00-0036415,2025,11,1
00-0036290,2025,18,1
00-0038935,2025,15,2
00-0032765,2022,2,1
00-0035644,2020,16,1
00-0038558,2025,16,1
00-0036560,2021,19,1
00-0033536,2021,10,3
00-0029587,2019,9,1
00-0036842,2021,13,1
00-0033932,2021,12,3
00-0034348,2024,4,2
00-0036900,2023,9,2
00-0036290,2020,13,1
00-0036290,2021,17,2
00-0036423,2021,1,2
00-0032009,2021,1,1
00-0034348,2022,2,3
00-0036919,2025,10,1
00-0039040,2025,17,1
00-0032398,2022,14,1
00-0040078,2025,4,1
00-0032134,2021,9,1
00-0034367,2020,14,2
00-0036963,2023,14,1
00-0034830,2024,10,1
00-0033555,2024,18,1
00-0032134,2019,8,1
00-0032543,2019,2,1
00-0036875,2024,1,1
00-0034348,2025,16,3
00-0034272,2021,14,2
00-0031588,2025,4,2
00-0033908,2019,2,1
00-0038544,2024,12,1
00-0039617,2024,18,2
00-0034988,2020,6,1
00-0039065,2023,20,3
00-0038953,2025,14,3
00-0034109,2019,16,1
00-0036290,2025,19,1
00-0037300,2024,17,2
00-0040189,2025,3,2
00-0035640,2025,7,1
00-0031376,2022,3,1
00-0036233,2022,17,2
00-0033217,2021,4,3
00-0033857,2022,5,6
00-0036963,2022,1,1
00-0033904,2021,17,1
00-0037238,2024,3,3
00-0037382,2022,14,1
00-0034753,2020,17,2
00-0035640,2024,13,2
00-0040584,2025,15,2
00-0038117,2024,7,1
00-0032765,2019,2,1
00-0031588,2020,13,1
00-0035249,2024,9,1
00-0026035,2021,1,1
00-0038117,2024,15,1
,2023,10,12
00-0031610,2019,4,1
00-0036309,2023,7,1
00-0034351,2023,6,2
00-0032940,2019,17,4
00-0035719,2023,14,1
00-0039356,2025,11,1
00-0034487,2025,14,1
00-0039146,2024,6,2
00-0034272,2019,4,2
00-0035414,2020,17,2
00-0037809,2024,9,1
00-0030216,2019,14,2
00-0030279,2020,15,1
00-0038129,2022,6,1
00-0034411,2022,17,1
,2023,9,12
00-0037256,2023,10,1
00-0033906,2022,3,2
00-0034351,2019,18,1
00-0039915,2024,15,1
00-0036973,2024,18,1
00-0040663,2025,4,1
00-0036900,2021,7,1
00-0035659,2019,12,1
00-0031544,2020,14,2
00-0034775,2021,13,1
00-0034301,2021,16,1
00-0037742,2022,3,1
00-0031209,2019,17,1
00-0036328,2022,13,1
00-0039065,2024,12,2
00-0033881,2025,8,2
00-0034867,2019,15,1
00-0031610,2021,5,1
00-0027685,2019,2,5
00-0036322,2022,10,4
00-0035640,2024,1,1
00-0039075,2024,10,2
00-0031045,2019,18,1
00-0035676,2023,13,6
00-0037340,2025,2,1
00-0038994,2023,7,3
00-0036875,2024,2,3
00-0033293,2025,8,1
00-0036613,2024,4,1
00-0030741,2019,9,1
00-0033881,2021,3,1
00-0030035,2022,10,1
00-0040734,2025,13,1
00-0031381,2019,20,1
00-0034799,2020,4,1
00-0035140,2021,3,2
00-0033921,2024,3,1
00-0034676,2020,16,1
00-0031068,2019,1,1
00-0033699,2021,15,1
00-0031547,2019,7,3
00-0030279,2020,11,3
00-0030035,2022,1,1
00-0038563,2024,3,1
00-0039893,2024,14,2
00-0036997,2024,18,1
00-0031260,2021,13,1
00-0034270,2021,13,4
00-0037666,2025,17,1
00-0037120,2025,9,1
00-0034829,2019,17,2
00-0034772,2019,9,2
00-0035676,2021,2,1
00-0027061,2021,10,1
00-0033856,2020,17,1
00-0034487,2019,5,1
00-0036963,2021,18,2
00-0036187,2022,2,1
00-0036912,2023,19,1
00-0035216,2022,15,1
00-0031236,2023,10,1
00-0039062,2024,11,1
00-0033040,2021,10,4
00-0031325,2022,10,1
00-0030506,2024,12,2
00-0039361,2025,3,1
00-0039040,2025,4,1
00-0033881,2025,11,1
00-0033090,2019,8,1
00-0034827,2019,12,4
00-0030279,2020,8,1
00-0035869,2020,9,1
00-0036182,2022,12,1
00-0032128,2020,15,1
,2024,10,17
00-0039338,2024,12,2
00-0031381,2024,18,3
00-0035350,2019,3,3
00-0030506,2020,16,3
00-0033856,2021,4,2
00-0037306,2025,15,1
00-0034351,2021,2,1
00-0036244,2025,1,1
00-0034816,2019,12,1
00-0037809,2025,16,3
00-0034845,2019,11,2
00-0033090,2025,3,4
00-0036410,2023,4,2
00-0036244,2025,15,4
00-0030456,2021,5,1
00-0039067,2023,14,3
,2025,12,21
00-0034928,2019,16,3
00-0039361,2024,10,1
00-0033009,2019,7,1
00-0033025,2021,19,1
00-0038543,2024,8,1
00-0033090,2024,2,1
00-0040730,2025,7,2
00-0034351,2025,16,1
00-0033699,2024,9,1
00-0032144,2019,9,1
00-0036554,2025,2,3
00-0031381,2022,13,1
00-0039041,2025,16,1
00-0032765,2019,16,3
00-0034777,2020,14,2
00-0036955,2022,8,2
00-0038979,2024,11,1
00-0037267,2024,16,1
00-0033921,2023,7,2
00-0030506,2021,15,3
00-0032009,2020,6,1
00-0033591,2024,6,1
00-0036336,2023,1,2
00-0033885,2024,7,3
00-0038542,2024,8,1
00-0030061,2024,19,1
00-0029000,2020,15,1
00-0035640,2021,4,1
00-0038619,2023,16,1
00-0032951,2020,16,1
00-0025418,2020,9,2
00-0036963,2021,17,2
00-0034960,2023,1,3
00-0033282,2023,18,1
00-0034406,2019,4,1
00-0029000,2019,9,1
00-0034753,2021,15,5
00-0034270,2021,3,3
00-0039139,2023,16,2
00-0036410,2025,14,1
00-0036754,2022,7,1
00-0039338,2024,18,3
00-0031428,2019,17,3
,2020,4,21
00-0032134,2019,16,2
00-0027944,2021,9,1
00-0038117,2022,8,1
00-0033555,2021,7,1
00-0030279,2024,17,1
00-0033591,2022,6,1
,2025,21,1
00-0035243,2019,7,1
00-0031273,2022,3,1
00-0033119,2019,16,1
00-0036955,2022,17,1
00-0032211,2021,14,1
00-0033293,2022,15,3
00-0030431,2024,16,1
00-0033895,2019,8,1
00-0036232,2021,15,1
00-0030549,2020,4,1
00-0038117,2025,6,1
00-0032062,2020,13,1
00-0033536,2019,16,1
00-0033879,2022,1,1
00-0036613,2024,3,1
00-0034613,2024,10,2
00-0038994,2024,13,2
00-0036945,2025,11,1
00-0034073,2025,14,1
00-0023500,2020,4,1
00-0039021,2024,9,1
00-0034052,2021,2,1
00-0036893,2021,11,1
00-0033611,2019,9,1
00-0031381,2020,16,3
00-0036345,2022,1,2
00-0033553,2023,1,1
00-0036165,2025,18,1
00-0031408,2020,9,2
00-0035535,2024,1,1
00-0033114,2022,1,4
00-0034418,2021,11,1
,2019,18,7
00-0036554,2021,15,1
00-0032054,2020,17,1
00-0033293,2019,8,2
00-0032135,2020,9,1
00-0027944,2019,1,2
00-0036900,2021,16,1
00-0036268,2020,14,3
00-0035639,2022,16,1
00-0036900,2021,17,2
00-0030061,2022,2,3
00-0033854,2022,17,1
00-0031408,2023,11,3
00-0033921,2025,4,1
00-0038124,2025,11,2
00-0033110,2019,14,4
00-0036876,2023,3,1
00-0031408,2024,6,1
00-0036331,2024,3,1
00-0037840,2022,11,1
00-0036963,2025,16,4
00-0037744,2023,18,2
00-0032626,2019,17,1
00-0030578,2020,10,1
00-0034970,2020,16,4
00-0033857,2019,6,1
,2020,14,18
00-0034970,2020,6,3
00-0035594,2021,10,2
00-0035644,2021,10,2
00-0039342,2025,17,1
00-0030578,2020,13,1
00-0034521,2019,8,1
00-0035535,2025,9,1
00-0033466,2021,16,2
00-0027944,2019,3,2
00-0033288,2023,17,1
00-0033375,2020,7,1
00-0037805,2024,10,1
00-0032187,2020,7,2
00-0033251,2020,9,1
00-0029293,2022,10,1
00-0038619,2025,6,1
00-0032602,2020,12,1
00-0035539,2019,15,1
00-0029000,2020,4,1
00-0027981,2020,10,2
00-0034348,2023,6,1
00-0032385,2024,7,1
00-0027061,2020,18,1
00-0033288,2022,8,1
00-0034764,2019,13,1
00-0034487,2023,4,1
00-0033040,2024,8,2
00-0035924,2022,17,1
00-0037239,2022,1,1
00-0034011,2020,13,1
00-0036637,2024,13,1
00-0036955,2021,1,2
00-0038543,2024,18,1
00-0037287,2024,11,1
00-0033681,2021,9,3
00-0039391,2025,9,1
00-0035229,2021,4,1
00-0032054,2019,14,1
00-0033536,2020,1,1
00-0035457,2020,14,1
00-0033090,2021,11,1
00-0034827,2024,12,3
00-0038994,2024,15,1
00-0032211,2025,9,2
00-0036232,2022,15,1
00-0030035,2023,11,1
00-0033118,2021,10,1
00-0034681,2020,3,1
00-0029892,2020,14,2
00-0027966,2021,6,1
00-0033536,2022,3,2
,2019,9,26
00-0036040,2024,14,1
00-0033553,2024,15,2
00-0031588,2022,12,3
00-0036290,2022,4,1
00-0033885,2025,5,3
00-0037557,2023,19,1
00-0038117,2025,2,1
00-0037005,2025,18,1
00-0033757,2020,17,1
00-0037744,2024,10,1
00-0031428,2022,1,1
00-0030513,2019,7,3
00-0030506,2020,9,1
00-0036290,2021,16,2
00-0034348,2019,14,3
00-0036970,2021,4,3
00-0034830,2020,14,1
00-0033891,2022,1,3
00-0037077,2023,18,1
00-0033280,2023,20,1
00-0036973,2024,2,1
00-0036900,2024,9,2
00-0035603,2021,20,1
00-0037291,2024,10,1
00-0036876,2024,1,1
00-0030279,2024,13,1
00-0034351,2022,5,1
00-0030506,2022,10,1
,2023,17,14
00-0030085,2020,7,1
00-0034348,2025,14,1
00-0036407,2024,16,1
00-0034765,2021,18,3
00-0037228,2023,1,1
00-0034104,2021,8,1
00-0035644,2020,4,1
00-0032394,2024,17,1
00-0031588,2021,16,5
00-0031787,2021,2,1
00-0039139,2025,13,1
00-0033471,2019,16,1
00-0034681,2021,16,1
00-0034676,2021,19,1
00-0037291,2024,12,1
00-0033282,2019,11,1
00-0033555,2021,9,1
00-0039894,2024,1,1
00-0035249,2024,4,1
00-0038667,2023,15,1
00-0040134,2025,14,1
00-0032055,2019,1,1
00-0035597,2019,17,1
00-0036410,2021,19,1
00-0036970,2021,2,1
00-0038124,2022,11,3
00-0036527,2022,14,1
00-0031544,2023,12,1
00-0037840,2024,8,1
00-0035700,2021,4,1
00-0036326,2021,17,1
00-0036322,2020,17,1
00-0038544,2023,10,1
00-0035640,2022,5,2
00-0039146,2023,19,1
00-0036555,2024,3,2
00-0034351,2023,5,1
00-0029119,2019,17,1
00-0030061,2022,1,3
00-0038996,2023,19,1
00-0032128,2019,12,1
00-0034351,2021,5,1
00-0036252,2021,8,3
00-0035662,2022,2,2
00-0034829,2022,17,2
00-0030506,2024,20,2
00-0032104,2024,12,1
00-0034970,2020,9,2
00-0036963,2021,5,1
00-0038543,2023,17,1
00-0032058,2022,5,1
00-0036040,2022,2,1
00-0035500,2024,1,1
00-0033280,2022,20,1
00-0034521,2020,16,1
00-0030506,2020,20,5
00-0037238,2024,14,1
00-0039064,2024,2,1
00-0034115,2022,7,1
00-0032897,2022,8,1
00-0039067,2025,13,4
00-0032764,2022,5,1
00-0038997,2024,10,3
00-0040162,2025,8,2
00-0029892,2020,15,1
00-0032977,2020,5,1
00-0031868,2019,17,1
00-0029738,2019,2,1
00-0030288,2021,8,1
00-0033858,2021,9,1
00-0033893,2022,12,2
00-0035250,2023,14,1
00-0034829,2021,8,2
00-0035216,2021,1,2
00-0036862,2025,4,1
00-0034829,2023,4,1
00-0034353,2020,10,1
00-0034959,2023,16,1
00-0039356,2024,5,1
00-0033921,2023,3,3
00-0033293,2023,15,1
00-0030061,2024,6,1
00-0039893,2025,15,3
00-0032104,2021,14,1
00-0036360,2021,5,1
00-0038117,2024,16,3
00-0035140,2023,7,2
00-0034364,2020,1,1
00-0036894,2022,16,1
00-0035659,2023,7,4
00-0036407,2025,5,1
00-0033528,2021,15,1
00-0036265,2021,16,1
00-0035639,2022,11,1
00-0031260,2022,11,2
00-0038129,2023,10,1
00-0037282,2023,17,1
00-0032214,2021,16,1
00-0034348,2024,1,2
00-0035229,2023,8,2
00-0034827,2019,9,1
00-0035631,2020,16,1
00-0035208,2024,7,1
00-0030506,2020,1,2
00-0026189,2020,7,2
00-0036906,2021,8,2
00-0036414,2024,11,1
,2025,3,15
00-0033090,2025,4,1
00-0038840,2025,9,1
00-0039384,2025,15,1
00-0033932,2021,13,1
00-0039849,2024,3,1
00-0034270,2024,6,1
00-0038041,2025,5,2
00-0034844,2025,6,1
00-0033906,2020,8,2
00-0035594,2022,12,1
00-0039855,2024,17,3
00-0038609,2025,3,1
00-0035148,2020,17,2
00-0034775,2021,3,1
00-0036410,2022,21,2
00-0033757,2023,6,1
00-0037247,2022,12,2
00-0040277,2025,17,1
00-0036913,2022,18,1
00-0036875,2025,15,1
00-0032058,2019,11,1
00-0031941,2021,8,1
00-0036963,2022,11,1
00-0036912,2022,16,3
00-0032392,2021,3,1
00-0033455,2021,15,1
00-0034440,2022,4,1
00-0036244,2025,10,3
00-0039139,2025,12,1
00-0038783,2024,15,1
00-0035631,2020,4,3
00-0036550,2024,3,2
00-0036383,2022,2,1
00-0034411,2020,4,2
00-0034854,2022,5,1
00-0039067,2023,15,3
00-0034109,2019,6,1
00-0033090,2020,7,1
00-0036913,2022,10,1
00-0033908,2023,6,2
00-0031051,2019,4,2
00-0036309,2024,6,2
00-0034676,2020,1,1
00-0033040,2024,18,1
00-0035099,2019,15,1
00-0029632,2019,11,2
00-0036912,2021,10,1
00-0038824,2024,9,1
00-0037248,2023,11,1
00-0038794,2023,11,1
00-0031285,2021,13,2
00-0036637,2024,14,1
00-0033110,2024,20,4
00-0030068,2022,8,1
00-0032241,2019,7,1
00-0035261,2024,2,2
00-0038542,2025,2,3
00-0037509,2024,14,1
00-0033858,2022,8,1
00-0031588,2022,1,1
00-0036309,2023,10,1
00-0031257,2019,9,1
,2020,7,20
00-0034309,2020,12,2
00-0032385,2020,13,1
00-0030035,2021,6,2
00-0036628,2021,18,1
00-0035719,2023,17,5
00-0034960,2021,18,1
00-0035535,2024,5,1
00-0034753,2022,3,5
00-0031690,2022,14,1
00-0036322,2025,7,2
00-0029892,2019,14,2
00-0034353,2019,14,1
00-0033871,2019,17,1
00-0036020,2021,2,2
00-0033251,2021,13,1
00-0035659,2022,13,1
00-0035719,2022,14,1
00-0036900,2023,3,1
00-0035689,2023,7,2
00-0035640,2022,6,2
00-0032211,2022,19,1
00-0038041,2022,8,1
00-0034393,2020,17,2
00-0038619,2024,18,1
00-0037456,2022,13,1
00-0036196,2025,11,1
00-0033288,2021,11,1
00-0037228,2022,18,1
00-0036358,2021,1,2
00-0032208,2019,13,3
00-0031408,2021,20,2
00-0035676,2022,18,1
00-0034972,2023,8,1
00-0037838,2023,17,1
00-0037805,2025,17,1
00-0036196,2021,14,3
00-0033885,2021,17,1
00-0034348,2023,18,1
00-0034775,2019,2,1
00-0034521,2020,3,1
00-0031260,2022,3,1
00-0036991,2021,18,2
00-0034960,2019,5,1
00-0039410,2025,14,3
00-0035350,2019,1,2
00-0036554,2022,2,1
00-0024243,2021,14,2
00-0034331,2019,11,1
00-0027966,2021,2,1
00-0034775,2022,13,1
00-0036322,2022,15,2
00-0032775,2019,6,1
00-0034386,2024,22,1
00-0036410,2025,2,1
00-0036936,2021,15,1
00-0035924,2020,17,1
00-0032144,2021,2,1
00-0036326,2022,5,1
00-0033897,2022,16,2
00-0033526,2023,3,1
00-0036223,2023,9,1
00-0035644,2025,13,1
00-0035640,2024,2,1
00-0036628,2023,16,2
00-0031381,2022,4,3
00-0034351,2023,16,1
00-0032775,2024,4,1
00-0032688,2022,5,1
00-0033856,2022,16,2
00-0034791,2024,13,1
00-0036244,2025,12,2
00-0034378,2020,7,1
00-0033699,2021,10,2
00-0033040,2020,5,1
00-0036652,2021,14,1
00-0035640,2025,8,2
00-0038559,2025,18,2
00-0033288,2020,8,1
00-0035311,2019,14,1
00-0039916,2024,16,2
00-0032945,2019,5,1
00-0030404,2019,17,1
00-0033040,2019,8,1
00-0034366,2020,12,2
00-0032951,2021,6,1
00-0034279,2022,7,1
00-0032392,2021,1,1
00-0036358,2023,8,2
00-0036912,2024,3,1
00-0035700,2023,3,1
00-0027793,2020,15,2
00-0034960,2019,13,2
00-0032227,2019,13,1
00-0030496,2019,15,1
00-0033857,2022,7,2
00-0036139,2023,16,1
00-0037011,2021,18,1
00-0031235,2023,11,1
00-0036963,2024,12,1
00-0038821,2024,16,1
00-0036358,2025,11,3
00-0034348,2022,5,3
00-0036569,2022,18,1
00-0033251,2021,4,2
00-0037132,2024,2,2
00-0033932,2019,14,1
00-0030035,2024,14,1
00-0038935,2025,17,1
00-0032398,2023,6,1
00-0032141,2021,6,1
00-0034115,2019,12,1
00-0033681,2020,12,2
00-0033885,2023,10,3
00-0033923,2024,7,1
00-0035639,2019,1,1
00-0033375,2021,12,1
00-0033611,2019,16,1
00-0034270,2023,13,1
00-0038941,2023,14,1
00-0033906,2020,14,1
00-0036876,2024,10,1
00-0036223,2021,5,1
00-0040126,2025,14,1
00-0034011,2021,10,2
00-0034521,2021,14,1
00-0036970,2021,18,1
00-0039066,2024,18,1
00-0039894,2024,20,3
00-0037545,2025,3,1
00-0035726,2020,2,1
00-0033045,2021,3,2
00-0032128,2020,9,1
00-0036326,2021,8,1
00-0033948,2019,7,1
00-0033466,2019,10,2
00-0031381,2022,2,2
00-0039146,2023,12,1
00-0033955,2020,8,1
00-0031381,2025,15,2
00-0031941,2024,16,2
00-0035500,2022,3,1
00-0034960,2023,5,1
00-0036626,2021,2,1
00-0034353,2020,8,1
00-0036876,2022,4,1
00-0039062,2023,10,1
00-0034775,2025,12,3
00-0031544,2021,1,3
00-0036550,2021,10,1
00-0032319,2019,16,1
00-0030456,2021,3,2
00-0033589,2020,2,1
00-0034297,2021,19,2
00-0036252,2024,4,3
00-0034829,2022,7,2
00-0035329,2022,17,1
00-0035703,2023,5,1
00-0033090,2020,15,2
00-0034799,2020,11,3
00-0033307,2021,17,2
00-0038041,2023,1,5
00-0037086,2023,16,1
00-0036145,2023,10,2
00-0033591,2022,13,1
00-0032775,2024,9,1
00-0036322,2025,4,1
00-0039075,2023,16,1
00-0032626,2019,4,2
,2020,10,20
00-0036322,2021,4,1
00-0034960,2021,10,1
00-0036309,2024,13,1
00-0033591,2022,3,4
00-0033555,2025,8,1
00-0032392,2024,4,1
00-0032385,2020,7,3
00-0036550,2025,9,1
00-0026035,2019,7,2
00-0035700,2025,17,1
00-0034348,2019,13,1
00-0040277,2025,16,1
00-0030279,2021,10,1
00-0033127,2020,5,1
00-0033045,2019,13,2
00-0033251,2019,14,3
00-0034854,2021,8,1
00-0036912,2022,3,2
00-0037740,2023,6,3
00-0033090,2025,18,1
00-0031235,2019,15,4
00-0034253,2022,11,1
00-0038090,2023,4,1
00-0036637,2024,17,1
00-0033881,2022,14,2
00-0035148,2019,14,1
00-0035249,2021,2,1
,2024,20,12
00-0034829,2025,13,2
00-0031260,2022,17,1
00-0034419,2021,15,1
00-0036427,2020,6,1
00-0033553,2020,17,2
00-0037744,2023,4,1
00-0036963,2022,3,1
00-0035342,2020,14,1
00-0032054,2019,9,1
00-0028112,2019,15,1
00-0032765,2019,5,2
00-0037248,2022,15,2
00-0036244,2025,13,2
00-0035671,2019,20,1
00-0033943,2020,15,1
00-0035631,2023,12,1
00-0028002,2022,12,2
00-0037247,2023,13,1
00-0031687,2023,16,1
00-0038046,2025,11,1
00-0031381,2021,20,1
00-0036963,2024,1,2
00-0034981,2022,10,2
00-0034364,2022,11,1
00-0035535,2020,4,2
00-0038597,2025,7,1
00-0039918,2025,9,1
00-0038542,2025,17,1
00-0036900,2022,19,2
00-0036894,2022,12,2
00-0033375,2020,4,1
00-0034827,2024,3,3
00-0034419,2025,7,1
00-0033699,2020,16,1
00-0037666,2024,15,1
00-0037005,2021,5,1
00-0031868,2019,1,1
00-0036955,2021,3,1
00-0036963,2021,4,2
00-0036271,2022,5,1
00-0033375,2024,11,1
00-0035261,2023,4,1
00-0030506,2019,6,1
00-0038563,2025,13,1
00-0033293,2023,8,2
00-0033921,2019,11,1
00-0034351,2020,2,1
00-0027685,2019,9,1
00-0032385,2020,16,3
00-0033282,2022,4,1
00-0036955,2023,10,1
00-0036973,2023,13,1
00-0039894,2024,15,2
00-0031588,2020,2,1
00-0039074,2025,13,1
00-0034270,2021,15,1
00-0040590,2025,21,1
00-0034319,2020,17,1
00-0040584,2025,8,2
00-0031236,2024,13,2
00-0033897,2024,17,1
00-0031744,2019,13,1
00-0033555,2022,14,1
00-0038542,2024,18,1
00-0040126,2025,19,4
00-0027656,2020,5,1
00-0036182,2023,14,2
00-0037256,2024,14,1
00-0036322,2025,16,1
00-0030513,2023,7,1
00-0033893,2022,6,1
00-0035700,2023,12,1
00-0033288,2024,4,1
00-0033854,2019,5,1
00-0035181,2019,6,2
00-0034827,2021,6,1
00-0036894,2021,17,1
00-0036876,2022,13,1
00-0037085,2024,2,1
00-0035535,2023,18,2
00-0032200,2023,6,1
00-0034753,2020,2,1
00-0036259,2024,1,1
00-0035644,2020,2,3
00-0031408,2022,15,1
00-0037228,2024,8,1
00-0033854,2021,16,1
00-0035216,2019,2,1
00-0039732,2024,9,1
00-0036268,2020,15,1
00-0037744,2025,17,2
00-0033556,2019,11,1
00-0031544,2020,6,3
00-0037091,2023,18,1
00-0034365,2024,6,1
00-0031428,2020,1,2
00-0033009,2022,1,1
00-0034775,2022,12,1
00-0033536,2024,7,1
00-0034419,2021,14,1
00-0033251,2021,3,4
00-0033720,2020,10,1
00-0033040,2024,14,1
00-0036232,2021,16,1
00-0036497,2023,16,1
00-0027685,2019,1,3
00-0036422,2021,18,1
00-0034829,2024,9,1
00-0035659,2024,10,1
00-0034309,2020,6,2
00-0036165,2022,16,1
00-0037744,2025,10,3
00-0036331,2021,3,1
00-0036360,2020,3,1
00-0034366,2019,7,2
00-0040009,2025,4,1
00-0036550,2025,8,1
00-0031381,2019,14,1
00-0034960,2023,15,2
00-0027793,2020,10,1
00-0035685,2021,3,1
00-0036365,2021,9,1
00-0036628,2022,12,2
00-0033681,2019,17,1
00-0033251,2020,10,2
00-0039066,2024,12,1
00-0037837,2024,17,1
00-0034799,2019,9,1
00-0036290,2023,10,1
00-0033681,2019,12,1
00-0032392,2021,9,1
00-0031549,2020,11,3
00-0030068,2022,10,1
00-0034351,2019,8,2
00-0038935,2024,6,1
00-0034959,2023,18,1
00-0033839,2019,7,2
00-0033357,2022,12,1
00-0035676,2020,11,2
00-0034407,2024,2,1
00-0033288,2024,12,2
00-0040130,2025,10,3
00-0040189,2025,10,3
00-0038563,2025,2,1
00-0037252,2025,14,1
00-0039146,2025,16,2
00-0038933,2025,14,1
00-0033553,2025,1,1
00-0029000,2020,14,1
00-0036261,2020,15,1
00-0035719,2022,6,1
,2023,22,3
00-0033536,2020,16,3
00-0031549,2023,14,2
00-0032211,2019,13,1
00-0033906,2019,11,2
00-0030279,2023,13,1
00-0033025,2020,4,2
00-0034764,2021,16,2
00-0038129,2024,5,1
00-0033955,2024,16,1
00-0034351,2023,17,1
00-0033307,2025,5,1
00-0033040,2019,21,1
00-0034747,2019,17,1
00-0032160,2019,3,1
00-0032392,2021,10,1
00-0032764,2022,13,1
00-0033921,2023,20,1
00-0037816,2024,1,2
00-0039040,2024,3,1
00-0036165,2025,17,1
00-0037816,2024,15,2
00-0033090,2020,12,1
00-0033589,2024,10,1
00-0037666,2023,18,1
00-0036232,2021,18,2
00-0035624,2020,3,3
00-0031235,2023,6,1
00-0036414,2023,9,1
00-0030061,2019,13,3
00-0032257,2019,14,1
00-0031544,2022,6,2
00-0034975,2019,2,1
00-0034348,2025,6,1
00-0036358,2024,3,2
00-0037545,2023,7,1
00-0031260,2023,16,1
00-0034272,2022,4,2
00-0035216,2023,17,1
00-0036410,2024,16,3
00-0039065,2024,17,2
00-0038129,2024,2,1
00-0033906,2020,9,1
00-0033307,2022,11,1
00-0033280,2021,10,2
00-0027944,2022,14,2
00-0038496,2023,17,2
00-0032775,2021,7,1
00-0035676,2021,7,1
00-0036550,2024,18,1
00-0030506,2019,7,1
00-0039040,2025,6,1
00-0033553,2019,15,1
00-0036252,2025,2,1
00-0035719,2019,2,2
00-0036358,2020,1,1
00-0027981,2022,18,1
00-0033906,2023,12,1
00-0034753,2024,17,1
00-0033118,2022,18,1
00-0034764,2022,13,4
00-0036182,2022,14,2
00-0036422,2023,13,1
00-0038608,2024,9,1
00-0033681,2022,8,1
00-0035719,2022,18,1
00-0035644,2020,15,1
00-0036096,2020,3,1
00-0030470,2019,2,2
00-0034383,2020,17,2
00-0034407,2021,10,1
00-0034367,2022,20,1
00-0037247,2024,10,1
00-0030506,2025,8,1
00-0034419,2021,8,1
00-0036275,2022,12,3
00-0035287,2019,10,1
00-0036410,2022,19,1
00-0040237,2025,10,3
00-0031588,2020,20,2
00-0034370,2020,17,2
00-0036550,2025,10,3
00-0036040,2024,9,1
00-0038824,2025,2,1
00-0039915,2025,6,3
00-0036613,2022,2,4
00-0034433,2019,4,1
00-0038134,2024,1,2
00-0035700,2019,7,1
00-0033881,2020,2,1
00-0032977,2020,6,1
00-0036412,2020,15,1
00-0034159,2025,17,1
00-0036322,2021,10,1
00-0034830,2022,20,2
00-0037664,2025,13,1
00-0032392,2019,17,2
00-0033127,2019,19,1
00-0036410,2022,2,2
00-0035662,2021,15,5
00-0038393,2023,18,2
00-0033908,2023,16,5
00-0033906,2023,4,2
00-0035039,2020,12,1
00-0034681,2021,1,1
00-0034983,2023,4,1
00-0031387,2019,7,2
00-0033908,2021,17,1
00-0030506,2020,5,3
00-0035021,2021,17,1
00-0036196,2020,2,1
00-0032054,2021,11,1
00-0031610,2021,18,2
00-0036139,2025,19,1
00-0034270,2022,1,1
00-0031588,2021,1,2
00-0038120,2024,5,1
00-0034764,2019,17,1
00-0034829,2020,17,2
00-0030549,2019,5,1
00-0032058,2021,4,1
00-0035229,2020,3,1
00-0033110,2021,3,2
00-0033921,2021,5,4
00-0032135,2021,8,1
00-0030669,2021,2,1
00-0036387,2020,11,2
00-0032211,2020,9,1
00-0030035,2022,15,1
00-0033009,2022,13,2
00-0031236,2019,1,1
00-0027944,2022,16,1
00-0039901,2024,4,1
00-0033114,2020,2,1
00-0034348,2024,8,2
00-0038997,2024,12,1
00-0039919,2024,14,2
00-0034775,2020,16,3
00-0030061,2020,17,1
00-0035229,2024,10,2
00-0036410,2025,18,3
00-0031062,2019,5,2
00-0025394,2021,10,1
00-0030506,2024,15,1
00-0036290,2024,11,1
00-0031285,2019,5,1
00-0037487,2023,4,1
00-0036040,2023,8,1
00-0034272,2020,19,1
00-0034383,2021,13,1
00-0032392,2023,16,1
,2023,18,15
00-0037840,2024,2,3
00-0038996,2024,7,1
00-0037239,2022,4,1
00-0038977,2024,8,1
00-0030564,2019,6,4
00-0033891,2019,10,1
00-0033045,2021,16,1
00-0032211,2023,2,3
00-0039050,2025,18,1
00-0034970,2019,14,1
00-0035140,2020,13,1
00-0034351,2022,6,1
00-0034184,2020,15,1
00-0027696,2021,13,2
00-0032775,2024,13,1
00-0034983,2021,19,1
00-0038997,2025,9,2
00-0037247,2025,16,2
00-0029239,2021,16,1
00-0033857,2022,15,1
00-0030035,2024,16,1
00-0040198,2025,9,1
00-0039342,2024,8,1
00-0034928,2019,17,3
00-0038559,2025,10,3
,2025,11,25
00-0027685,2019,6,1
00-0032160,2019,1,1
00-0030456,2019,14,1
00-0030506,2024,10,3
00-0036139,2024,14,1
00-0029293,2020,15,1
00-0033932,2019,6,2
00-0038619,2025,13,1
00-0038543,2023,16,1
00-0035216,2021,13,1
00-0036554,2025,9,1
00-0034440,2020,17,1
00-0032187,2019,10,1
00-0033594,2020,5,1
00-0033009,2020,13,1
00-0033893,2020,15,2
00-0035685,2022,15,1
00-0031260,2023,15,1
00-0033891,2022,5,1
00-0038129,2023,12,1
00-0034646,2023,17,1
00-0033923,2023,19,1
00-0034844,2024,9,3
00-0036970,2024,14,2
00-0034775,2020,4,2
00-0039739,2025,11,1
00-0031260,2020,6,1
00-0035208,2021,13,1
00-0034972,2021,14,1
00-0034351,2022,4,1
00-0035657,2022,18,1
00-0032135,2019,6,1
00-0031325,2020,14,1
00-0035341,2022,16,1
00-0034829,2025,18,1
00-0034981,2019,9,1
00-0027966,2019,13,1
00-0034830,2020,5,1
00-0038544,2024,17,1
00-0029000,2022,19,1
00-0032980,2019,16,1
00-0036550,2025,3,1
00-0030108,2019,11,1
00-0035624,2020,2,2
00-0038542,2023,2,1
00-0034686,2019,10,1
00-0036290,2022,12,1
00-0031610,2020,9,3
00-0038543,2023,12,1
00-0034837,2025,5,1
00-0033594,2019,5,1
00-0033009,2021,15,1
00-0031382,2021,7,1
00-0033908,2021,21,4
00-0031381,2022,18,1
00-0032464,2025,4,1
00-0035216,2021,4,1
00-0035860,2022,2,1
00-0034419,2021,11,1
00-0030564,2019,18,1
00-0033895,2022,19,1
00-0036223,2020,5,1
00-0033757,2020,15,2
00-0034367,2022,16,1
00-0035216,2020,7,4
00-0033699,2021,18,2
00-0031763,2022,9,1
00-0036196,2022,10,3
00-0027944,2023,8,1
00-0035664,2021,12,1
,2021,7,17
00-0039880,2024,11,1
00-0037252,2025,15,1
00-0034983,2020,12,1
00-0036322,2024,14,2
00-0033858,2024,18,4
00-0031260,2021,3,2
00-0036410,2022,7,1
00-0037614,2023,16,2
00-0027891,2020,7,1
00-0036358,2024,16,1
00-0034798,2024,3,1
00-0034676,2020,12,1
00-0035250,2022,20,1
00-0039041,2024,5,1
00-0034753,2024,5,1
00-0037300,2022,15,2
00-0036613,2024,12,1
00-0036415,2020,17,1
00-0037247,2023,19,2
00-0037256,2024,1,1
00-0034844,2023,11,1
00-0033280,2025,4,2
00-0038393,2025,7,1
00-0039530,2025,11,1
00-0032765,2020,1,2
00-0033536,2022,2,1
00-0032980,2019,11,1
00-0034750,2022,1,1
00-0034353,2020,7,1
00-0036326,2020,15,3
00-0036912,2022,6,1
,2022,13,17
00-0034270,2020,15,1
00-0035628,2024,9,1
00-0030279,2022,16,2
00-0034928,2020,11,1
00-0035719,2024,1,1
00-0039032,2023,17,1
00-0036637,2022,10,1
00-0034613,2025,13,2
00-0036912,2022,10,1
00-0035676,2024,1,1
00-0032104,2024,11,1
00-0034791,2019,6,1
00-0033280,2021,1,1
00-0033045,2021,13,1
00-0033555,2024,6,2
00-0035689,2023,3,2
00-0033455,2020,13,2
00-0038104,2025,5,1
00-0035208,2025,1,1
00-0033881,2021,5,1
00-0035140,2021,9,2
00-0037837,2025,3,1
00-0030061,2021,17,2
00-0030431,2022,13,1
00-0039793,2025,17,2
00-0036252,2021,4,2
00-0036450,2021,18,1
00-0034753,2019,10,2
00-0033338,2020,3,1
00-0035341,2023,16,2
00-0031544,2022,8,1
,2024,2,30
00-0039849,2024,4,1
00-0038640,2024,6,2
00-0034286,2022,17,2
00-0039901,2024,17,2
00-0027696,2020,1,3
00-0036309,2022,9,2
00-0036550,2024,19,1
00-0035689,2022,10,2
00-0036984,2024,18,1
00-0034439,2019,5,1
00-0033282,2019,15,2
00-0032765,2020,13,1
00-0036233,2021,18,1
00-0036875,2022,6,2
,2022,1,12
00-0032775,2023,16,1
00-0035006,2019,9,2
00-0034351,2024,13,2
00-0033897,2022,15,1
00-0037005,2021,6,1
00-0039075,2024,14,3
00-0036980,2021,1,1
00-0036534,2025,16,1
00-0035261,2023,13,3
00-0036415,2020,2,1
00-0033908,2021,19,2
00-0036414,2020,17,1
00-0033576,2025,3,1
00-0036290,2024,1,1
00-0039793,2025,14,2
00-0033895,2022,13,1
00-0034981,2024,8,1
00-0030506,2019,8,2
00-0036387,2020,8,2
00-0034011,2021,5,1
00-0033896,2021,10,3
00-0035644,2019,1,1
00-0036360,2022,3,1
00-0030549,2020,16,2
00-0033699,2022,17,1
00-0036322,2025,2,1
00-0037741,2022,2,3
00-0036900,2024,14,3
00-0036613,2021,6,2
00-0035594,2021,13,1
00-0030470,2020,17,1
00-0036924,2022,9,1
00-0033040,2023,1,4
00-0039342,2024,7,1
00-0031381,2024,17,1
00-0036900,2025,5,1
00-0038129,2025,14,1
00-0033908,2021,5,1
00-0034753,2025,13,1
00-0038563,2023,7,1
00-0032385,2025,8,1
00-0034364,2024,18,2
00-0033955,2021,15,1
00-0030506,2025,9,2
00-0038720,2025,4,1
00-0035685,2022,8,1
00-0035273,2021,18,1
00-0035414,2020,16,1
00-0030279,2020,3,4
00-0029632,2020,3,1
00-0037013,2021,15,1
00-0034983,2021,16,1
00-0038619,2023,6,1
00-0037256,2023,20,1
00-0036988,2024,1,2
00-0035500,2024,4,1
00-0034827,2024,15,1
00-0040718,2025,4,1
00-0033090,2025,22,1
00-0031610,2019,2,1
00-0032464,2022,12,3
00-0034301,2021,4,1
00-0036422,2021,8,3
00-0029293,2022,18,1
00-0027793,2020,17,2
00-0035664,2020,7,1
00-0034960,2022,15,1
00-0036913,2022,22,1
00-0031544,2023,9,1
00-0039901,2024,21,1
00-0040130,2025,12,2
00-0033110,2021,16,1
00-0036020,2020,15,1
00-0036247,2020,14,2
00-0033891,2020,17,1
00-0038794,2023,8,1
00-0030456,2019,6,1
00-0033280,2019,15,1
00-0033536,2020,5,1
00-0033757,2021,8,1
00-0035676,2024,11,1
00-0035689,2021,12,2
00-0035719,2024,8,1
00-0033045,2021,5,1
00-0040583,2025,10,1
00-0033118,2022,9,1
00-0030564,2020,15,3
00-0038393,2023,13,1
00-0036158,2024,4,1
,2021,15,16
00-0030564,2022,7,1
00-0029738,2019,12,1
00-0031598,2020,6,1
00-0033932,2019,9,2
00-0035250,2021,1,1
00-0033908,2022,8,2
00-0035222,2022,10,1
00-0031588,2022,11,2
00-0035640,2019,15,1
00-0036422,2020,12,1
00-0033885,2023,8,4
00-0029293,2019,7,5
00-0030404,2020,6,1
00-0033895,2022,4,1
00-0033090,2024,1,1
00-0036244,2025,17,1
00-0031544,2024,13,1
00-0030061,2019,5,1
00-0034104,2022,2,1
00-0034972,2021,9,1
00-0038394,2023,12,1
00-0033858,2025,13,1
00-0027891,2020,8,1
00-0037005,2024,18,1
00-0036259,2025,11,1
00-0037261,2024,9,2
00-0028237,2021,4,1
00-0036741,2023,12,1
00-0037231,2025,17,1
00-0037291,2025,1,1
00-0034830,2022,18,2
00-0035140,2021,7,1
,2019,15,13
00-0035480,2020,7,1
00-0035480,2021,1,2
00-0034365,2021,1,1
00-0039064,2023,7,1
00-0032104,2024,17,1
00-0034827,2025,8,1
00-0038573,2024,6,1
00-0032187,2020,13,1
00-0033282,2022,15,1
00-0027061,2019,12,3
00-0039849,2025,4,1
00-0027891,2019,16,2
00-0027656,2021,3,2
00-0033045,2023,15,1
00-0036133,2022,11,1
00-0034365,2020,17,2
00-0037267,2023,2,1
00-0035719,2020,6,1
00-0030564,2020,13,2
00-0027981,2021,4,1
00-0033382,2020,17,1
00-0029239,2022,1,1
00-0037256,2022,16,1
00-0035329,2023,4,1
00-0033699,2024,7,1
00-0036963,2024,10,1
,2024,6,23
00-0035624,2019,15,1
00-0030061,2023,6,1
,2024,8,15
00-0034297,2020,21,1
00-0036252,2023,4,2
00-0037614,2023,4,1
00-0032464,2024,20,1
00-0033045,2020,2,1
00-0037261,2022,19,1
00-0035215,2023,6,1
00-0034386,2023,12,1
00-0035500,2023,17,1
00-0035222,2022,4,1
00-0034348,2021,5,2
00-0036196,2022,14,1
00-0039356,2024,18,1
00-0036410,2025,4,2
00-0040715,2025,5,1
00-0033288,2025,13,1
00-0038544,2025,3,3
00-0040164,2025,3,1
00-0039139,2024,13,1
00-0030431,2020,8,2
00-0036936,2022,8,1
00-0031381,2020,7,3
00-0036554,2025,14,1
00-0033854,2021,18,1
00-0030279,2025,2,1
00-0038997,2024,11,1
00-0031547,2019,9,1
00-0034775,2022,6,1
00-0022921,2020,10,1
00-0031570,2019,11,1
00-0030035,2022,3,2
00-0037475,2023,10,1
00-0038498,2024,17,1
00-0039065,2025,3,1
00-0036360,2020,7,2
00-0038933,2025,3,3
00-0039065,2023,4,1
00-0030061,2024,18,3
00-0033885,2022,18,1
00-0035719,2023,3,3
00-0035640,2023,6,2
00-0036265,2021,5,2
00-0035345,2022,1,1
00-0030564,2019,9,1
00-0030108,2021,4,2
00-0033943,2024,1,1
00-0031941,2021,10,1
00-0035685,2019,13,1
00-0039361,2024,12,2
00-0030525,2021,8,1
00-0030549,2020,2,3
00-0034411,2022,3,3
00-0033881,2022,5,1
00-0037098,2022,9,1
00-0034753,2022,14,1
00-0030279,2022,18,3
00-0034777,2019,17,1
00-0037744,2025,7,3
00-0040009,2025,9,1
00-0031544,2019,3,2
00-0031595,2021,15,1
00-0034279,2022,11,1
00-0033555,2021,15,1
00-0037238,2022,13,1
00-0037239,2022,3,1
00-0031387,2019,10,5
00-0031384,2020,12,1
00-0033282,2020,11,3
00-0031235,2024,7,1
00-0031381,2024,10,4
00-0030108,2019,12,1
00-0038621,2024,16,1
00-0034383,2025,16,1
00-0037078,2023,2,1
00-0033045,2021,15,2
00-0040170,2025,3,2
00-0033572,2022,20,1
00-0039901,2025,13,1
00-0030181,2019,1,1
00-0033217,2020,2,1
00-0037816,2024,7,1
00-0039894,2024,22,1
00-0027981,2019,7,1
00-0030663,2020,3,1
00-0031381,2019,17,3
00-0035261,2021,16,1
00-0033943,2023,14,1
00-0039890,2025,13,2
00-0032775,2025,15,1
00-0030549,2019,4,2
00-0033699,2021,3,1
00-0034753,2021,4,3
00-0036422,2022,5,1
00-0033757,2022,12,1
00-0037240,2023,16,3
00-0036973,2024,1,1
00-0033288,2025,8,1
00-0036550,2025,17,1
00-0027150,2019,14,2
00-0037744,2025,3,2
00-0034837,2020,3,2
00-0034115,2020,3,2
00-0030506,2022,20,4
00-0036326,2023,2,1
00-0035640,2023,15,1
00-0034419,2022,1,1
00-0034411,2021,9,1
00-0034830,2022,1,2
00-0031325,2022,9,3
00-0036906,2023,16,1
00-0036322,2021,3,3
00-0035208,2024,21,1
00-0031408,2020,3,2
00-0038115,2025,10,2
00-0035547,2022,4,1
00-0035229,2021,1,3
00-0033307,2019,1,1
00-0027061,2019,5,2
00-0025418,2020,8,2
00-0038542,2023,18,3
00-0035216,2023,1,1
00-0037664,2023,13,2
00-0040202,2025,9,1
00-0033009,2020,17,1
00-0036427,2024,13,1
00-0038129,2023,1,1
00-0033439,2024,14,1
00-0035229,2022,1,1
00-0033536,2022,18,2
00-0033282,2023,5,1
00-0035644,2023,17,1
00-0036997,2025,5,1
00-0033090,2024,6,1
00-0039146,2024,11,1
00-0032385,2020,9,1
00-0035414,2021,2,1
00-0035659,2025,8,1
00-0034827,2023,14,4
00-0038542,2024,9,1
00-0036415,2021,7,2
00-0030035,2020,17,1
00-0035676,2023,11,1
00-0030578,2021,9,1
00-0036040,2025,1,2
00-0033856,2019,14,1
00-0034791,2019,10,1
,2019,3,19
00-0031585,2023,13,1
00-0029738,2019,5,2
00-0039424,2025,1,1
00-0035345,2021,12,1
00-0036275,2021,17,1
00-0035719,2021,18,1
00-0036973,2025,12,1
00-0033857,2024,12,1
00-0039065,2023,6,1
00-0033572,2023,7,1
00-0036322,2021,9,3
00-0034860,2024,13,1
00-0037005,2021,8,1
00-0030074,2022,9,1
00-0038597,2024,14,2
00-0034418,2020,5,2
00-0035639,2021,3,1
00-0036493,2022,15,1
00-0031549,2023,4,1
00-0037809,2024,8,1
00-0031236,2024,18,4
00-0033858,2021,12,1
00-0028097,2021,3,1
00-0031763,2021,11,1
00-0033357,2023,1,1
00-0035676,2023,7,1
00-0036326,2022,6,1
00-0031588,2019,10,1
00-0035689,2022,15,1
,2023,13,20
00-0038705,2023,17,1
00-0034837,2024,17,1
00-0037740,2025,5,2
00-0037228,2025,16,1
00-0033891,2019,9,1
00-0036613,2021,16,1
00-0038543,2023,8,1
00-0035659,2023,8,2
00-0034383,2024,13,1
00-0036410,2025,17,1
00-0037276,2023,15,1
00-0035547,2024,8,1
00-0032765,2019,11,3
00-0040648,2025,9,1
00-0038809,2024,8,1
00-0031408,2019,6,5
00-0033893,2022,4,1
00-0038997,2025,15,1
00-0033897,2023,5,2
00-0031339,2019,1,2
00-0036425,2022,16,1
00-0037239,2023,2,2
00-0034975,2025,4,1
00-0037304,2025,7,1
00-0031544,2022,14,2
00-0033921,2023,9,2
00-0031376,2021,6,1
00-0033288,2021,9,1
00-0030506,2022,14,1
00-0030279,2019,17,1
00-0031558,2020,14,1
00-0035676,2021,16,2
00-0033556,2019,14,1
00-0031062,2019,14,1
00-0033891,2020,4,1
00-0034440,2021,17,2
00-0034348,2019,6,1
00-0031610,2019,8,1
00-0034411,2020,9,1
00-0032765,2020,9,1
00-0033885,2021,12,1
00-0034764,2022,8,1
00-0038996,2023,12,2
00-0031588,2019,9,1
00-0036626,2024,2,2
00-0038794,2024,8,1
00-0030564,2024,9,2
00-0033293,2024,14,1
00-0039868,2024,15,1
00-0036309,2020,9,2
00-0040198,2025,8,1
00-0033375,2019,11,4
00-0034386,2024,8,1
00-0038977,2024,10,1
00-0033009,2022,4,1
00-0033955,2024,11,1
00-0034753,2021,12,1
00-0036139,2025,10,1
00-0039359,2025,20,1
00-0035229,2020,14,3
00-0038542,2024,1,1
00-0031806,2022,15,1
00-0032464,2024,2,1
00-0030821,2019,8,1
00-0033282,2019,10,1
00-0031941,2022,2,1
00-0036182,2021,1,1
00-0033757,2022,9,1
00-0036040,2025,9,1
00-0032385,2024,5,1
00-0040122,2025,12,1
00-0040719,2025,15,1
00-0034777,2020,1,1
00-0036290,2020,3,1
00-0035350,2021,11,1
00-0033895,2019,2,3
00-0035640,2024,7,1
00-0032009,2020,13,2
00-0033280,2022,2,1
00-0031588,2025,20,1
00-0038129,2022,17,3
00-0033474,2020,17,1
00-0035676,2022,11,1
00-0036332,2021,15,1
00-0032385,2023,2,1
00-0039868,2025,5,2
00-0036252,2022,17,3
00-0032765,2023,2,1
00-0036223,2025,2,1
00-0033040,2024,11,3
00-0034928,2022,17,1
00-0037240,2025,18,1
00-0033288,2019,15,4
00-0033896,2020,6,1
00-0037005,2023,5,1
00-0034827,2019,10,2
00-0035689,2021,11,2
00-0036894,2021,3,2
00-0033681,2020,5,1
00-0033110,2020,17,1
00-0038129,2023,9,3
00-0035261,2022,10,1
00-0032211,2022,8,1
00-0038465,2023,14,2
00-0036331,2022,13,1
00-0032464,2021,2,1
00-0034798,2022,9,1
00-0035662,2019,1,1
00-0032977,2020,14,2
00-0034367,2020,17,2
00-0032741,2021,17,1
00-0033681,2022,3,2
00-0038559,2023,17,3
00-0033854,2019,14,1
00-0033040,2023,18,2
00-0033921,2021,2,1
00-0036894,2025,18,1
00-0032775,2023,13,1
00-0033699,2019,1,1
00-0031257,2019,12,1
00-0032543,2019,16,3
00-0036268,2021,18,2
00-0034827,2023,1,1
00-0038935,2024,15,1
00-0027656,2021,8,1
00-0032778,2019,16,1
00-0033293,2024,2,3
00-0037741,2023,18,1
00-0036360,2021,15,1
00-0030300,2019,7,1
00-0039075,2024,16,2
00-0031544,2020,16,2
00-0036626,2025,7,1
00-0035229,2023,1,1
00-0028411,2019,1,1
00-0034829,2021,15,1
00-0039144,2023,10,2
00-0032394,2019,13,1
00-0036358,2021,4,1
00-0038543,2024,15,2
00-0031319,2021,5,1
00-0033375,2021,18,1
00-0036139,2025,16,1
00-0036963,2021,14,1
00-0037267,2023,15,1
00-0037256,2022,6,2
00-0039342,2025,11,1
00-0034972,2021,8,1
00-0031273,2021,19,1
00-0036252,2025,12,3
00-0036912,2025,12,1
00-0033943,2025,5,2
00-0034765,2019,1,1
00-0034383,2020,11,3
00-0030710,2020,18,1
00-0036727,2025,7,1
00-0033885,2021,9,3
00-0036196,2020,13,1
00-0027685,2020,5,3
00-0030564,2023,4,2
00-0038041,2025,14,2
00-0033387,2019,17,3
00-0038393,2024,4,3
00-0034411,2020,2,2
00-0040138,2025,10,1
00-0033891,2020,2,1
00-0030470,2019,9,4
00-0035537,2024,8,1
00-0040124,2025,2,2
00-0040189,2025,6,3
00-0033881,2025,20,1
00-0030431,2019,17,2
00-0034521,2021,15,2
00-0034487,2024,8,1
00-0036252,2022,6,1
00-0036997,2025,11,1
00-0034348,2022,12,2
00-0036232,2020,12,1
00-0034370,2020,8,2
00-0032464,2022,15,1
00-0032782,2019,11,1
00-0035659,2022,4,2
00-0034521,2020,14,1
00-0035535,2022,19,1
00-0036894,2023,3,1
00-0031570,2019,1,2
00-0032063,2021,5,1
00-0038543,2025,5,1
00-0036008,2020,17,1
00-0035719,2024,5,1
00-0034753,2022,4,2
00-0036919,2025,13,1
00-0030279,2025,16,1
00-0034301,2020,16,1
00-0037256,2025,17,1
00-0037755,2022,18,2
00-0034686,2019,5,3
00-0036980,2021,12,1
00-0030035,2021,3,2
00-0029892,2019,15,1
00-0033591,2025,14,1
00-0036355,2021,13,1
00-0029000,2021,6,1
00-0035298,2023,8,1
00-0031549,2023,20,1
00-0039338,2025,9,5
00-0033879,2022,11,1
00-0040164,2025,9,1
00-0031428,2020,4,1
00-0033376,2022,3,1
00-0033895,2022,12,2
00-0036970,2024,13,2
00-0031549,2019,3,3
00-0030300,2019,3,2
00-0036754,2022,11,1
00-0030456,2021,10,2
00-0027966,2019,11,2
00-0035535,2020,1,3
00-0033090,2021,9,2
00-0036554,2022,13,2
00-0038597,2024,5,2
00-0038124,2024,9,2
00-0034159,2019,3,1
00-0031285,2019,10,1
00-0034081,2020,16,1
00-0031273,2021,3,1
00-0036309,2025,18,2
00-0033528,2019,3,1
00-0033009,2022,16,1
00-0030279,2019,1,3
00-0029632,2020,12,2
00-0036429,2020,13,1
00-0036345,2021,6,2
00-0033536,2019,17,1
00-0034411,2022,14,1
00-0033925,2021,18,1
00-0034339,2019,1,2
00-0033282,2020,9,3
00-0032063,2020,12,1
00-0031273,2021,16,1
00-0032063,2020,5,1
00-0030821,2019,13,1
00-0033217,2021,11,1
00-0034370,2020,16,2
00-0037005,2021,10,1
00-0034383,2020,14,2
00-0027942,2021,1,1
00-0036232,2022,6,1
00-0033897,2022,9,3
00-0037078,2022,7,1
00-0037382,2022,12,1
00-0034829,2022,12,1
00-0036900,2023,8,2
00-0031376,2022,14,1
00-0038994,2024,7,1
00-0032392,2020,19,1
00-0037840,2024,9,1
00-0036326,2021,19,1
00-0033293,2020,3,2
00-0029000,2020,1,1
00-0028002,2020,4,1
00-0037240,2024,1,1
00-0037740,2023,14,2
00-0039064,2025,17,3
00-0035140,2023,20,1
00-0030035,2023,9,2
00-0037238,2025,16,1
00-0031598,2019,9,1
00-0036145,2020,3,1
00-0035287,2019,6,1
00-0028002,2023,6,1
00-0034646,2020,3,1
00-0038124,2023,11,2
00-0033040,2021,8,3
00-0032398,2022,18,1
00-0035659,2023,11,1
00-0039342,2025,5,1
00-0030279,2021,12,1
00-0034411,2019,11,1
00-0034351,2019,9,1
00-0034775,2019,9,1
00-0037292,2024,4,1
00-0031235,2019,16,1
00-0034753,2019,11,1
00-0031428,2020,16,2
00-0027061,2020,8,2
00-0032141,2022,11,1
00-0035140,2021,15,1
00-0038124,2022,5,1
00-0030663,2019,12,2
00-0034115,2022,18,1
00-0037228,2023,10,1
00-0036527,2024,8,1
00-0038606,2024,17,2
00-0039075,2023,17,1
00-0032385,2020,1,2
00-0036862,2023,1,1
00-0036252,2023,10,1
00-0034613,2024,9,2
00-0033891,2025,10,1
00-0038783,2024,8,1
00-0036963,2023,11,4
00-0022127,2019,3,1
00-0035125,2020,2,1
00-0033455,2020,11,2
00-0032775,2022,2,2
00-0024243,2022,16,1
00-0036331,2022,8,1
00-0035562,2021,7,1
00-0031387,2020,10,1
00-0033572,2021,8,2
00-0033943,2022,4,3
00-0036900,2022,20,2
,2022,3,17
00-0034970,2023,9,3
00-0036364,2020,15,1
00-0040729,2025,5,1
00-0031610,2021,3,1
00-0034386,2022,7,1
00-0039880,2025,3,1
00-0040666,2025,14,1
00-0034775,2020,6,1
00-0030506,2019,9,2
00-0031544,2019,10,2
00-0033895,2020,7,1
00-0034351,2021,7,1
00-0034418,2021,12,1
00-0037545,2023,9,1
00-0038996,2024,1,2
00-0036322,2024,19,1
00-0034270,2021,16,1
00-0033881,2022,13,2
00-0038997,2025,6,4
00-0035311,2021,5,1
00-0033466,2022,3,2
00-0035719,2019,9,2
00-0028142,2019,6,1
00-0033854,2022,7,1
00-0033895,2024,3,1
00-0036849,2024,4,1
00-0033699,2024,21,1
00-0031236,2022,4,1
00-0038120,2025,8,1
00-0034351,2024,12,2
00-0031484,2022,5,1
00-0027656,2020,4,1
00-0033921,2019,3,1
00-0036637,2024,11,2
00-0034132,2021,15,1
00-0036196,2020,8,1
00-0033950,2019,4,1
00-0033045,2019,5,1
00-0033466,2019,9,1
00-0035662,2020,16,2
00-0035640,2019,9,2
00-0032980,2020,5,1
00-0036290,2021,14,1
00-0035250,2020,15,1
00-0032134,2019,5,2
00-0030061,2021,6,1
00-0036165,2023,17,1
00-0033045,2021,10,1
00-0032381,2021,17,1
00-0036654,2021,18,1
00-0031763,2024,8,1
00-0033906,2024,10,2
00-0034854,2024,17,1
00-0030506,2024,22,1
00-0033040,2023,11,2
00-0034830,2021,9,2
00-0036290,2025,3,1
00-0036626,2024,20,1
00-0036219,2021,10,1
00-0035689,2024,15,1
00-0036887,2025,13,1
00-0036309,2021,11,1
00-0029293,2022,17,2
00-0035535,2020,2,1
00-0038621,2025,7,1
00-0035250,2019,13,1
00-0034983,2021,1,2
00-0034411,2020,13,2
00-0037840,2023,13,1
00-0036554,2022,10,3
00-0038040,2023,7,1
00-0038994,2023,5,3
00-0036322,2023,15,1
00-0034301,2021,11,1
00-0030506,2024,14,2
00-0039062,2023,13,1
00-0032128,2019,9,1
00-0034983,2021,3,1
00-0034081,2020,14,1
00-0034960,2025,12,2
00-0034830,2020,13,2
00-0034104,2020,13,1
00-0031588,2020,6,1
00-0036309,2021,1,1
00-0027061,2021,4,1
00-0033885,2022,7,1
00-0022127,2019,6,1
,2022,19,10
00-0039907,2024,2,1
00-0039356,2024,4,1
00-0033943,2021,13,1
00-0028002,2022,5,3
00-0032385,2024,9,1
00-0034837,2019,11,1
00-0029000,2020,3,1
00-0035269,2021,22,1
00-0039236,2024,10,1
00-0039337,2024,12,1
00-0036247,2020,4,1
00-0035662,2021,18,2
00-0038134,2024,7,1
00-0033908,2024,14,1
00-0036894,2024,15,2
00-0035273,2021,15,1
00-0035229,2024,18,1
00-0034378,2020,17,1
00-0034970,2022,1,1
00-0036196,2022,18,2
00-0039139,2023,17,1
00-0036924,2023,18,1
00-0034367,2021,12,1
00-0029000,2021,13,1
00-0038496,2023,12,1
00-0032392,2022,2,1
00-0036555,2021,18,1
00-0034960,2024,3,3
00-0037348,2024,3,1
00-0035249,2022,7,1
00-0035685,2024,13,1
00-0036554,2025,10,7
00-0038606,2025,12,2
00-0036250,2021,18,1
00-0040718,2025,7,2
00-0034351,2022,22,1
00-0039894,2025,7,1
00-0033906,2021,7,1
00-0035537,2025,1,1
00-0034764,2021,12,1
00-0033040,2021,19,2
00-0033118,2021,7,1
00-0035341,2023,10,1
00-0037197,2023,17,3
00-0031585,2021,7,2
00-0022127,2019,15,1
00-0036936,2021,1,1
00-0036893,2022,1,1
00-0031045,2019,13,1
00-0033376,2019,1,1
00-0033288,2022,3,1
00-0034272,2022,10,1
00-0037256,2024,8,1
00-0037256,2025,3,1
00-0038129,2022,13,1
00-0033725,2021,18,3
00-0030279,2020,5,1
00-0036893,2023,7,1
00-0032257,2019,8,1
00-0027944,2022,8,3
00-0036894,2022,2,1
